4.65,-69.1,2025-06-24,12:34:56,0,6,1.57,0,0,90,158.5,56.62,94.22,50.89,3.36,1002.66,24.89
4.73726,-69.1008,2025-06-24,12:34:56,0.1,9,0.82,1.31,0.22,91.14,167.42,83.66,24.3,66.38,3,954.33,23.84
4.8245,-69.103,2025-06-24,12:34:56,0.2,11,0.8,2.61,0.44,92.28,16.89,105.23,158.45,60.16,2.95,987.58,33.98
4.91168,-69.1069,2025-06-24,12:34:56,0.3,8,1.16,3.91,0.66,93.42,4.43,162.96,0.21,164.13,1.33,1003.66,27.74
4.99878,-69.1122,2025-06-24,12:34:56,0.4,12,0.95,5.2,0.88,94.56,137.49,170.04,161.45,76.09,4.08,1038.61,24.76
5.08578,-69.119,2025-06-24,12:34:56,0.5,12,1.08,6.47,1.1,95.7,89.91,68.71,161.98,53.37,-1.72,1038.2,27.61
5.17264,-69.1274,2025-06-24,12:34:56,0.6,6,0.53,7.73,1.32,96.84,6.43,152.14,58.94,7.48,-1.77,993.31,25.68
5.25935,-69.1373,2025-06-24,12:34:56,0.7,8,1.77,8.96,1.54,97.97,31.6,163.44,108.8,153.44,-4.36,980.21,21.19
5.34587,-69.1487,2025-06-24,12:34:56,0.8,8,0.66,10.17,1.75,99.11,170.46,102.23,162,40.74,2.63,982.13,30.66
5.43217,-69.1616,2025-06-24,12:34:56,0.9,12,1.42,11.35,1.97,100.25,51.24,132.3,63.01,29.19,-4.33,991.84,32.11
5.51824,-69.176,2025-06-24,12:34:56,1,11,0.91,12.5,2.19,101.39,80.13,42.57,154.06,113,2.07,984.66,26.18
5.60404,-69.1919,2025-06-24,12:34:56,1.1,7,1.39,13.62,2.4,102.53,143.2,150.42,97.67,137.01,-4.5,1001.95,23.28
5.68956,-69.2093,2025-06-24,12:34:56,1.2,7,1.5,14.69,2.62,103.66,111.52,169.89,99.92,52.29,4,1031.97,28.38
5.77476,-69.2281,2025-06-24,12:34:56,1.3,12,1.18,15.73,2.83,104.8,38.93,136.06,76.9,15.11,4.03,984.41,23.56
5.85961,-69.2485,2025-06-24,12:34:56,1.4,7,1.2,16.73,3.05,105.94,59.69,178.96,131.26,44.8,4.84,1032.41,22.9
5.9441,-69.2704,2025-06-24,12:34:56,1.5,9,0.85,17.68,3.26,107.07,72.88,166.91,81,54.02,-0.46,958.46,24.81
6.02819,-69.2937,2025-06-24,12:34:56,1.6,6,1.39,18.58,3.47,108.21,91.26,23.64,157.01,120.67,2.56,978.86,29.86
6.11186,-69.3185,2025-06-24,12:34:56,1.7,6,1.26,19.43,3.68,109.34,88.85,86.02,172.4,63.73,-2.04,1027.36,26.93
6.19508,-69.3447,2025-06-24,12:34:56,1.8,8,1.49,20.23,3.89,110.47,82.51,151.77,35.86,114.39,4.87,1037.67,28.57
6.27784,-69.3724,2025-06-24,12:34:56,1.9,8,1.56,20.97,4.09,111.6,179.07,89.73,79.71,160.09,1.07,1008.12,26.6
6.3601,-69.4015,2025-06-24,12:34:56,2,10,1.59,21.65,4.3,112.74,31.67,122.8,117.6,104.4,-4.35,1013.57,28.04
6.44184,-69.4321,2025-06-24,12:34:56,2.1,9,1.01,22.28,4.5,113.87,54.57,127.78,175.9,142.62,0.3,986.17,22.07
6.52303,-69.4641,2025-06-24,12:34:56,2.2,9,1.07,22.84,4.71,115,65.44,156.02,159.56,34.97,1.99,984.97,34.21
6.60366,-69.4975,2025-06-24,12:34:56,2.3,10,1.7,23.34,4.91,116.13,172.47,145.25,17.32,35.02,3.71,956.47,20.6
6.68368,-69.5323,2025-06-24,12:34:56,2.4,10,1.9,23.78,5.11,117.25,137.37,44.1,118.95,25.94,-3.28,1038.91,23.42
6.76309,-69.5685,2025-06-24,12:34:56,2.5,10,0.88,24.15,5.31,118.38,67.98,89.47,165.26,17.54,3.31,961.64,34.5
6.84186,-69.606,2025-06-24,12:34:56,2.6,10,1.01,24.45,5.5,119.51,97.11,2.28,29.57,149.48,4.08,1016.53,22.35
6.91995,-69.645,2025-06-24,12:34:56,2.7,8,0.69,24.69,5.7,120.63,109.83,17.42,76.44,39.99,-2.1,1028,23.46
6.99736,-69.6853,2025-06-24,12:34:56,2.8,12,1.06,24.86,5.89,121.76,151.3,52.95,35.67,85.96,-2.02,993.52,30.7
7.07405,-69.7269,2025-06-24,12:34:56,2.9,11,1.22,24.97,6.08,122.88,153.66,49.18,7.69,144.93,-2.36,1028.71,28.83
7.15,-69.7699,2025-06-24,12:34:56,3,11,1.36,25,6.27,124,62.35,149.98,86.17,43.49,-3.3,1020.92,25.76
7.22519,-69.8142,2025-06-24,12:34:56,3.1,6,0.92,24.97,6.46,125.12,55.61,66.99,165.58,40.37,-3.06,1049.78,23.68
7.2996,-69.8598,2025-06-24,12:34:56,3.2,6,0.92,24.86,6.64,126.24,154.47,47.62,82.89,151.24,0.64,1038.07,22.67
7.3732,-69.9066,2025-06-24,12:34:56,3.3,11,0.91,24.69,6.82,127.36,172.35,58.96,86.23,1.82,-4.16,988.71,31.79
7.44596,-69.9548,2025-06-24,12:34:56,3.4,11,0.79,24.45,7,128.47,65.97,123.19,141.85,104.26,-0.1,1009.31,34.03
7.51788,-70.0042,2025-06-24,12:34:56,3.5,10,1.32,24.15,7.18,129.59,109.46,52.99,61.77,132.01,4.31,1011.55,24.64
7.58893,-70.0549,2025-06-24,12:34:56,3.6,7,1.2,23.78,7.35,130.7,94.28,80.96,161.6,124.22,-3.59,1037.13,24.95
7.65908,-70.1068,2025-06-24,12:34:56,3.7,9,1.96,23.34,7.53,131.81,67.13,40.96,130.98,109.45,2.44,1035.02,34.54
7.72831,-70.1599,2025-06-24,12:34:56,3.8,11,0.93,22.84,7.7,132.93,119.73,147.79,99.79,10.75,4.98,975.91,26.22
7.7966,-70.2143,2025-06-24,12:34:56,3.9,11,1.12,22.28,7.86,134.03,42.57,2.31,48.4,117.44,0.46,1012.92,30.24
7.86394,-70.2698,2025-06-24,12:34:56,4,8,1.04,21.65,8.03,135.14,8.71,160.18,75.65,37.59,-1.18,1033.11,30.12
7.9303,-70.3265,2025-06-24,12:34:56,4.1,10,1.57,20.97,8.19,136.25,69.58,64.21,95.67,81.7,-1.36,970.88,33.98
7.99565,-70.3843,2025-06-24,12:34:56,4.2,6,1.58,20.23,8.35,137.35,174.17,103.69,83.52,63.87,-0.77,1003.19,27.57
8.05999,-70.4432,2025-06-24,12:34:56,4.3,12,1.75,19.43,8.51,138.46,71.05,96.73,40.9,17.35,-3.23,979.37,25.9
8.12329,-70.5033,2025-06-24,12:34:56,4.4,6,1.44,18.58,8.66,139.56,55.23,156.37,111.65,166.94,0.6,959.5,29.54
8.18553,-70.5645,2025-06-24,12:34:56,4.5,7,1.98,17.68,8.81,140.66,3.03,106.14,98.33,109.54,-3.99,1000.99,20.3
8.2467,-70.6267,2025-06-24,12:34:56,4.6,11,1.82,16.73,8.96,141.75,84.02,104.49,27.29,27.38,-3.76,1021.79,22.56
8.30677,-70.69,2025-06-24,12:34:56,4.7,6,1.46,15.73,9.1,142.85,122.98,16.88,38.85,87.71,-4.43,1045.04,23.09
8.36572,-70.7543,2025-06-24,12:34:56,4.8,8,1.47,14.69,9.25,143.95,159.63,119.15,121.59,142.6,0.17,1019.08,25.73
8.42355,-70.8197,2025-06-24,12:34:56,4.9,9,1.53,13.62,9.38,145.04,50.6,116.2,144.87,18.03,0.04,1017.59,24.19
8.48022,-70.8861,2025-06-24,12:34:56,5,7,1.61,12.5,9.52,146.13,56.87,57,12.91,139.21,2.5,951.11,23.46
8.53573,-70.9534,2025-06-24,12:34:56,5.1,11,0.92,11.35,9.65,147.22,35.24,136.4,43.8,99.15,0.88,979.99,21.85
8.59005,-71.0217,2025-06-24,12:34:56,5.2,8,1.22,10.17,9.78,148.3,53.09,107.2,111.5,31.67,0.03,1019.45,23.08
8.64318,-71.0909,2025-06-24,12:34:56,5.3,10,1.31,8.96,9.91,149.39,36.12,99.39,83.81,117.62,-3.49,1042.53,30.08
8.69508,-71.1611,2025-06-24,12:34:56,5.4,11,1.59,7.73,10.03,150.47,4.29,69.72,169.75,138.95,3.83,958.8,28.18
8.74576,-71.2321,2025-06-24,12:34:56,5.5,11,1.6,6.47,10.15,151.55,80.62,119.29,23.25,115.75,-1.41,988.86,28.72
8.79519,-71.304,2025-06-24,12:34:56,5.6,10,1.28,5.2,10.26,152.63,172.91,2.82,172.56,62.34,-3.73,1018.68,34.57
8.84335,-71.3768,2025-06-24,12:34:56,5.7,12,1.15,3.91,10.38,153.71,86.04,92.53,22.39,70.8,-3.82,989.74,24.85
8.89024,-71.4504,2025-06-24,12:34:56,5.8,9,1.96,2.61,10.49,154.78,144.53,11.75,76.48,6.11,-4.42,1020,29.86
8.93584,-71.5248,2025-06-24,12:34:56,5.9,8,0.96,1.31,10.59,155.86,49.51,96.44,152.49,45.11,0.66,1036.02,27.82
8.98013,-71.6,2025-06-24,12:34:56,6,10,0.97,0,10.69,156.93,175.51,70.82,95.42,175.95,2.51,1044.51,22.78
9.0231,-71.676,2025-06-24,12:34:56,6.1,6,1.1,-1.31,10.79,158,24.8,131.62,148.6,68.71,-4.89,954.81,31.94
9.06474,-71.7526,2025-06-24,12:34:56,6.2,8,0.73,-2.61,10.88,159.06,66.26,95.19,1.93,163.46,-0.57,998.48,23.05
9.10503,-71.83,2025-06-24,12:34:56,6.3,12,1.33,-3.91,10.98,160.13,30.4,60.05,30.12,138.6,-3.22,1006.59,29.96
9.14397,-71.9081,2025-06-24,12:34:56,6.4,9,1.49,-5.2,11.06,161.19,156.3,140.43,121.73,168.33,3.67,979.75,30.49
9.18154,-71.9869,2025-06-24,12:34:56,6.5,11,1.13,-6.47,11.15,162.25,91.61,26.71,88.28,50.04,1.6,1035.81,30.8
9.21773,-72.0663,2025-06-24,12:34:56,6.6,9,1.18,-7.73,11.23,163.31,138.86,69.9,135.22,10,-3.06,985.71,27.49
9.25252,-72.1463,2025-06-24,12:34:56,6.7,9,0.92,-8.96,11.3,164.36,175.29,99.92,121.08,109.14,2.21,959.94,33.15
9.28592,-72.227,2025-06-24,12:34:56,6.8,12,0.89,-10.17,11.37,165.42,113.81,32.08,7.56,111.76,-3.19,956.75,23.87
9.3179,-72.3082,2025-06-24,12:34:56,6.9,10,1.05,-11.35,11.44,166.47,17.95,71.05,157.09,108.6,-4.88,1034.13,20.75
9.34846,-72.3899,2025-06-24,12:34:56,7,7,0.53,-12.5,11.51,167.52,128.84,156.16,160.29,154.31,-1.42,970.67,32.17
9.37759,-72.4722,2025-06-24,12:34:56,7.1,12,1.87,-13.62,11.57,168.56,160.21,92.45,2.77,81.29,2.44,959.39,26.37
9.40528,-72.5549,2025-06-24,12:34:56,7.2,12,1,-14.69,11.62,169.61,44.82,57.61,89.33,21.59,0.02,975.96,30.53
9.43152,-72.6381,2025-06-24,12:34:56,7.3,6,1.48,-15.73,11.68,170.65,126.35,98,8.08,22.54,3.77,1008.23,24.98
9.45631,-72.7218,2025-06-24,12:34:56,7.4,11,1.67,-16.73,11.72,171.69,86.55,149.94,69,145.67,0.37,996.89,29.05
9.47963,-72.8059,2025-06-24,12:34:56,7.5,11,1.35,-17.68,11.77,172.73,125.65,101.67,158.3,112.41,-1.22,970.49,29.1
9.50148,-72.8904,2025-06-24,12:34:56,7.6,8,0.76,-18.58,11.81,173.76,120.74,82.61,73.96,151.94,-0.31,1028.86,32.71
9.52185,-72.9752,2025-06-24,12:34:56,7.7,9,1.68,-19.43,11.85,174.79,72.82,55.65,89.34,17.82,-0.62,959.51,34.12
9.54074,-73.0604,2025-06-24,12:34:56,7.8,8,1.19,-20.23,11.88,175.83,33.58,171.85,123.67,17.92,-2.19,1034.11,22.12
9.55814,-73.146,2025-06-24,12:34:56,7.9,12,1.87,-20.97,11.91,176.85,66.41,17.69,163.76,77.16,-1.04,985.32,27.83
9.57404,-73.2318,2025-06-24,12:34:56,8,9,1.38,-21.65,11.93,177.88,104.57,156.32,38.46,77.82,-2.59,994.79,27.76
9.58844,-73.3178,2025-06-24,12:34:56,8.1,8,1.52,-22.28,11.96,178.9,136.62,139.84,94.4,42.24,4.6,966.09,32.5
9.60134,-73.4041,2025-06-24,12:34:56,8.2,10,1.15,-22.84,11.97,179.92,29.18,75.61,8.32,47.18,-1.24,970.34,27.07
9.61273,-73.4907,2025-06-24,12:34:56,8.3,6,0.93,-23.34,11.99,180.94,174.22,37.01,61.76,65.22,-3.64,966.84,25.65
9.62261,-73.5774,2025-06-24,12:34:56,8.4,12,0.79,-23.78,11.99,181.96,139.39,171.81,97.8,174.37,3.27,1017.43,32.45
9.63097,-73.6642,2025-06-24,12:34:56,8.5,8,1.95,-24.15,12,182.97,117.68,17.66,104.28,44.19,0.36,957.36,34.86
9.63782,-73.7512,2025-06-24,12:34:56,8.6,8,1.36,-24.45,12,183.98,55.04,141.8,20.77,93.81,-1.78,1025.91,27.44
9.64315,-73.8383,2025-06-24,12:34:56,8.7,7,1.08,-24.69,12,184.99,84.65,81.22,140.98,15.48,-0.43,968.48,29.5
9.64695,-73.9255,2025-06-24,12:34:56,8.8,12,1.35,-24.86,11.99,186,178.59,144.14,23.17,47.26,0.51,983.78,33.47
9.64924,-74.0127,2025-06-24,12:34:56,8.9,8,1.73,-24.97,11.98,187,125.55,19.31,46.97,167,-1.85,963.25,28.01
9.65,-74.1,2025-06-24,12:34:56,9,8,1.98,-25,11.96,188,63.81,177.6,120.04,38.23,3.42,1033.07,29.8
9.64924,-74.1873,2025-06-24,12:34:56,9.1,12,0.74,-24.97,11.94,189,17.86,87.86,97.94,8.23,-3.32,965.81,33.73
9.64695,-74.2745,2025-06-24,12:34:56,9.2,6,1.91,-24.86,11.92,190,130.17,65.54,121.88,54.07,0.97,1032.09,23.08
9.64315,-74.3617,2025-06-24,12:34:56,9.3,10,1.01,-24.69,11.89,190.99,62.53,36.41,59.3,29.22,-2.34,950.47,20.07
9.63782,-74.4488,2025-06-24,12:34:56,9.4,7,0.64,-24.45,11.86,191.98,161.99,101.11,145.81,19.77,-2.91,1023,34.78
9.63097,-74.5358,2025-06-24,12:34:56,9.5,10,1.79,-24.15,11.83,192.97,80.34,150.64,163.11,88.94,-4.74,956.97,29.67
9.62261,-74.6226,2025-06-24,12:34:56,9.6,11,1.05,-23.78,11.79,193.96,79.76,33.51,58.3,80.87,-3.18,1010.92,34.29
9.61273,-74.7093,2025-06-24,12:34:56,9.7,11,1.3,-23.34,11.74,194.94,124.85,110.87,100.91,23.66,-0.43,1029.23,20.94
9.60134,-74.7959,2025-06-24,12:34:56,9.8,11,1.81,-22.84,11.7,195.92,46.44,136.69,117.32,128.35,1.46,1015.39,30.1
9.58844,-74.8822,2025-06-24,12:34:56,9.9,10,0.64,-22.28,11.65,196.9,67.43,138.08,62.82,140.29,-0.03,1044.59,23.17
9.57404,-74.9682,2025-06-24,12:34:56,10,10,1.03,-21.65,11.59,197.88,135.78,5.09,157.16,39.98,-1.18,1006.58,20.35
9.55814,-75.054,2025-06-24,12:34:56,10.1,11,1.32,-20.97,11.53,198.85,23.54,158.07,88.2,46.63,-1.3,986.6,22.86
9.54074,-75.1396,2025-06-24,12:34:56,10.2,6,0.6,-20.23,11.47,199.83,130.27,61.84,88.8,148.11,-2.49,1012.7,22.91
9.52185,-75.2248,2025-06-24,12:34:56,10.3,8,1.1,-19.43,11.4,200.79,160.19,146.08,139.03,146.54,0.37,972.95,28.08
9.50148,-75.3096,2025-06-24,12:34:56,10.4,7,1.9,-18.58,11.33,201.76,50.52,49.24,103.77,48.05,-2.05,967.7,30.42
9.47963,-75.3941,2025-06-24,12:34:56,10.5,10,1.34,-17.68,11.26,202.73,127.24,128.34,118.23,148.52,3.21,1025.97,20.3
9.45631,-75.4782,2025-06-24,12:34:56,10.6,12,1.07,-16.73,11.18,203.69,48.2,46.43,150.11,6.16,3.81,1030.61,34.74
9.43152,-75.5619,2025-06-24,12:34:56,10.7,7,1.26,-15.73,11.1,204.65,30.59,178.89,14.69,10.98,1.88,1023.45,31.57
9.40528,-75.6451,2025-06-24,12:34:56,10.8,10,0.92,-14.69,11.01,205.61,78.63,65.22,32.2,149.58,3.06,994.59,23.79
9.37759,-75.7278,2025-06-24,12:34:56,10.9,11,0.79,-13.62,10.92,206.56,105.64,151.16,99.76,111.22,2.81,972.87,23.7
9.34846,-75.8101,2025-06-24,12:34:56,11,8,1.34,-12.5,10.83,207.52,94.87,150.11,50.18,103.38,-1.58,1021.87,29.38
9.3179,-75.8918,2025-06-24,12:34:56,11.1,7,0.61,-11.35,10.73,208.47,144.02,96.83,67.24,130.79,4.47,974.97,21.02
9.28592,-75.973,2025-06-24,12:34:56,11.2,11,0.95,-10.17,10.63,209.42,68.54,100.75,52.54,50.22,3.86,1045.62,34.19
9.25252,-76.0537,2025-06-24,12:34:56,11.3,9,0.86,-8.96,10.53,210.36,99.66,115.55,28.36,47.36,0.4,986.22,31.53
9.21773,-76.1337,2025-06-24,12:34:56,11.4,8,0.69,-7.73,10.42,211.31,92.63,83.57,175.96,137.56,4.57,1038.56,28.75
9.18154,-76.2131,2025-06-24,12:34:56,11.5,6,0.85,-6.47,10.31,212.25,100.28,95.51,141.76,160.97,-3.61,950.49,34.89
9.14397,-76.2919,2025-06-24,12:34:56,11.6,6,0.92,-5.2,10.2,213.19,10.67,166.14,121.09,121.58,-1.35,1044.9,31.79
9.10503,-76.37,2025-06-24,12:34:56,11.7,6,0.93,-3.91,10.08,214.13,179.06,86.42,0.74,53.11,-1.88,990.18,30.84
9.06474,-76.4474,2025-06-24,12:34:56,11.8,12,1.36,-2.61,9.96,215.06,127.29,19.61,45.44,1.47,1.3,1023.05,32.65
9.0231,-76.524,2025-06-24,12:34:56,11.9,6,1.02,-1.31,9.84,216,150.73,37.51,42.53,41.72,3.52,1048.8,22.25
8.98013,-76.6,2025-06-24,12:34:56,12,10,1.79,0,9.71,216.93,99.39,14.27,107.67,8.01,-4.56,981.21,34.26
8.93584,-76.6752,2025-06-24,12:34:56,12.1,9,1.03,1.31,9.58,217.86,177.02,73.3,163.85,0.58,3.6,1049.36,20.06
8.89024,-76.7496,2025-06-24,12:34:56,12.2,6,1.15,2.61,9.44,218.78,171.87,60.77,9.27,67.2,2.14,1026.3,28.71
8.84335,-76.8232,2025-06-24,12:34:56,12.3,9,0.82,3.91,9.31,219.71,75.23,9.95,177.38,57.28,4.04,972.87,22.93
8.79519,-76.896,2025-06-24,12:34:56,12.4,11,1.54,5.2,9.17,220.63,61.65,152.22,3.69,111.98,0.31,974.65,31.22
8.74576,-76.9679,2025-06-24,12:34:56,12.5,10,0.65,6.47,9.02,221.55,136.6,138.67,23.08,80,3.8,965.05,21.95
8.69508,-77.0389,2025-06-24,12:34:56,12.6,12,1.28,7.73,8.88,222.47,36.83,17.29,161.96,151.66,4.65,974.83,34.22
8.64318,-77.1091,2025-06-24,12:34:56,12.7,12,1.57,8.96,8.73,223.39,121.49,104.42,12.38,5.49,-2.19,1010.11,26.2
8.59005,-77.1783,2025-06-24,12:34:56,12.8,11,1.14,10.17,8.57,224.3,128.81,18.44,105.68,114.88,-3.57,1047.42,25.62
8.53573,-77.2466,2025-06-24,12:34:56,12.9,8,1.93,11.35,8.42,225.22,9.89,155.12,21.34,103.72,-0.4,985.35,23.79
8.48022,-77.3139,2025-06-24,12:34:56,13,6,2,12.5,8.26,226.13,64.1,54.42,62.7,16.34,-0.32,981.27,34.47
8.42355,-77.3803,2025-06-24,12:34:56,13.1,11,0.91,13.62,8.1,227.04,149.19,49.57,136.46,40.17,-2.13,1007.99,21.69
8.36572,-77.4457,2025-06-24,12:34:56,13.2,10,0.88,14.69,7.94,227.95,72.57,142.79,156.45,55.9,4.18,995.48,25.47
8.30677,-77.51,2025-06-24,12:34:56,13.3,12,1.48,15.73,7.77,228.85,127.2,159.96,175.86,58.04,3.96,1031.92,29.99
8.2467,-77.5733,2025-06-24,12:34:56,13.4,10,0.74,16.73,7.6,229.75,5.22,76.31,138.68,134.76,-0.33,1018.51,30.14
8.18553,-77.6355,2025-06-24,12:34:56,13.5,9,0.62,17.68,7.43,230.66,20.8,171.95,107.69,67.66,-4.72,951.88,25.59
8.12329,-77.6967,2025-06-24,12:34:56,13.6,7,0.63,18.58,7.26,231.56,31.82,79.66,165.92,177.23,-0.64,1011.67,33.99
8.05999,-77.7568,2025-06-24,12:34:56,13.7,6,0.56,19.43,7.08,232.46,155.14,18.36,30.75,136.49,0.07,975.65,29.94
7.99565,-77.8157,2025-06-24,12:34:56,13.8,9,1.58,20.23,6.9,233.35,108.54,173.52,63.65,88.83,-1.2,1045.52,21.93
7.9303,-77.8735,2025-06-24,12:34:56,13.9,9,1.5,20.97,6.72,234.25,85.8,12.95,8.03,20.3,-1.8,963.63,24.58
7.86394,-77.9302,2025-06-24,12:34:56,14,10,1.15,21.65,6.54,235.14,13.57,143.73,133.76,127.43,-3.87,1022.39,24.89
7.7966,-77.9857,2025-06-24,12:34:56,14.1,6,1.61,22.28,6.35,236.03,174.49,64.57,79.12,13.37,3.48,1035.52,28.18
7.72831,-78.0401,2025-06-24,12:34:56,14.2,11,1.17,22.84,6.16,236.93,52.94,35.58,140.31,10.98,2.75,999.09,21.34
7.65908,-78.0932,2025-06-24,12:34:56,14.3,9,1.39,23.34,5.97,237.81,139.2,81.41,36.26,74.86,-2.43,1020.53,32.23
7.58893,-78.1451,2025-06-24,12:34:56,14.4,12,1.22,23.78,5.78,238.7,50.38,20.14,150.57,45.84,-2.73,1032.9,22.58
7.51788,-78.1958,2025-06-24,12:34:56,14.5,10,0.67,24.15,5.59,239.59,43.7,169.75,78.07,114.9,1.87,973.58,32.37
7.44596,-78.2452,2025-06-24,12:34:56,14.6,9,1.65,24.45,5.39,240.47,39.02,57.82,38.27,8.44,-0.85,1005.69,31.7
7.3732,-78.2934,2025-06-24,12:34:56,14.7,11,0.59,24.69,5.19,241.36,77.24,146.26,33.77,132.34,1.41,955.15,22.65
7.2996,-78.3402,2025-06-24,12:34:56,14.8,12,0.77,24.86,5,242.24,138.37,30,173,90.14,2.34,996.7,33.22
7.22519,-78.3858,2025-06-24,12:34:56,14.9,10,1.5,24.97,4.79,243.12,33.23,127.4,142.33,36.85,-3.72,1027.87,21.28
7.15,-78.4301,2025-06-24,12:34:56,15,9,0.88,25,4.59,244,106.5,23.67,149.94,60.73,4.74,1024.55,25.66
7.07405,-78.4731,2025-06-24,12:34:56,15.1,8,0.73,24.97,4.39,244.88,51.89,19.86,159.77,10.22,2.64,988.4,34.95
6.99736,-78.5147,2025-06-24,12:34:56,15.2,12,1.87,24.86,4.18,245.76,23.56,90.84,61.86,169.65,2.74,998.66,30.88
6.91995,-78.555,2025-06-24,12:34:56,15.3,11,1.39,24.69,3.98,246.63,26.1,40.33,72.77,18.71,-1.81,1017.13,25.94
6.84186,-78.594,2025-06-24,12:34:56,15.4,11,1.63,24.45,3.77,247.51,158.39,153.18,44.85,29.58,3.86,1015.73,26.93
6.76309,-78.6315,2025-06-24,12:34:56,15.5,10,1.16,24.15,3.56,248.38,156.68,12.42,122.97,83.31,-2.71,990.65,24.58
6.68368,-78.6677,2025-06-24,12:34:56,15.6,8,1.55,23.78,3.35,249.25,4.32,84.21,84.16,117.54,-3.42,1009.27,22.67
6.60366,-78.7025,2025-06-24,12:34:56,15.7,10,0.87,23.34,3.14,250.13,48.68,78.34,145.06,63.51,2.47,1017.27,34.16
6.52303,-78.7359,2025-06-24,12:34:56,15.8,6,0.61,22.84,2.92,251,146.55,20.31,29.69,47.08,2.75,1021.63,29.9
6.44184,-78.7679,2025-06-24,12:34:56,15.9,12,0.86,22.28,2.71,251.87,80.7,7.65,18.14,50.54,3.49,1008.82,33.73
6.3601,-78.7985,2025-06-24,12:34:56,16,10,0.95,21.65,2.49,252.74,10.39,113.62,159.38,53.25,1.41,1026.81,30.37
6.27784,-78.8276,2025-06-24,12:34:56,16.1,7,0.69,20.97,2.28,253.6,25.64,78.41,177.11,111.97,1.17,978.02,24.4
6.19508,-78.8553,2025-06-24,12:34:56,16.2,11,1.02,20.23,2.06,254.47,103.81,43.16,72.12,168.85,4.68,993.55,32.42
6.11186,-78.8815,2025-06-24,12:34:56,16.3,6,0.84,19.43,1.85,255.34,23.78,70.23,76.75,68.28,2.13,956.24,22.34
6.02819,-78.9063,2025-06-24,12:34:56,16.4,11,1.05,18.58,1.63,256.21,37.01,34.42,27.36,177.22,0.87,978.18,31.78
5.9441,-78.9296,2025-06-24,12:34:56,16.5,12,0.83,17.68,1.41,257.07,52.65,23.18,155.03,21.64,1.98,959.81,28.52
5.85961,-78.9515,2025-06-24,12:34:56,16.6,6,1.97,16.73,1.19,257.94,115.18,129.97,40.07,83.24,3.39,1043.23,29.97
5.77476,-78.9719,2025-06-24,12:34:56,16.7,6,1.59,15.73,0.97,258.8,144.66,59.58,48.04,25.16,-4.76,959.16,34.44
5.68956,-78.9907,2025-06-24,12:34:56,16.8,10,1.4,14.69,0.75,259.66,89.91,33.33,48.44,172.88,-2.68,1002.81,32.48
5.60404,-79.0081,2025-06-24,12:34:56,16.9,6,1.2,13.62,0.53,260.53,158.73,43.06,139.13,32.26,-2.26,952.02,30.31
5.51824,-79.024,2025-06-24,12:34:56,17,10,1.8,12.5,0.31,261.39,74.21,20.33,1.7,119.96,-0.82,1048.02,21.38
5.43217,-79.0384,2025-06-24,12:34:56,17.1,10,0.9,11.35,0.09,262.25,41.77,73.12,87.01,61.52,-4.04,964.21,33.13
5.34587,-79.0513,2025-06-24,12:34:56,17.2,11,0.9,10.17,-0.13,263.11,128.96,10.31,136.27,14.18,-1.7,1005.69,21.27
5.25935,-79.0627,2025-06-24,12:34:56,17.3,10,0.63,8.96,-0.35,263.97,160.47,162.61,10.72,61.76,-2.1,966.12,31.85
5.17264,-79.0726,2025-06-24,12:34:56,17.4,10,1.35,7.73,-0.57,264.84,1.83,70.29,168.82,87.46,-1.75,958.65,24.64
5.08578,-79.081,2025-06-24,12:34:56,17.5,9,1.66,6.47,-0.78,265.7,44.48,63.61,125.59,39.35,-2.14,1001.84,31.38
4.99878,-79.0878,2025-06-24,12:34:56,17.6,10,0.77,5.2,-1,266.56,56.08,60.56,111.99,62.72,-3.04,977.22,24.59
4.91168,-79.0931,2025-06-24,12:34:56,17.7,9,1.34,3.91,-1.22,267.42,8.55,129.33,50.47,106.73,4.46,990.43,33.01
4.8245,-79.097,2025-06-24,12:34:56,17.8,12,1.23,2.61,-1.44,268.28,110.9,4.5,21.31,50.06,-0.86,1039.19,29.4
4.73726,-79.0992,2025-06-24,12:34:56,17.9,12,1.56,1.31,-1.66,269.14,174.23,87.96,126.37,137.09,-2,967.05,33.92
4.65,-79.1,2025-06-24,12:34:56,18,6,1.85,0,-1.88,270,116.27,64.99,114.11,110.5,-2.64,1007.58,29.83
4.56274,-79.0992,2025-06-24,12:34:56,18.1,10,1.34,-1.31,-2.09,271.14,110.79,177.72,149.31,171.75,2.86,1043.09,28.36
4.4755,-79.097,2025-06-24,12:34:56,18.2,10,1.36,-2.61,-2.31,272.28,129.04,29.53,109.09,106.92,-0.68,1022.5,29.88
4.38832,-79.0931,2025-06-24,12:34:56,18.3,7,1.84,-3.91,-2.53,273.42,78.92,146.49,10.24,39.93,0.68,988.36,31.22
4.30122,-79.0878,2025-06-24,12:34:56,18.4,6,1.17,-5.2,-2.74,274.56,159.48,19.55,28.07,88.77,-2.34,975.91,30.13
4.21422,-79.081,2025-06-24,12:34:56,18.5,7,1.11,-6.47,-2.95,275.7,176.76,106.91,173.07,40.52,-2.51,1011.96,23.86
4.12736,-79.0726,2025-06-24,12:34:56,18.6,9,0.68,-7.73,-3.17,276.84,3.83,126.38,55.2,175.43,4,995.19,27.37
4.04065,-79.0627,2025-06-24,12:34:56,18.7,8,0.64,-8.96,-3.38,277.97,16.75,52.35,77.68,46.32,3.58,1005.91,20.13
3.95413,-79.0513,2025-06-24,12:34:56,18.8,10,1.02,-10.17,-3.59,279.11,152.47,85.41,170.89,68.9,0.32,997.78,20.32
3.86783,-79.0384,2025-06-24,12:34:56,18.9,9,1.33,-11.35,-3.8,280.25,59.58,63.59,154.17,52.68,0.75,1024.77,25.83
3.78176,-79.024,2025-06-24,12:34:56,19,9,1.88,-12.5,-4.01,281.39,101.12,48.71,31.28,149.89,-4.49,1012.33,30.38
3.69596,-79.0081,2025-06-24,12:34:56,19.1,12,0.79,-13.62,-4.21,282.53,33.82,138.29,24.25,128.47,-2.88,985.36,24.24
3.61044,-78.9907,2025-06-24,12:34:56,19.2,7,1.43,-14.69,-4.42,283.66,31.99,129.93,30.74,50.99,2.37,952.89,22.28
3.52524,-78.9719,2025-06-24,12:34:56,19.3,11,1.85,-15.73,-4.62,284.8,41.16,136.84,24.08,125.84,0.88,976.53,20.33
3.44039,-78.9515,2025-06-24,12:34:56,19.4,9,1.94,-16.73,-4.82,285.94,173.62,135.02,175.85,124.86,0.37,1035.88,31.21
3.3559,-78.9296,2025-06-24,12:34:56,19.5,7,1.86,-17.68,-5.02,287.07,136.96,133.89,57.9,36.41,2.99,1044.11,21.3
3.27181,-78.9063,2025-06-24,12:34:56,19.6,9,1.45,-18.58,-5.22,288.21,57.52,129.89,61.13,108.23,4.1,966.25,32.98
3.18814,-78.8815,2025-06-24,12:34:56,19.7,6,1.17,-19.43,-5.42,289.34,41.91,90.49,11.95,116.66,2.17,978.11,22.55
3.10492,-78.8553,2025-06-24,12:34:56,19.8,6,1.31,-20.23,-5.62,290.47,71.71,18.32,78.84,126.18,-3.8,955.19,20.32
3.02216,-78.8276,2025-06-24,12:34:56,19.9,8,1.27,-20.97,-5.81,291.6,112.5,6.95,148.65,119.07,-4.77,1020.05,29.23
2.9399,-78.7985,2025-06-24,12:34:56,20,8,0.77,-21.65,-6,292.74,99.08,150.17,34.07,36.41,-3.32,1004.83,23.15
2.85816,-78.7679,2025-06-24,12:34:56,20.1,6,0.84,-22.28,-6.19,293.87,93.25,97.18,18.76,77.41,-4.8,1006.23,32.15
2.77697,-78.7359,2025-06-24,12:34:56,20.2,7,0.95,-22.84,-6.38,295,94.65,47.92,85.75,150.84,0.54,1042.41,25.42
2.69634,-78.7025,2025-06-24,12:34:56,20.3,7,1.42,-23.34,-6.56,296.13,111.37,57.23,4.62,142.95,1.42,1000.32,33.83
2.61632,-78.6677,2025-06-24,12:34:56,20.4,6,1.55,-23.78,-6.75,297.25,173.62,134.41,166.32,89.22,-3.07,1033.32,24.33
2.53691,-78.6315,2025-06-24,12:34:56,20.5,8,1.95,-24.15,-6.93,298.38,27.56,67.75,140.92,51.07,2.57,1021.25,27.97
2.45814,-78.594,2025-06-24,12:34:56,20.6,11,1.64,-24.45,-7.1,299.51,155.57,155.89,55.99,141.89,-3.71,994.67,22.88
2.38005,-78.555,2025-06-24,12:34:56,20.7,8,1.03,-24.69,-7.28,300.63,8.78,39.05,173.15,69.85,-2.73,977.75,33.81
2.30264,-78.5147,2025-06-24,12:34:56,20.8,11,1.11,-24.86,-7.45,301.76,97.22,94.58,35.18,113.87,-1.85,1015.66,31.44
2.22595,-78.4731,2025-06-24,12:34:56,20.9,8,1.56,-24.97,-7.62,302.88,178,63,152.76,34.76,2.78,971.43,22.17
2.15,-78.4301,2025-06-24,12:34:56,21,10,0.94,-25,-7.79,304,107.43,125.45,94.62,11.18,-0.43,989.61,27.54
2.07481,-78.3858,2025-06-24,12:34:56,21.1,11,1.61,-24.97,-7.96,305.12,115.56,39.94,55,160.21,3.4,979.1,28.87
2.0004,-78.3402,2025-06-24,12:34:56,21.2,10,1.5,-24.86,-8.12,306.24,74.85,52.22,103.14,154.98,0.44,962.46,24.38
1.9268,-78.2934,2025-06-24,12:34:56,21.3,10,0.81,-24.69,-8.28,307.36,131.58,12.27,52.14,72.7,2.52,1002.94,32.08
1.85404,-78.2452,2025-06-24,12:34:56,21.4,12,1.77,-24.45,-8.44,308.47,21.97,126.23,13.83,95.4,3.41,969.81,34.93
1.78212,-78.1958,2025-06-24,12:34:56,21.5,12,1.31,-24.15,-8.6,309.59,48.4,93.24,160.03,8.83,-4.46,991.56,22.36
1.71107,-78.1451,2025-06-24,12:34:56,21.6,9,1.09,-23.78,-8.75,310.7,149.53,24.17,26.61,85.95,-4.32,1037.15,29.04
1.64092,-78.0932,2025-06-24,12:34:56,21.7,9,1.95,-24.585,-8.9,311.81,107.9,31.12,8.82,123.38,-0.9,1041.01,20.65
1.57169,-78.0401,2025-06-24,12:34:56,21.8,9,1.36,-24.585,-9.04,312.93,48.47,97.83,23.07,175.3,-4.78,992.01,23.15
1.5034,-77.9857,2025-06-24,12:34:56,21.9,7,0.8,-24.585,-9.19,314.03,133.91,66.5,100.17,144.22,2.59,957.22,29.16
1.43606,-77.9302,2025-06-24,12:34:56,22,11,0.59,-24.585,-9.33,315.14,157.98,19.23,152.77,138.91,-3.23,985.27,28.76
1.3697,-77.8735,2025-06-24,12:34:56,22.1,10,0.72,-24.585,-9.46,316.25,46.77,40.72,101.12,173.38,2.59,967.15,22.25
1.30435,-77.8157,2025-06-24,12:34:56,22.2,7,1.18,-24.585,-9.6,317.35,151.29,2.03,77.47,6.79,-4.45,1036.69,25.47
1.24001,-77.7568,2025-06-24,12:34:56,22.3,12,1.9,-24.585,-9.73,318.46,87.54,47.59,125.2,21.42,1.87,992.13,25.53
1.17671,-77.6967,2025-06-24,12:34:56,22.4,12,0.6,-24.585,-9.85,319.56,73.35,144.78,162.24,154.67,-0.33,1006.26,27.74
1.11447,-77.6355,2025-06-24,12:34:56,22.5,10,1.23,-24.585,-9.98,320.66,138.54,6.22,124.4,124.51,2.28,1015.7,29.47
1.0533,-77.5733,2025-06-24,12:34:56,22.6,11,0.55,-24.585,-10.1,321.75,107.56,179.69,46.21,83.87,2.64,1048.23,33.88
0.993231,-77.51,2025-06-24,12:34:56,22.7,7,1.59,-24.585,-10.22,322.85,9.03,105.99,66.59,5.71,2.49,965.69,31.09
0.934276,-77.4457,2025-06-24,12:34:56,22.8,7,1.76,-24.585,-10.33,323.95,109.17,14.13,76.24,121.3,4.59,1046.07,27.77
0.876452,-77.3803,2025-06-24,12:34:56,22.9,8,1.31,-13.62,-10.44,325.04,9.07,33.18,11.06,175.83,-3.97,964.99,32.1
0.819778,-77.3139,2025-06-24,12:34:56,23,7,1.83,-12.5,-10.55,326.13,165.27,127.87,38.51,141.88,2.59,979.83,25.41
0.76427,-77.2466,2025-06-24,12:34:56,23.1,9,0.73,-11.35,-10.65,327.22,155.73,143.75,93.26,124.64,1.59,1041.5,25.96
0.709946,-77.1783,2025-06-24,12:34:56,23.2,10,1.37,-10.17,-10.75,328.3,83.28,59.63,141.78,166.62,2.02,1019.42,24.69
0.656822,-77.1091,2025-06-24,12:34:56,23.3,7,1.05,-8.96,-10.84,329.39,110.47,99.94,123.06,158.51,-0.15,1037.64,33.66
0.604915,-77.0389,2025-06-24,12:34:56,23.4,12,1.24,-7.73,-10.94,330.47,33,108.37,36.32,46.88,-2.84,972.56,30.91
0.55424,-76.9679,2025-06-24,12:34:56,23.5,12,0.54,-6.47,-11.03,331.55,43.78,57.71,43.03,108.24,4.13,958.24,30.2
0.504812,-76.896,2025-06-24,12:34:56,23.6,8,0.77,-5.2,-11.11,332.63,53.51,122.64,39.94,34.3,-2.29,981.18,30.36
0.456647,-76.8232,2025-06-24,12:34:56,23.7,9,0.71,-3.91,-11.19,333.71,23.94,158.72,166.37,151.37,3.71,1025.39,29.75
0.40976,-76.7496,2025-06-24,12:34:56,23.8,6,1.24,-2.61,-11.27,334.78,31.08,73.74,87.91,154.12,-0.37,971.37,20.93
0.364163,-76.6752,2025-06-24,12:34:56,23.9,10,0.68,-1.31,-11.34,335.86,64.68,126.96,172.51,93.07,-0.25,1000.51,26.47
0.319873,-76.6,2025-06-24,12:34:56,24,7,1.45,0,-11.41,336.93,119.4,139.67,83.84,33.61,-1.28,997.02,21.7
0.276901,-76.524,2025-06-24,12:34:56,24.1,12,1.46,1.31,-10.96,338,162.05,88.9,178.45,15.43,-0.58,952.54,30.97
0.235262,-76.4474,2025-06-24,12:34:56,24.2,9,0.96,2.61,-10.96,339.06,130.46,20.73,145.64,139.16,-1.15,1048.8,34.14
0.194967,-76.37,2025-06-24,12:34:56,24.3,12,0.58,3.91,-10.96,340.13,39.82,109.19,134.84,45.08,2.14,1047.07,33.46
0.15603,-76.2919,2025-06-24,12:34:56,24.4,11,0.69,5.2,-10.96,341.19,107.9,137.91,89.81,156.51,1.34,1042.23,24.93
-0.0484631,-76.8508,2025-06-24,12:34:56,25,10,1.52,12.5,-10.96,347.52,26.11,6.96,136.79,169.13,-2.19,989.99,26.27
-0.0775929,-76.8508,2025-06-24,12:34:56,25.1,11,1.34,13.62,-10.96,348.56,77.72,36.24,160.37,119.2,3.03,1037.07,23.26
-0.105283,-76.8508,2025-06-24,12:34:56,25.2,10,1.69,14.69,-10.96,349.61,151.36,65.4,1.63,70.27,-3.48,968.88,26.21
-0.131524,-76.8508,2025-06-24,12:34:56,25.3,9,0.6,15.73,-10.96,350.65,39.11,89.39,5.92,11.15,-3.76,989.41,20.33
-0.156308,-76.8508,2025-06-24,12:34:56,25.4,9,1.5,16.73,-10.96,351.69,148.61,151.4,109.07,123.51,4.97,1011.66,27.77
-0.179629,-76.8508,2025-06-24,12:34:56,25.5,7,1.98,17.68,-10.96,352.73,104.49,127.9,60.27,49.07,-4.75,1019.52,32.91
-0.201479,-76.8508,2025-06-24,12:34:56,25.6,12,0.81,18.58,-10.96,353.76,11.95,90.92,164.28,99.15,-3.67,1017.25,20.31
-0.22185,-76.8508,2025-06-24,12:34:56,25.7,12,1.69,19.43,-10.96,354.79,63.06,121.94,102.83,30.8,-2.75,1021.6,24.41
-0.240738,-76.8508,2025-06-24,12:34:56,25.8,6,1.4,20.23,-10.96,355.83,75.55,57.51,41.9,23.27,0.42,959.62,34.91
-0.258136,-76.8508,2025-06-24,12:34:56,25.9,11,0.63,20.97,-10.96,356.85,166.82,32.36,170.79,114.99,4.02,964.02,24.86
-0.274039,-76.8508,2025-06-24,12:34:56,26,9,1.54,21.65,-10.96,357.88,146.39,153.03,107.04,111.81,0.17,1042.48,24.98
-0.288442,-76.8508,2025-06-24,12:34:56,26.1,10,1.1,22.28,-10.96,358.9,132.05,151.56,5.27,128.21,-1.24,952.23,20.18
-0.30134,-76.8508,2025-06-24,12:34:56,26.2,11,1.89,22.84,-10.96,359.92,123.31,80.41,30.26,24.43,0.86,996.59,34.2
-0.312731,-76.8508,2025-06-24,12:34:56,26.3,7,1.66,23.34,-10.96,342.382,32.96,13.54,11.34,72.57,-1.82,1040.54,27.68
-0.322609,-76.8508,2025-06-24,12:34:56,26.4,11,1.55,23.78,-10.96,342.382,44.14,24.72,142.39,28.17,-0.29,1034.01,23.21
-0.330973,-76.8508,2025-06-24,12:34:56,26.5,10,1.65,24.15,-10.96,342.382,19.97,72.34,99.35,12.12,3.32,1046.05,26.45
-0.33782,-76.8508,2025-06-24,12:34:56,26.6,11,1.75,24.45,-10.96,342.382,134.99,173.32,75.69,77.07,-3.11,960.8,26.54
-0.343148,-76.8508,2025-06-24,12:34:56,26.7,12,1.05,24.69,-10.96,342.382,90.95,169.34,101.65,66.53,-0.09,1038.1,20.51
-0.346954,-76.8508,2025-06-24,12:34:56,26.8,10,0.59,24.86,-10.96,342.382,58.31,175.83,7.17,24.71,1.05,1047.97,33.93
-0.349238,-76.8508,2025-06-24,12:34:56,26.9,11,0.52,24.97,-10.96,342.382,150.62,95.07,100.28,140.95,3.09,996.35,28.77
-0.35,-76.8508,2025-06-24,12:34:56,27,6,0.91,25,-10.96,342.382,118.75,172.09,136.99,117.82,-1.07,964.99,22.99
-0.349238,-76.8508,2025-06-24,12:34:56,27.1,8,0.98,24.97,-10.96,342.382,71.3,174.78,43.38,114.43,-2.97,986.97,26.28
-0.346954,-76.8508,2025-06-24,12:34:56,27.2,12,1.03,24.86,-10.96,342.382,95.62,83.13,113.55,61.53,-1.96,1033.32,27.39
-0.343148,-76.8508,2025-06-24,12:34:56,27.3,8,1.93,24.69,-10.96,342.382,178.38,11.6,16.9,167.46,4.48,977.55,21.37
-0.33782,-76.8508,2025-06-24,12:34:56,27.4,6,1.55,24.45,-10.96,342.382,155.97,101.93,131.49,15.07,-3.6,1022.68,27.49
-0.330973,-76.8508,2025-06-24,12:34:56,27.5,6,0.89,24.15,-10.96,342.382,174.26,49.44,142.48,29.34,2.71,1016.14,33.15
-0.322609,-76.8508,2025-06-24,12:34:56,27.6,10,0.89,23.78,-10.96,342.382,122.28,70.59,40.94,40.37,-0.25,953.67,29.67
-0.312731,-76.8508,2025-06-24,12:34:56,27.7,10,0.65,23.34,-10.96,342.382,99.78,170.57,112.39,68.53,-2.79,1044.39,33.89
-0.30134,-76.8508,2025-06-24,12:34:56,27.8,12,1.08,22.84,-10.96,342.382,18.02,169.4,15.52,75.22,1.55,1048.56,23.9
-0.288442,-76.8508,2025-06-24,12:34:56,27.9,6,1.84,22.28,-10.96,342.382,54.38,175.17,143.19,178.69,1.06,1012.1,23.94
-0.274039,-76.8508,2025-06-24,12:34:56,28,10,0.61,21.65,-10.96,342.382,179.98,179.48,114.52,106.01,-4.07,1011.06,21.26
-0.258136,-76.8508,2025-06-24,12:34:56,28.1,6,1.14,20.97,-10.96,342.382,28.7,93.05,142.74,16.93,-2.02,1015.22,24.63
-0.240738,-76.8508,2025-06-24,12:34:56,28.2,8,1.22,20.23,-10.96,342.382,170.89,51.13,57.45,111.49,0.57,961.56,23.03
-0.22185,-76.8508,2025-06-24,12:34:56,28.3,6,1.97,19.43,-10.96,342.382,120.49,68.99,23.37,42.25,-1.94,989.84,24.33
-0.201479,-76.8508,2025-06-24,12:34:56,28.4,12,1.29,18.58,-10.96,342.382,36.04,77.99,66.86,7.98,0.61,972.67,32.48
-0.179629,-76.8402,2025-06-24,12:34:56,28.5,8,1.56,17.68,-10.9704,342.729,13.85,76.71,105.07,164.35,3.46,1040.9,31.54
-0.156308,-76.8307,2025-06-24,12:34:56,28.6,10,0.82,16.73,-10.9788,343.061,120.76,104.9,70.12,165.4,-1.15,1009.39,30.19
-0.131524,-76.8224,2025-06-24,12:34:56,28.7,10,0.88,15.73,-10.9854,343.378,47.04,24.73,118.31,69.4,4.66,986.35,32.67
-0.105283,-76.8153,2025-06-24,12:34:56,28.8,12,0.91,14.69,-10.9901,343.679,125.84,68.96,124.48,146.58,3.53,1012.6,23.88
-0.0775929,-76.8094,2025-06-24,12:34:56,28.9,8,1.64,13.62,-10.9931,343.965,127.62,84.38,154.6,164.26,1.8,1037.4,30.34
-0.0484631,-76.8048,2025-06-24,12:34:56,29,10,1.07,12.5,-10.9942,344.235,156.15,147.69,177.2,14.58,-4.82,995.61,33.82
-0.0179021,-76.8015,2025-06-24,12:34:56,29.1,6,1.44,11.35,-10.9934,344.489,157,48.09,111.98,127.08,-0.85,972.91,23.26
0.0140807,-76.7996,2025-06-24,12:34:56,29.2,11,0.58,10.17,-10.9911,344.726,73.68,75.99,160.78,152.79,4,957.48,23.24
0.0474757,-76.7992,2025-06-24,12:34:56,29.3,6,0.99,8.96,-10.9871,344.946,11.3,117.38,164.89,92.66,1.81,989.84,29.04
0.0822727,-76.8002,2025-06-24,12:34:56,29.4,7,0.98,7.73,-10.9815,345.149,90.47,23.64,96.21,118.63,0.94,1018.79,21.55
0.118461,-76.8027,2025-06-24,12:34:56,29.5,7,1.28,6.47,-10.9743,345.335,175.56,166.45,93.52,110.15,2.36,1010.09,25.04
0.15603,-76.8067,2025-06-24,12:34:56,29.6,9,1.93,5.2,-10.9656,345.503,115.45,160.36,29.9,7.94,-3.88,995.93,29.95
0.194967,-76.8124,2025-06-24,12:34:56,29.7,10,1.86,3.91,-10.9657,345.653,143.51,66.58,144.83,70.1,4.83,986.85,31.4
0.235262,-76.8197,2025-06-24,12:34:56,29.8,11,1.84,2.61,-10.9658,345.785,49.79,65.91,35.95,57.43,-1.7,1024.98,27.35
0.276901,-76.8287,2025-06-24,12:34:56,29.9,7,0.61,1.31,-10.9659,345.898,72.14,2.91,85.31,23.5,2.51,1030.58,29.09
0.319873,-76.8394,2025-06-24,12:34:56,30,12,1.75,0,-10.966,345.993,82.84,135.86,25.22,122.93,-2.93,993.56,30.56
0.364163,-76.8392,2025-06-24,12:34:56,30.1,8,1.34,-1.31,-10.9662,345.962,29.04,107.79,158.11,114.07,-3.79,996.65,26.36
0.40976,-76.8389,2025-06-24,12:34:56,30.2,8,0.53,-2.61,-10.9663,345.91,78.97,65.07,106.4,86.54,4.69,1040.21,27.34
0.456647,-76.8387,2025-06-24,12:34:56,30.3,10,1.03,-3.91,-10.9664,345.836,124.69,16.74,155.14,80.55,-3,1019.7,34.56
0.504812,-76.8385,2025-06-24,12:34:56,30.4,12,1.99,-5.2,-10.9665,345.74,69.61,79.36,125.55,123.56,-2.49,1009.39,25.88
0.55424,-76.8382,2025-06-24,12:34:56,30.5,6,0.61,-6.47,-10.9667,345.621,126.49,152.4,177.28,112.75,-2.67,992.5,25.33
0.604915,-76.838,2025-06-24,12:34:56,30.6,11,1.19,-7.73,-10.9668,345.479,21.42,152.95,72.12,44.35,-4.69,1014.78,31.37
0.656822,-76.8377,2025-06-24,12:34:56,30.7,11,1.12,-8.96,-10.9669,345.313,88.17,170.87,32.66,169.06,-2.34,998.68,30.69
0.709946,-76.8374,2025-06-24,12:34:56,30.8,12,1.84,-10.17,-10.9671,345.123,66.25,83.96,76.29,21.36,-2.92,974.16,21.27
0.76427,-76.8372,2025-06-24,12:34:56,30.9,10,1.18,-11.35,-10.9672,344.909,119.72,159.22,50.51,142.18,4.33,1029.72,33.31
0.819778,-76.8369,2025-06-24,12:34:56,31,12,0.67,-12.5,-10.9674,344.67,87.94,176.62,112.96,63.27,-0.2,1041.4,34.07
0.876452,-76.8366,2025-06-24,12:34:56,31.1,11,0.97,-13.62,-10.9675,344.406,143.19,95.64,20,85.11,1.31,992.36,23.67
0.934276,-76.8364,2025-06-24,12:34:56,31.2,7,1.29,-14.69,-10.9677,344.116,113.01,18.86,24.41,164.29,0.94,1024.94,21.17
0.993231,-76.8361,2025-06-24,12:34:56,31.3,6,1.36,-15.73,-10.9678,343.8,40.44,152.71,159.14,41.77,3.76,963.31,24.59
1.0533,-76.8358,2025-06-24,12:34:56,31.4,7,1.88,-16.73,-10.968,343.829,139.14,51.17,1.27,173.23,3.15,955.07,34.25
1.11447,-76.8355,2025-06-24,12:34:56,31.5,9,1.55,-17.68,-10.9681,343.858,65.63,56.06,6.92,130.35,2.12,1002.24,25.93
1.17671,-76.8352,2025-06-24,12:34:56,31.6,12,0.77,-18.58,-10.9683,343.887,164.25,139.43,19.72,91.55,4.05,986.45,31.47
1.24001,-76.8349,2025-06-24,12:34:56,31.7,8,1.07,-19.43,-10.9685,343.917,106.14,163.49,158.04,56.97,-1.77,1049.4,34.79
1.30435,-76.8345,2025-06-24,12:34:56,31.8,9,1.93,-20.23,-10.9686,343.948,126.89,105.21,56.75,46.93,4.76,1025.32,33.41
1.3697,-76.8342,2025-06-24,12:34:56,31.9,11,0.65,-20.97,-10.9688,343.979,98.78,135.71,111.33,130.34,-3.94,983.83,33.52
1.43606,-76.8339,2025-06-24,12:34:56,32,9,1.24,-21.65,-10.969,344.011,88.53,50.22,63.51,173.23,-1.45,962.81,22.22
1.5034,-76.8335,2025-06-24,12:34:56,32.1,11,1.02,-22.28,-10.9692,344.044,36.01,57.2,152.25,125.48,1.6,970.73,30.31
1.57169,-76.8332,2025-06-24,12:34:56,32.2,11,1.75,-22.84,-10.9694,344.077,136.81,24.39,35.48,40.87,-1.73,999.89,24.71
1.64092,-76.8328,2025-06-24,12:34:56,32.3,6,1.67,-23.34,-10.9695,344.111,8.18,107.15,112.36,159.34,2.36,992.03,23.53
1.71107,-76.8325,2025-06-24,12:34:56,32.4,12,0.91,-23.78,-10.9697,344.146,145.81,24.63,126.43,81.09,-3.94,968.73,20.74
1.78212,-76.8321,2025-06-24,12:34:56,32.5,8,1.49,-24.15,-10.9699,344.181,5.73,96.72,131.75,60.86,-4.72,1044.61,23.9
1.85404,-76.8317,2025-06-24,12:34:56,32.6,7,0.77,-24.45,-10.9701,344.217,28.62,125.93,149.58,134.79,-4.53,961.24,22.11
1.9268,-76.8314,2025-06-24,12:34:56,32.7,8,1.35,-24.69,-10.9703,344.253,154.03,69.97,29.81,9.85,-1.6,998.82,33.77
2.0004,-76.831,2025-06-24,12:34:56,32.8,12,1.83,-24.86,-10.9705,344.291,82.01,85.65,22.44,1.69,0.31,1002.42,34.73
2.07481,-76.8306,2025-06-24,12:34:56,32.9,9,1.39,-24.97,-10.9707,344.329,21.03,37,141.28,3.5,-3.6,1037.73,20.62
2.15,-76.8302,2025-06-24,12:34:56,33,11,1.99,-25,-10.971,344.368,109.02,118.51,120.34,177.4,-3.99,979.77,33.78
2.22595,-76.8298,2025-06-24,12:34:56,33.1,6,0.87,-24.97,-10.9712,344.408,98.39,24.45,129.42,91.6,2.39,1018.99,32.01
2.30264,-76.8293,2025-06-24,12:34:56,33.2,9,1.76,-24.86,-10.9714,344.448,144.74,137.66,24.66,127.31,1.32,975.53,33
2.38005,-76.8289,2025-06-24,12:34:56,33.3,12,1.1,-24.69,-10.9716,344.49,152.97,80.17,99.65,1.92,2.49,1031.55,23.47
2.45814,-76.8285,2025-06-24,12:34:56,33.4,9,1.72,-24.45,-10.9719,344.532,57.59,46.19,123.36,74.03,2.67,1047.16,24.95
2.53691,-76.828,2025-06-24,12:34:56,33.5,10,1.29,-24.15,-10.9721,344.575,116.24,141.88,25.25,54.58,-4.29,977.35,24.82
2.61632,-76.8278,2025-06-24,12:34:56,33.6,6,1.49,-23.78,-10.9721,344.612,5.3,75.48,126,21.48,-2.19,991.14,30.01
2.69634,-76.8277,2025-06-24,12:34:56,33.7,7,1.14,-23.34,-10.972,344.643,140.93,87.29,149.38,177.98,-3.19,1017.66,32.55
2.77697,-76.8278,2025-06-24,12:34:56,33.8,7,1.95,-22.84,-10.9717,344.668,108.53,46.42,65.29,26.36,-0.87,1038.46,25
2.85816,-76.8281,2025-06-24,12:34:56,33.9,7,0.68,-22.28,-10.9714,344.688,82.81,178.93,84.42,132.95,-4.38,952.86,28.2
2.9399,-76.8285,2025-06-24,12:34:56,34,7,1.72,-21.65,-10.9709,344.702,167.1,18.94,54.79,69.56,0.72,961.68,30.17
3.02216,-76.8289,2025-06-24,12:34:56,34.1,6,1.66,-20.97,-10.9705,344.711,122.25,152.91,6.74,34.52,4,959.12,23.81
3.10492,-76.8295,2025-06-24,12:34:56,34.2,10,1.41,-20.23,-10.97,344.716,165.68,95.6,118.61,49.27,-0.09,973.2,33.61
3.18814,-76.8301,2025-06-24,12:34:56,34.3,7,1.63,-19.43,-10.9696,344.716,13.94,169.34,108.51,34.92,-4.46,970.03,32.29
3.27181,-76.8307,2025-06-24,12:34:56,34.4,10,1.27,-18.58,-10.9692,344.711,133.19,102.17,156.26,137.83,-1.25,1037.96,22.79
3.3559,-76.8313,2025-06-24,12:34:56,34.5,9,1.68,-17.68,-10.969,344.702,19.54,3.78,135.84,49.39,0.61,967.52,26.65
3.44039,-76.8319,2025-06-24,12:34:56,34.6,8,1.98,-16.73,-10.9689,344.69,170,7.72,129.52,144.35,-1.53,969.6,22.84
3.52524,-76.8324,2025-06-24,12:34:56,34.7,7,0.95,-15.73,-10.9689,344.673,176.35,69.83,47.57,90.51,-0.7,1025.15,24.84
3.61044,-76.8328,2025-06-24,12:34:56,34.8,7,1.9,-14.69,-10.969,344.654,131.67,147.33,93.07,146.85,-3.49,1033.38,24.56
3.69596,-76.8331,2025-06-24,12:34:56,34.9,12,1.34,-13.62,-10.9691,344.631,83.39,77.19,13.51,146.56,-3.74,1039.77,21.88
3.78176,-76.8331,2025-06-24,12:34:56,35,9,1.43,-12.5,-10.9691,344.606,51.4,73.55,89.5,175.94,3.54,974.86,27.64
3.86783,-76.833,2025-06-24,12:34:56,35.1,10,1.23,-11.35,-10.9692,344.578,172.54,173.64,104.36,83.29,-0.23,1048.48,21.79
3.95413,-76.8329,2025-06-24,12:34:56,35.2,11,1.7,-10.17,-10.9693,344.55,43.4,49.62,135.5,80.22,3.81,1006.2,25.18
4.04065,-76.8328,2025-06-24,12:34:56,35.3,10,1.43,-8.96,-10.9693,344.523,134.87,150.84,165.65,86.13,4.68,985.41,31.81
4.12736,-76.8327,2025-06-24,12:34:56,35.4,8,0.74,-7.73,-10.9694,344.497,61.58,147.97,177.98,68.48,4.27,952.86,24.68
4.21422,-76.8325,2025-06-24,12:34:56,35.5,9,0.71,-6.47,-10.9694,344.472,95.66,27.47,43.63,60.53,-4.24,1025.55,20.7
4.30122,-76.8324,2025-06-24,12:34:56,35.6,8,1.45,-5.2,-10.9695,344.449,47.52,121.41,160.7,107.67,-4.42,978.53,29.2
4.38832,-76.8323,2025-06-24,12:34:56,35.7,10,0.97,-3.91,-10.9695,344.429,67.88,155.59,173.87,44.18,0.91,996.55,34.29
4.4755,-76.8322,2025-06-24,12:34:56,35.8,6,0.95,-2.61,-10.9696,344.411,83.41,103.69,113.61,59.91,3.24,1038.72,23
4.56274,-76.8321,2025-06-24,12:34:56,35.9,10,1.53,-1.31,-10.9696,344.397,55.79,121.14,0.73,60.8,-1.94,1047.05,29.6
4.65,-76.832,2025-06-24,12:34:56,0,6,0.89,0,-10.9697,344.386,41.58,123.7,161.48,129.91,-3.74,952.9,30.03
4.73726,-76.8319,2025-06-24,12:34:56,0.1,12,1.9,1.31,-10.9697,344.381,139.29,134.82,17.55,44.19,-4.75,978.58,22.06
4.8245,-76.8318,2025-06-24,12:34:56,0.2,7,1.56,2.61,-10.9698,344.38,70.12,51.17,160.62,92.12,-3.93,1011.52,22.44
4.91168,-76.8317,2025-06-24,12:34:56,0.3,11,0.9,3.91,-10.9698,344.385,131.82,170.99,131.95,166.87,0.98,1040.25,26.16
4.99878,-76.8316,2025-06-24,12:34:56,0.4,11,1.94,5.2,-10.9699,344.397,63.28,160.82,120.92,110.87,0.6,962.12,21.02
5.08578,-76.8315,2025-06-24,12:34:56,0.5,10,1.13,6.47,-10.9699,344.409,93.44,35.44,158.65,32.85,-2.35,1018.32,33.97
5.17264,-76.8315,2025-06-24,12:34:56,0.6,9,1.96,7.73,-10.9699,344.42,114.26,87.84,132.64,14.47,-1.27,950.21,32.45
5.25935,-76.8314,2025-06-24,12:34:56,0.7,6,1.85,8.96,-10.97,344.43,122.01,115.8,171.15,102.23,-0.74,1047.99,34.33
5.34587,-76.8313,2025-06-24,12:34:56,0.8,6,1.22,10.17,-10.97,344.44,66.39,76.9,56.06,150.95,-0.15,1000.85,26.46
5.43217,-76.8313,2025-06-24,12:34:56,0.9,7,0.55,11.35,-10.97,344.45,112.29,96.98,145.06,87.79,-0.26,950.78,28.78
5.51824,-76.8312,2025-06-24,12:34:56,1,6,1.25,12.5,-10.9701,344.46,167.15,69.51,157.42,2.17,-2.89,1002.51,27.46
5.60404,-76.8312,2025-06-24,12:34:56,1.1,8,0.69,13.62,-10.9701,344.469,3.66,94.77,84.66,4.92,4.3,1007.38,31.26
5.68956,-76.8311,2025-06-24,12:34:56,1.2,11,1,14.69,-10.9701,344.477,137.28,107.73,123.88,85.89,-4.59,982.27,20.64
5.77476,-76.8311,2025-06-24,12:34:56,1.3,10,0.89,15.73,-10.9701,344.485,30.43,101.92,14.85,90.91,-2.49,979.79,31.04
5.85961,-76.831,2025-06-24,12:34:56,1.4,8,1.31,16.73,-10.9701,344.493,134.92,129.5,103.58,117.07,3.85,954,30.45
5.9441,-76.831,2025-06-24,12:34:56,1.5,10,1.86,17.68,-10.9701,344.5,24.92,174.58,131.1,60.95,2.45,955.16,34.31
6.02819,-76.831,2025-06-24,12:34:56,1.6,12,1.48,18.58,-10.9701,344.506,87.42,99.65,88.89,40.48,-2.94,968.72,25.65
6.11186,-76.831,2025-06-24,12:34:56,1.7,11,1.64,19.43,-10.9701,344.512,134.41,62.65,22.56,141.62,-0.03,1005.37,30.08
6.19508,-76.831,2025-06-24,12:34:56,1.8,10,1.04,20.23,-10.9701,344.517,26.47,4.05,149.29,71.83,-2.1,983.71,22.58
6.27784,-76.8309,2025-06-24,12:34:56,1.9,7,1.44,20.97,-10.9701,344.521,84.66,99.93,14.67,8.62,-1.43,1031.91,27.73
6.3601,-76.831,2025-06-24,12:34:56,2,9,1.1,21.65,-10.9701,344.525,92.79,63.69,108.42,81.22,1.12,964.71,20.85
6.44184,-76.831,2025-06-24,12:34:56,2.1,7,1.43,22.28,-10.9701,344.529,72.62,35.58,86.94,43.98,-2.93,953.88,29.32
6.52303,-76.831,2025-06-24,12:34:56,2.2,8,1.98,22.84,-10.9701,344.531,139.16,95.28,162.62,61.27,-0.47,1041.13,30.6
6.60366,-76.831,2025-06-24,12:34:56,2.3,10,1.24,23.34,-10.97,344.533,152.94,50.45,136.13,173.81,-4.33,994.83,23.54
6.68368,-76.8311,2025-06-24,12:34:56,2.4,7,1.53,23.78,-10.97,344.533,154.31,19.18,58.37,58.93,3.87,951.58,31.23
6.76309,-76.8311,2025-06-24,12:34:56,2.5,6,1.61,24.15,-10.97,344.533,122.66,30.87,116.18,62.35,-3.71,985.26,23.62
6.84186,-76.8312,2025-06-24,12:34:56,2.6,7,0.58,24.45,-10.9699,344.533,84.85,65.94,48.86,73.34,4.9,988.66,20.49
6.91995,-76.8313,2025-06-24,12:34:56,2.7,6,1.44,24.69,-10.9699,344.531,125.68,148.82,127.1,85.03,0.43,1046.19,27.3
6.99736,-76.8313,2025-06-24,12:34:56,2.8,6,0.9,24.86,-10.9698,344.529,31.6,157.35,17.52,164.81,-1.87,1024.69,25.48
7.07405,-76.8314,2025-06-24,12:34:56,2.9,7,1.21,24.97,-10.9698,344.526,63.36,170.45,125.41,87.04,-3.45,1005.65,23.71
7.15,-76.8315,2025-06-24,12:34:56,3,12,1.33,25,-10.9698,344.523,47.68,117.34,159.94,92.28,3.26,953.49,33.68
7.22519,-76.8315,2025-06-24,12:34:56,3.1,11,1.98,24.97,-10.9697,344.519,163.11,109.93,164.04,159.68,-4.75,1009.56,32.96
7.2996,-76.8316,2025-06-24,12:34:56,3.2,10,1.34,24.86,-10.9697,344.515,122.65,108.92,49.73,52.45,-4.96,1002.41,34
7.3732,-76.8316,2025-06-24,12:34:56,3.3,11,1.9,24.69,-10.9697,344.511,63.48,144.28,169.38,7.17,-1.08,958.55,31.1
7.44596,-76.8316,2025-06-24,12:34:56,3.4,11,1.58,24.45,-10.9697,344.507,160.4,48.49,24.53,118.29,-2.27,1005.99,31.97
7.51788,-76.8317,2025-06-24,12:34:56,3.5,6,1.97,24.15,-10.9697,344.503,36.54,22.72,26.47,59.01,-3.17,1035.06,28.15
7.58893,-76.8317,2025-06-24,12:34:56,3.6,6,1.45,23.78,-10.9698,344.499,68.5,162.13,135.07,150.45,4.02,1035.53,25.3
7.65908,-76.8317,2025-06-24,12:34:56,3.7,10,1.99,23.34,-10.9698,344.495,73.54,125.97,0.83,118.28,-0.84,1037.1,32.55
7.72831,-76.8316,2025-06-24,12:34:56,3.8,7,1.96,22.84,-10.9698,344.492,166.94,98.86,74.51,151.25,-2.76,962.63,31.72
7.7966,-76.8316,2025-06-24,12:34:56,3.9,10,0.71,22.28,-10.9698,344.489,52.88,132.49,68.02,88.46,-4.6,1008.87,24.85
7.86394,-76.8316,2025-06-24,12:34:56,4,7,1.97,21.65,-10.9698,344.486,138.25,144.67,134.65,164.73,1.07,981.17,32.54
7.9303,-76.8316,2025-06-24,12:34:56,4.1,11,1.46,20.97,-10.9698,344.483,145.42,21.75,145.5,20.6,-1.34,962.5,32.86
7.99565,-76.8315,2025-06-24,12:34:56,4.2,9,0.95,20.23,-10.9698,344.481,133.91,121.8,26.97,36.9,-2.97,1049.51,23.04
8.05999,-76.8315,2025-06-24,12:34:56,4.3,7,1.82,19.43,-10.9699,344.48,121.7,175.16,43.29,40.35,4.99,1004.69,29.05
8.12329,-76.8315,2025-06-24,12:34:56,4.4,11,0.96,18.58,-10.9699,344.479,131.13,43.25,87.85,12.99,-4.05,1031.72,34.91
8.18553,-76.8315,2025-06-24,12:34:56,4.5,7,1.33,17.68,-10.9699,344.479,168.3,75.69,70.83,155.71,-1.53,963.49,34.7
8.2467,-76.8314,2025-06-24,12:34:56,4.6,10,1.16,16.73,-10.9699,344.479,150.67,124.69,48.74,34.52,-4.55,1033.92,27.41
8.30677,-76.8314,2025-06-24,12:34:56,4.7,12,1.77,15.73,-10.9699,344.48,171.04,133.22,95.32,135,3.91,966.13,32.54
8.36572,-76.8314,2025-06-24,12:34:56,4.8,12,0.95,14.69,-10.9699,344.481,165.41,72.16,136.2,160.29,-3.54,1001.04,20.81
8.42355,-76.8314,2025-06-24,12:34:56,4.9,8,1.67,13.62,-10.9699,344.482,179.68,32.63,127.41,149.26,4.43,1007.38,25.3
8.48022,-76.8314,2025-06-24,12:34:56,5,8,1.12,12.5,-10.9699,344.484,71.83,166.47,61.38,24.15,3.87,982.71,24.84
8.53573,-76.8314,2025-06-24,12:34:56,5.1,12,1.79,11.35,-10.9699,344.486,46.19,136.83,146.17,0.91,4.48,960.91,26.78
8.59005,-76.8313,2025-06-24,12:34:56,5.2,10,1.27,10.17,-10.9699,344.488,29.56,136.01,52.29,66.17,4,1011.47,22.22
8.64318,-76.8313,2025-06-24,12:34:56,5.3,9,1.03,8.96,-10.9699,344.49,34.53,134.91,81.09,107.3,-4.1,1008.98,26.44
8.69508,-76.8313,2025-06-24,12:34:56,5.4,11,0.52,7.73,-10.9699,344.492,171.3,135.24,39.37,32.39,4.98,1010.9,26.88
8.74576,-76.8313,2025-06-24,12:34:56,5.5,7,1.66,6.47,-10.9699,344.494,149.25,0.92,35.76,124.95,4,961.23,20.88
8.79519,-76.8313,2025-06-24,12:34:56,5.6,10,1.7,5.2,-10.9699,344.496,7.5,94.05,51.29,43.87,-2.43,956.09,34.14
8.84335,-76.8313,2025-06-24,12:34:56,5.7,7,1.1,3.91,-10.9699,344.497,93.32,145.55,162.42,138.07,0.06,1042.77,22.49
8.89024,-76.8313,2025-06-24,12:34:56,5.8,7,1.92,2.61,-10.9699,344.498,65.5,47.49,129.3,33.42,-4.65,967.18,20.73
8.93584,-76.8313,2025-06-24,12:34:56,5.9,12,1.65,1.31,-10.9699,344.5,134.59,82.81,59.1,66.74,-1.34,980.23,25.5
8.98013,-76.8313,2025-06-24,12:34:56,6,8,1.77,0,-10.9699,344.501,152.11,170.09,6.57,16.99,-3.68,1046.47,34.53
9.0231,-76.8313,2025-06-24,12:34:56,6.1,11,1.06,-1.31,-10.9699,344.501,73,130.66,157.02,96.04,-1.08,1019.11,20.3
9.06474,-76.8313,2025-06-24,12:34:56,6.2,11,0.74,-2.61,-10.9699,344.502,54.96,160.97,164.77,36.18,4.69,1004.36,28.93
9.10503,-76.8313,2025-06-24,12:34:56,6.3,6,1.24,-3.91,-10.9699,344.503,108.86,60.24,18.76,172.39,-3.13,1020.42,33.82
9.14397,-76.8313,2025-06-24,12:34:56,6.4,10,1.87,-5.2,-10.9699,344.503,174.5,37.55,89.94,86.84,0.65,1017.41,22.87
9.18154,-76.8313,2025-06-24,12:34:56,6.5,7,1.72,-6.47,-10.9699,344.503,27.99,93.89,145.9,79.69,-0.49,984.91,27.19
9.21773,-76.8313,2025-06-24,12:34:56,6.6,11,0.98,-7.73,-10.9699,344.503,146.74,14.1,97.35,94.58,-4.96,1018.41,33.82
9.25252,-76.8314,2025-06-24,12:34:56,6.7,7,1.77,-8.96,-10.9699,344.503,55.19,37.65,128.94,30.37,2.26,969.93,22.51
9.28592,-76.8314,2025-06-24,12:34:56,6.8,10,1.73,-10.17,-3.59,344.503,0.35,34.88,35.96,106.02,2.16,951.59,31.58
9.3179,-76.8314,2025-06-24,12:34:56,6.9,9,1.82,-11.35,-10.8223,344.503,120.4,61.85,178.11,20.56,4.65,981.88,22.96
9.34846,-76.8314,2025-06-24,12:34:56,7,8,1.75,-12.5,-10.8193,344.502,38.34,77.4,76.36,86.25,-1.39,1037,23.81
9.37759,-76.8314,2025-06-24,12:34:56,7.1,6,1.01,-13.62,-10.8163,344.502,105.43,172.61,104.65,40.18,-4.38,968.95,28.37
9.40528,-76.8314,2025-06-24,12:34:56,7.2,7,1.17,-14.69,-10.8132,344.501,144.69,128.98,44.93,161.13,4.77,979.44,34.15
9.43152,-76.8314,2025-06-24,12:34:56,7.3,7,1.79,-15.73,-10.8101,344.501,144.77,150.22,156.11,142.5,0.98,1034.42,22.86
9.45631,-76.8314,2025-06-24,12:34:56,7.4,9,1.77,-16.73,-10.8069,344.5,63.51,17.06,93.46,131,0.97,998.99,23.98
9.47963,-76.8314,2025-06-24,12:34:56,7.5,7,0.55,-17.68,-10.8037,344.499,103.22,1.74,56.33,129.22,-0.7,950.39,26.08
9.50148,-76.8314,2025-06-24,12:34:56,7.6,11,1.32,-18.58,-10.8003,344.499,123.95,164.2,143.91,28.96,-1.11,980.52,34.29
9.52185,-76.8314,2025-06-24,12:34:56,7.7,6,1.78,-19.43,-10.7969,344.498,132.73,24.37,50.16,164.85,4.5,997.63,23.42
9.54074,-76.8314,2025-06-24,12:34:56,7.8,10,1.32,-20.23,-10.7935,344.497,103.86,167.35,29.92,123.27,-3.5,986.41,26.41
9.55814,-76.8314,2025-06-24,12:34:56,7.9,9,1.78,-20.97,-10.7899,344.497,172.38,22.04,159.73,4.77,-1.82,1005.23,30.09
9.57404,-76.8314,2025-06-24,12:34:56,8,8,0.85,-21.65,-10.7863,344.496,119.87,95.64,147.76,104.93,-0.47,1001.32,21.01
9.58844,-76.8314,2025-06-24,12:34:56,8.1,9,0.95,-22.28,-10.7827,344.496,117.91,139.18,66.48,7.63,-1.96,974.14,33.11
9.60134,-76.8314,2025-06-24,12:34:56,8.2,6,1.3,-22.84,-10.7789,344.495,11.49,111.68,148.61,21.31,0.19,1002.44,23.25
9.61273,-76.8314,2025-06-24,12:34:56,8.3,8,0.97,-23.34,-10.7751,344.495,13.82,42.88,141.49,112.71,-1.08,969.8,23.88
9.62261,-76.8314,2025-06-24,12:34:56,8.4,8,1.45,-23.78,-10.7712,344.494,12.44,37.78,53.57,24.6,3.52,1006.86,23.69
9.63097,-76.8314,2025-06-24,12:34:56,8.5,11,2,-24.15,-10.7673,344.494,130.17,64.7,7.62,10.69,-0.88,997.77,32.55
9.63782,-73.7512,2025-06-24,12:34:56,8.6,10,1.9,-24.45,-10.7632,344.494,163.97,102.55,105.98,141.61,1.54,1031.15,26.2
9.64315,-76.7698,2025-06-24,12:34:56,8.7,9,0.74,-24.69,-10.7591,344.494,93.84,142.56,63.87,9.41,-0.32,1018.7,24.19
9.64695,-76.7686,2025-06-24,12:34:56,8.8,12,1.86,-24.86,-10.7549,344.494,148.27,26.61,129.77,47.96,0.14,991.9,26.47
9.64924,-76.7673,2025-06-24,12:34:56,8.9,11,0.95,-24.97,-10.7506,344.494,1.67,79.46,169.76,140.63,-2,1006.43,29.44
9.65,-76.766,2025-06-24,12:34:56,9,7,1.83,-25,-7.79,344.494,58.46,118.89,120.09,147.28,2.94,1002.23,34.97
9.64924,-76.7647,2025-06-24,12:34:56,9.1,11,0.9,-24.97,-7.96,344.494,124.24,42.81,98.91,99.81,4.66,1040.52,32.55
9.64695,-76.7634,2025-06-24,12:34:56,9.2,10,0.68,-24.86,-8.12,344.494,25.4,33.54,117.64,121.91,-0.88,951.48,34.76
9.64315,-76.762,2025-06-24,12:34:56,9.3,6,0.86,-24.69,-8.28,344.495,45.2,168.22,159.06,97.2,3.96,1033.49,28.83
9.63782,-76.7606,2025-06-24,12:34:56,9.4,11,1.27,-24.45,-8.44,344.495,122.54,10,90.06,115.25,-1.79,967.82,25.98
9.63097,-76.7592,2025-06-24,12:34:56,9.5,8,0.8,-24.15,-8.6,344.495,26.9,104.04,140.6,125.6,4.81,1034.97,24.65
9.62261,-76.7578,2025-06-24,12:34:56,9.6,9,1.49,-23.78,-8.75,344.496,21.56,143.77,153.89,170.81,-2.48,1012.15,26.92
9.61273,-76.7563,2025-06-24,12:34:56,9.7,11,1.25,-23.34,-8.9,344.496,73.92,15.43,98.2,177.59,-0.11,958.84,33.38
9.60134,-76.7548,2025-06-24,12:34:56,9.8,8,1.58,-22.84,-9.04,344.496,19.39,33.86,121.2,114.12,2.56,969.13,21.83
9.58844,-76.7533,2025-06-24,12:34:56,9.9,7,1.78,-22.28,-9.19,344.497,68.33,92.26,105.69,160.31,-2.04,1013.05,24.81
9.57404,-76.7517,2025-06-24,12:34:56,10,12,1.37,-21.65,-9.33,344.497,95.58,88,103.28,28.91,-4.25,1042.62,23.25
9.55814,-76.7501,2025-06-24,12:34:56,10.1,11,0.59,-20.97,-9.46,344.497,136.72,45.96,132.99,12.48,3.9,990.82,26.04
9.54074,-76.7485,2025-06-24,12:34:56,10.2,7,0.75,-20.23,-9.6,344.497,69.81,136.85,51.34,68.85,-1.68,1018.7,26.88
9.52185,-76.7468,2025-06-24,12:34:56,10.3,10,1.55,-19.43,-9.73,344.498,141.75,151.66,87.23,72.48,-1.55,973.73,27.5
9.50148,-76.7451,2025-06-24,12:34:56,10.4,7,1.85,-18.58,-9.85,344.498,16.49,59.31,115.8,22.55,-1.55,1009.54,33.95
9.47963,-76.7434,2025-06-24,12:34:56,10.5,11,0.56,-17.68,-9.98,344.498,94.09,169.81,160.51,105.68,-3.5,1021.94,24.65
9.45631,-75.4782,2025-06-24,12:34:56,10.6,12,1.73,-16.73,-10.1,344.498,156.02,69.21,101.58,75.75,4.79,1005.48,23.87
9.43152,-75.5619,2025-06-24,12:34:56,10.7,9,1.45,-15.73,-10.22,344.498,64.72,4.37,5.46,148.02,-0.94,983.37,32.17
9.40528,-75.6451,2025-06-24,12:34:56,10.8,12,1.26,-14.69,-10.33,344.498,100.16,160.51,148.64,160.93,1.76,975,34.49
9.37759,-75.7278,2025-06-24,12:34:56,10.9,10,1.05,-13.62,-10.44,344.498,71.69,34.91,62.54,114.14,-0.5,1047.61,26.24
9.34846,-75.8101,2025-06-24,12:34:56,11,8,0.55,-12.5,-10.55,344.498,64.38,7.95,85.96,2.98,3.22,1003.15,26.22
9.3179,-75.8918,2025-06-24,12:34:56,11.1,6,1.76,-11.35,-10.65,344.498,125.37,110.57,32.42,1.28,-4.35,985.36,34.78
9.28592,-75.973,2025-06-24,12:34:56,11.2,9,1.98,-10.17,-10.75,344.498,87.35,75.42,21.65,129.43,3.07,1012.25,27.87
9.25252,-76.0537,2025-06-24,12:34:56,11.3,12,0.79,-8.96,-10.84,344.498,154.15,74.12,63.72,95.61,0.23,975.58,25.89
9.21773,-76.1337,2025-06-24,12:34:56,11.4,8,1.31,-7.73,-10.94,344.498,49.94,40.69,27.47,46.25,-0.52,988.82,29.83
9.18154,-76.2131,2025-06-24,12:34:56,11.5,7,0.58,-6.47,-11.03,344.497,113.06,10.91,139.77,27.31,3.97,1006.5,23.27
9.14397,-76.2919,2025-06-24,12:34:56,11.6,10,0.56,-5.2,-11.11,344.497,105.84,109.89,39.06,93.11,1.12,1044.5,31.01
9.10503,-76.37,2025-06-24,12:34:56,11.7,7,1.55,-3.91,-11.19,344.497,26.15,49.64,82.98,58.7,1.5,959.02,33.74
9.06474,-76.4474,2025-06-24,12:34:56,11.8,9,1.7,-2.61,-11.27,344.497,1.25,102.31,157.1,22.6,-0.07,1030.18,28.73
9.0231,-76.524,2025-06-24,12:34:56,11.9,12,1.19,-1.31,-11.34,344.497,79.81,93.79,35.02,106.54,-4.52,1000.46,28.38
8.98013,-76.6,2025-06-24,12:34:56,12,12,1.93,0,-11.41,344.497,159.64,138.84,144.91,80.46,4.66,993.64,29.87
8.93584,-76.6752,2025-06-24,12:34:56,12.1,8,1.88,1.31,-10.2022,344.497,56.31,6.84,47.65,5.5,-3.4,1006.71,20.8
8.89024,-76.7496,2025-06-24,12:34:56,12.2,8,1.78,2.61,-10.1899,344.497,97.69,119.85,164.52,46.67,2.12,968.07,31.16
8.84335,-76.8232,2025-06-24,12:34:56,12.3,12,1.48,3.91,-10.1775,344.497,107.48,48.3,76.62,127.13,4.03,960.21,28.77
8.79519,-76.896,2025-06-24,12:34:56,12.4,6,1.12,5.2,-10.1648,344.497,81.02,157.14,44.63,86.12,0.88,1046.76,24.7
8.74576,-76.9679,2025-06-24,12:34:56,12.5,9,0.65,6.47,-10.152,344.496,24.78,39.37,3.91,97.35,1.68,1028.91,31.8
8.69508,-77.0389,2025-06-24,12:34:56,12.6,11,1.88,7.73,-10.1389,344.496,114.05,98.05,75.87,38.19,-4.71,1009.04,25.19
8.64318,-77.1091,2025-06-24,12:34:56,12.7,8,0.98,8.96,-10.1257,344.496,155.67,98.88,78.25,39.07,3.44,1041.18,34.14
8.59005,-77.1783,2025-06-24,12:34:56,12.8,6,1.86,10.17,-10.1123,344.496,97.1,145.9,128.4,61.12,2.08,952.47,23.27
8.53573,-77.2466,2025-06-24,12:34:56,12.9,10,1.5,11.35,-10.0986,344.496,133.76,20.49,165.96,114.47,1.27,1036.62,28.63
8.48022,-77.3139,2025-06-24,12:34:56,13,9,1.17,12.5,-10.0848,344.496,56.71,136.48,164,33.89,3.62,1006.35,29.96
8.42355,-77.3803,2025-06-24,12:34:56,13.1,10,1.1,13.62,-10.0708,344.496,24.17,71.29,86.78,45.39,0.99,1024.39,29.84
8.36572,-77.4457,2025-06-24,12:34:56,13.2,8,0.5,14.69,-10.0566,344.496,83.09,24.58,129.76,24.96,-1.82,1013.62,21.08
8.30677,-77.51,2025-06-24,12:34:56,13.3,7,1.69,15.73,-10.0421,344.496,43.15,146.72,157.05,166.21,-2.36,1004.8,32.34
8.2467,-77.5733,2025-06-24,12:34:56,13.4,6,0.82,16.73,-10.0274,344.496,129.4,105.68,5.79,145.86,-4.54,999.91,23.96
8.18553,-77.6355,2025-06-24,12:34:56,13.5,7,1.39,17.68,-10.0126,344.496,96.7,40.87,70,119.23,3.98,986.58,21.56
8.12329,-77.6967,2025-06-24,12:34:56,13.6,12,1.54,18.58,-9.99748,344.496,136.45,47.61,154.71,48.7,1.36,989.29,34.26
8.05999,-77.7568,2025-06-24,12:34:56,13.7,11,0.9,19.43,-9.98216,344.496,174.14,81.53,76.68,114.55,1.23,1024.9,23.79
7.99565,-77.8157,2025-06-24,12:34:56,13.8,11,0.59,20.23,-9.96663,344.497,62.54,62.89,3.63,97.14,-2.69,961.64,30.33
7.9303,-77.8735,2025-06-24,12:34:56,13.9,6,1.06,20.97,-9.95086,344.497,175.4,20.93,173.57,144.61,-0.91,1038.76,22.63
7.86394,-77.9302,2025-06-24,12:34:56,14,8,0.88,21.65,-9.93487,344.497,70.5,157.42,29.81,128.23,4.16,955.21,27.26
7.7966,-77.9857,2025-06-24,12:34:56,14.1,8,1.27,22.28,-9.97776,344.497,91.41,60.75,91.61,151.08,4.91,962.04,22.97
7.72831,-78.0401,2025-06-24,12:34:56,14.2,10,1.38,22.84,-10.0181,344.497,47.43,166.07,34.32,0.48,-2.23,1006.68,33.93
7.65908,-78.0932,2025-06-24,12:34:56,14.3,11,1.3,23.34,-10.0561,344.497,71.75,129.25,22.82,177.71,0.04,952.74,32.25
7.58893,-78.1451,2025-06-24,12:34:56,14.4,7,1.98,23.78,-10.0916,344.497,177.65,113.32,90.17,153.05,1.27,985.76,27.73
7.51788,-78.1958,2025-06-24,12:34:56,14.5,11,0.77,24.15,-10.1246,344.497,13.36,3.04,15.83,46.04,2.41,994.82,20.25
7.44596,-78.2452,2025-06-24,12:34:56,14.6,7,1.24,24.45,-10.1551,344.497,154.39,157.79,27.5,75.43,-0.63,991.24,32.34
7.3732,-78.2934,2025-06-24,12:34:56,14.7,9,0.52,24.69,-10.1832,344.497,165.29,147.5,64.14,10.97,-1.92,1013.87,34.11
7.2996,-78.3402,2025-06-24,12:34:56,14.8,12,1.47,24.86,-10.2089,344.497,143.79,59.55,105.07,65.06,-0.42,963.68,34.51
7.22519,-78.3858,2025-06-24,12:34:56,14.9,11,0.6,24.97,-10.2323,344.497,141.07,39.04,164.99,163.16,-1.59,1036.13,23.28
7.15,-78.4301,2025-06-24,12:34:56,15,6,1.4,25,-10.2531,344.497,96.99,63.61,57.09,144.53,4.78,1033.08,22.07
7.07405,-78.4731,2025-06-24,12:34:56,15.1,10,1.05,24.97,-10.2716,344.497,75.25,122.37,166.89,120.06,-4.59,1049.81,28.26
6.99736,-78.5147,2025-06-24,12:34:56,15.2,8,1.76,24.86,-10.2878,344.497,160.3,19.2,45.84,70.12,1.36,1038.09,31.93
6.91995,-78.555,2025-06-24,12:34:56,15.3,11,1.74,24.69,-10.3016,344.497,65.58,170.19,108.74,110.11,2.54,1044.21,34.65
6.84186,-78.594,2025-06-24,12:34:56,15.4,10,1.01,24.45,-10.313,344.497,7.45,119.48,22.57,2.14,1.86,1023.02,32.76
6.76309,-78.6315,2025-06-24,12:34:56,15.5,10,1.19,24.15,-10.3223,344.497,15.94,3.04,123.92,10.72,4.6,970.29,29.77
6.68368,-78.6677,2025-06-24,12:34:56,15.6,10,1.32,23.78,-10.3291,344.497,51.45,47.49,179.87,2.31,2.28,985.72,25.21
6.60366,-78.7025,2025-06-24,12:34:56,15.7,9,0.87,23.34,-10.3337,344.497,170.18,125.52,44.94,65.43,-4.57,989.92,33.45
6.52303,-78.7359,2025-06-24,12:34:56,15.8,6,1.75,22.84,-10.336,344.497,96.75,137.58,105.65,32.61,-0.56,1046.49,34.77
6.44184,-78.7679,2025-06-24,12:34:56,15.9,11,1.2,22.28,-10.3361,344.497,65.5,71.43,18.26,73.88,0.03,990.05,20.5
6.3601,-78.7985,2025-06-24,12:34:56,16,6,1.04,21.65,-10.334,344.497,129.17,36.55,64.27,100.23,-1.55,1004.06,29.17
6.27784,-78.8276,2025-06-24,12:34:56,16.1,8,1.05,20.97,-10.3297,344.497,128.31,68.66,61.25,122.45,-1.87,1019.7,22.14
6.19508,-78.8553,2025-06-24,12:34:56,16.2,8,1.74,20.23,-10.3233,344.497,77.92,58.81,102.34,174.68,2.6,1039.32,20.93
6.11186,-78.8815,2025-06-24,12:34:56,16.3,10,1.06,19.43,-10.3147,344.497,122.87,100.89,29.69,133.28,2.57,963.12,26.87
6.02819,-78.9063,2025-06-24,12:34:56,16.4,12,0.54,18.58,-10.3042,344.497,106.32,163.17,20.38,50.17,1.6,1027.67,23.58
5.9441,-78.9296,2025-06-24,12:34:56,16.5,7,1.28,17.68,-10.2915,344.497,99.37,148.34,0.09,53.24,-4.17,985.39,25.67
5.85961,-78.9515,2025-06-24,12:34:56,16.6,12,1.5,16.73,-10.2768,344.497,29.81,7.85,58.12,127.61,-3.2,1038,23.93
5.77476,-78.9719,2025-06-24,12:34:56,16.7,7,1.71,15.73,-10.2601,344.497,69.01,67.59,22.8,40.8,-2.52,998.88,34.75
5.68956,-78.9907,2025-06-24,12:34:56,16.8,10,0.74,14.69,-10.2415,344.497,112.95,36.5,121.71,150.94,0.01,1016.46,27.17
5.60404,-79.0081,2025-06-24,12:34:56,16.9,8,1.85,13.62,-10.2209,344.497,100.95,109.25,124.73,142.72,-2.53,1042.59,31.54
5.51824,-79.024,2025-06-24,12:34:56,17,10,0.99,12.5,-10.1985,344.497,162.03,155.93,121.07,33.34,2,1000.47,27.71
5.43217,-79.0384,2025-06-24,12:34:56,17.1,6,1.75,11.35,-10.1743,344.497,104.33,103.39,118.03,121.38,-0.97,1020.15,34.72
5.34587,-79.0513,2025-06-24,12:34:56,17.2,11,0.66,10.17,-10.1737,344.497,50.31,126.64,165.16,66.69,-4.88,951.1,20.67
5.25935,-79.0627,2025-06-24,12:34:56,17.3,10,1.07,8.96,-10.1734,344.497,177.04,164.93,22.45,88.93,3.04,1010.93,27.59
5.17264,-79.0726,2025-06-24,12:34:56,17.4,10,1.83,7.73,-10.1733,344.497,10.06,98.85,9.1,91.63,-0.63,975.59,33.56
5.08578,-79.081,2025-06-24,12:34:56,17.5,6,1.56,6.47,-10.1735,344.497,146.64,106.26,16.44,38.83,-3.83,999.39,22.77
4.99878,-79.0878,2025-06-24,12:34:56,17.6,6,1.64,5.2,-10.1739,344.497,98.07,69.49,37.92,26.63,-3.52,958.82,34.82
4.91168,-79.0931,2025-06-24,12:34:56,17.7,10,1.24,3.91,-10.1746,344.497,170.42,166.37,140.53,16,4.1,1001.55,33.94
4.8245,-79.097,2025-06-24,12:34:56,17.8,6,0.83,2.61,-10.1756,344.497,173.31,169.17,31.97,103.65,-3.33,1042.27,23.96
4.73726,-79.0992,2025-06-24,12:34:56,17.9,11,1.91,1.31,-10.1769,344.497,146.69,176.65,164.87,30.93,0.84,1040.99,22.93
4.65,-79.1,2025-06-24,12:34:56,18,9,0.78,0,-10.1785,344.497,90.86,136.3,156.4,22.43,-3.06,952.41,31.6
4.56274,-79.0992,2025-06-24,12:34:56,18.1,9,1.28,-1.31,-10.1803,344.497,84.54,6.57,118.69,15.72,3.56,956.12,27.23
4.4755,-79.097,2025-06-24,12:34:56,18.2,11,1.82,-2.61,-10.1825,344.497,68.33,174.1,104.06,43.48,-1.14,1012.94,34.09
4.38832,-79.0931,2025-06-24,12:34:56,18.3,8,1.88,-3.91,-10.185,344.497,35.21,62.4,8.71,155.82,0.24,1034.45,26.42
4.30122,-79.0878,2025-06-24,12:34:56,18.4,6,0.66,-5.2,-10.1879,344.497,103.98,26.83,55.64,59.68,1.31,994.47,34.76
4.21422,-79.081,2025-06-24,12:34:56,18.5,6,1.72,-6.47,-10.1911,344.497,14.59,56.38,155.3,117.45,4.87,1010.72,28.55
4.12736,-79.0726,2025-06-24,12:34:56,18.6,6,0.97,-7.73,-10.1947,344.497,92.33,25.67,152.17,54.09,-4.25,1015.39,30.44
4.04065,-79.0627,2025-06-24,12:34:56,18.7,12,0.73,-8.96,-10.1986,344.497,81.92,101.97,18.44,86.11,0.2,986.53,24.97
3.95413,-79.0513,2025-06-24,12:34:56,18.8,6,1.78,-10.17,-10.203,344.497,107.31,102.88,134,111.67,-0.77,983.9,30.97
3.86783,-79.0384,2025-06-24,12:34:56,18.9,11,1.94,-11.35,-10.2077,344.497,130.65,178.13,94.63,35.02,0.43,969.38,34.88
3.78176,-79.024,2025-06-24,12:34:56,19,12,0.8,-12.5,-10.2128,281.39,142.94,1.65,103.4,109.85,2.32,1010.76,29.41
3.69596,-79.0081,2025-06-24,12:34:56,19.1,9,1.23,-13.62,-10.2184,343.235,82.33,86.45,30.98,100.24,0.75,1029.84,20.92
3.61044,-78.9907,2025-06-24,12:34:56,19.2,7,0.7,-14.69,-10.2232,343.209,82.23,26.83,84.17,3.63,-2.21,1014.4,32.57
3.52524,-78.9719,2025-06-24,12:34:56,19.3,6,0.66,-15.73,-10.2273,343.184,167.05,65.36,173.63,10.79,1.47,1046.47,30.84
3.44039,-78.9515,2025-06-24,12:34:56,19.4,6,0.87,-16.73,-10.2307,343.157,15.98,108.23,87.24,177.47,-0.63,954.08,31.49
3.3559,-78.9296,2025-06-24,12:34:56,19.5,12,0.86,-17.68,-10.2335,343.131,133.24,18.69,59.78,167.81,-2.45,981.65,31.4
3.27181,-78.9063,2025-06-24,12:34:56,19.6,7,1.38,-18.58,-10.2357,343.103,164.55,172.19,137.79,88.29,3.84,1043.36,26.9
3.18814,-78.8815,2025-06-24,12:34:56,19.7,10,1.8,-19.43,-10.2373,343.075,62.3,126.64,35.98,159.12,4.86,1045.5,29.04
3.10492,-78.8553,2025-06-24,12:34:56,19.8,8,1.35,-20.23,-10.2384,343.047,126.44,60.66,84.36,30.94,-2.78,1013.99,22.95
3.02216,-78.8276,2025-06-24,12:34:56,19.9,7,1.99,-20.97,-10.239,343.018,68,86.81,77.17,103.96,-3.82,981.03,27.14
2.9399,-78.7985,2025-06-24,12:34:56,20,7,1.13,-21.65,-10.2391,342.988,6.26,124.2,126.68,6.57,-1.1,993.8,21.78
2.85816,-78.7679,2025-06-24,12:34:56,20.1,12,1.15,-22.28,-10.2388,342.958,154.13,65.15,54.19,144.43,-4.69,990.1,26.86
2.77697,-78.7359,2025-06-24,12:34:56,20.2,12,0.79,-22.84,-10.2381,342.927,161.06,42.61,127.94,83.43,-4.62,1016.39,21.42
2.69634,-78.7025,2025-06-24,12:34:56,20.3,10,1.06,-23.34,-10.2372,342.896,36.13,66,79.36,68.19,-1.44,1049.67,30.85
2.61632,-78.6677,2025-06-24,12:34:56,20.4,12,1.61,-23.78,-10.2359,342.864,100.93,148.68,44.05,51.57,-4.83,1016.75,21.45
2.53691,-78.6315,2025-06-24,12:34:56,20.5,12,1.54,-24.15,-10.2343,342.831,2.27,45.47,56.81,72.01,1.48,1039.17,31.48
2.45814,-78.594,2025-06-24,12:34:56,20.6,7,1.22,-24.45,-10.2326,342.798,88.91,128.67,79.15,1.36,-0.31,990.05,31.85
2.38005,-78.555,2025-06-24,12:34:56,20.7,10,1.42,-24.69,-10.2306,342.764,80.53,16.64,145.83,35.72,0.2,1020.58,28.23
2.30264,-78.5147,2025-06-24,12:34:56,20.8,6,1.92,-24.86,-10.2286,342.729,132,64.97,51.72,60.26,-4.34,1011.95,28.59
2.22595,-78.4731,2025-06-24,12:34:56,20.9,6,0.99,-24.97,-10.2264,342.694,40.86,132.95,135.91,28.41,-4.95,1026.07,23.76
2.15,-78.4301,2025-06-24,12:34:56,21,7,0.81,-25,-10.2242,342.658,159.73,21.02,176.23,36.86,3,1005.43,28.05
2.07481,-78.3858,2025-06-24,12:34:56,21.1,7,1.26,-24.97,-10.222,342.621,105.72,115.63,42.02,140.73,3.77,1025.42,23.64
2.0004,-78.3402,2025-06-24,12:34:56,21.2,8,1.92,-24.86,-10.2199,342.584,153.44,33.59,137.14,179.51,4.71,1024.08,27.95
1.9268,-78.2934,2025-06-24,12:34:56,21.3,11,0.99,-24.69,-10.2178,342.546,12.44,83.85,31.39,48.08,4.52,952.01,26.58
1.85404,-78.2452,2025-06-24,12:34:56,21.4,6,1.01,-24.45,-10.2159,342.507,154.1,8.24,98.36,159.39,-2.86,1032.47,32.45
1.78212,-78.1958,2025-06-24,12:34:56,21.5,10,1.97,-24.15,-10.2141,342.467,150.2,119.69,68.15,101.51,-3.09,1010.83,27.29
1.71107,-78.1451,2025-06-24,12:34:56,21.6,9,1.9,-23.78,-10.2126,342.426,139.39,50.65,68.81,143.58,-1.33,1040.82,32.94
1.64092,-78.0932,2025-06-24,12:34:56,21.7,8,1.83,-23.34,-10.2113,342.385,92,17.44,137.89,80.74,-2.63,1031.44,32.69
1.57169,-78.0401,2025-06-24,12:34:56,21.8,6,0.57,-22.84,-10.2103,342.342,52.57,39.26,87.32,8.91,-1.45,996.62,25.56
1.5034,-77.9857,2025-06-24,12:34:56,21.9,9,1.42,-22.28,-10.2097,342.299,25.87,64.92,4.2,158.83,-0.41,959.01,31.05
1.43606,-77.9302,2025-06-24,12:34:56,22,11,1.5,-21.65,-10.2095,342.255,99.95,15.11,176.72,159.08,0.39,1023.71,31.69
1.3697,-77.8735,2025-06-24,12:34:56,22.1,12,1.78,-20.97,-10.2097,316.25,123.89,135.57,63,33.73,-3.3,953.04,28.5
1.30435,-77.8157,2025-06-24,12:34:56,22.2,12,1.55,-20.23,-10.2104,317.35,97.52,62.81,157.9,132.96,2.12,1035.54,25.66
1.24001,-77.7568,2025-06-24,12:34:56,22.3,8,1.3,-19.43,-10.2111,318.46,145.65,179.25,159.35,163.29,4.32,963.86,34.59
1.17671,-77.6967,2025-06-24,12:34:56,22.4,7,1.24,-18.58,-10.2119,319.56,139.31,77.07,37.14,145.46,3.85,1014.5,27.81
1.11447,-77.6355,2025-06-24,12:34:56,22.5,10,1,-17.68,-10.2126,320.66,143.35,40.75,56.1,72.47,-2.48,1031.64,20.1
1.0533,-77.5733,2025-06-24,12:34:56,22.6,9,1.71,-16.73,-10.2134,321.75,98.29,24.57,78.6,56.67,-4.85,996.2,24.4
0.993231,-77.51,2025-06-24,12:34:56,22.7,9,1.01,-15.73,-10.2142,322.85,104.6,38.75,161.58,1.93,-1.45,1038.77,21.9
0.934276,-77.4457,2025-06-24,12:34:56,22.8,11,1.14,-14.69,-10.215,323.95,160.07,57.93,9.37,67.8,-2.92,1022.31,32.38
0.876452,-77.3803,2025-06-24,12:34:56,22.9,9,1.51,-13.62,-10.2158,325.04,95.21,176.22,76.52,50.69,-1.74,962.33,23.51
0.819778,-77.3139,2025-06-24,12:34:56,23,10,1.71,-12.5,-10.2166,326.13,116.98,113.57,71,177.27,-1.25,968.07,26.66
0.76427,-77.2466,2025-06-24,12:34:56,23.1,9,1.72,-11.35,-10.2173,327.22,162.01,124.86,122.23,32.29,-4.58,1037.44,22.02
0.709946,-77.1783,2025-06-24,12:34:56,23.2,9,0.61,-10.17,-10.2181,328.3,87.63,40.5,57.34,112.6,-4.31,961.45,30.55
0.656822,-77.1091,2025-06-24,12:34:56,23.3,12,1.06,-8.96,-10.2188,329.39,168.45,165.21,139.08,170.25,1.17,961.19,21.65
0.604915,-77.0389,2025-06-24,12:34:56,23.4,9,0.59,-7.73,-10.2195,330.47,24.51,59.34,81.39,58.67,3.26,985.36,25.02
0.55424,-76.9679,2025-06-24,12:34:56,23.5,6,1.24,-6.47,-10.2201,331.55,59.98,34.41,39.57,78.08,4.42,1022.16,31.37
0.504812,-76.896,2025-06-24,12:34:56,23.6,8,0.7,-5.2,-10.2207,332.63,73.56,118.1,81.72,62.94,-3,980.64,28.62
0.456647,-76.8232,2025-06-24,12:34:56,23.7,9,1.74,-3.91,-10.2212,333.71,137.85,162.74,155.01,89.17,-4.21,991.04,28.27
0.40976,-76.7496,2025-06-24,12:34:56,23.8,12,1.74,-2.61,-10.2216,334.78,137.94,90.52,72.14,9.3,-1.07,1044.39,26.52
0.364163,-76.6752,2025-06-24,12:34:56,23.9,12,1.16,-1.31,-10.222,335.86,106.73,30.81,138.11,21.46,-1.22,984.2,30.27
0.319873,-76.6,2025-06-24,12:34:56,24,6,1.9,0,-10.2223,336.93,115.84,93.43,74.03,105.74,-1.24,1038.87,32.82
0.276901,-76.524,2025-06-24,12:34:56,24.1,11,0.87,1.31,-10.2225,338,121.3,177.58,153.22,63.16,4.23,983.77,22
0.235262,-76.4474,2025-06-24,12:34:56,24.2,8,0.81,2.61,-10.2226,339.06,36.06,141.26,113.12,16.08,2.97,999.58,29.46
0.194967,-76.37,2025-06-24,12:34:56,24.3,12,1.53,3.91,-10.2226,340.13,159.97,0.7,69.06,142.42,3.1,971.37,21.08
0.15603,-76.2919,2025-06-24,12:34:56,24.4,10,0.63,5.2,-10.2225,341.19,9.76,96.79,54.48,176.21,-1.3,965.05,25.13
0.118461,-76.2131,2025-06-24,12:34:56,24.5,12,1.43,6.47,-10.2223,342.25,89.03,85.43,10.13,61.1,-3.39,1018.59,21.05
0.0822727,-76.1337,2025-06-24,12:34:56,24.6,11,0.72,7.73,-10.2221,343.31,13.63,124.37,89.46,55.03,0.16,998.86,29.25
0.0474757,-76.0537,2025-06-24,12:34:56,24.7,10,1.92,8.96,-10.2218,344.36,71.35,103.16,7.03,123.5,-3.19,983.92,23.54
0.0140807,-75.973,2025-06-24,12:34:56,24.8,12,1.98,10.17,-10.2215,345.42,12.63,97.13,80.85,66.28,-3.07,988.26,29.43
-0.0179021,-75.8918,2025-06-24,12:34:56,24.9,8,1.72,11.35,-10.2212,346.47,44.94,113.77,42.35,57.67,-4.77,987.8,32.49
-0.0484631,-75.8101,2025-06-24,12:34:56,25,8,1.37,12.5,-10.2208,347.52,63.5,26.33,139.18,1.93,1.25,951.01,31.44
-0.0775929,-75.7278,2025-06-24,12:34:56,25.1,12,1.49,13.62,-10.2204,348.56,151.01,104.4,78.46,120.19,-2.74,1005.41,33.24
-0.105283,-75.6451,2025-06-24,12:34:56,25.2,10,2,14.69,-10.2201,349.61,12.44,126.27,11.36,45.72,2.05,1037.6,28.16
-0.131524,-75.5619,2025-06-24,12:34:56,25.3,11,1.4,15.73,-10.2197,350.65,148.19,75.45,84.21,52.92,3.29,982.81,27.99
-0.156308,-75.4782,2025-06-24,12:34:56,25.4,6,0.6,16.73,-10.2194,351.69,175.3,125.31,126.21,148.54,-2.14,1008.94,22.51
-0.179629,-75.3941,2025-06-24,12:34:56,25.5,7,1.27,17.68,-10.219,352.73,114.43,68.53,133.74,55.3,2.47,994.13,21.77
-0.201479,-75.3096,2025-06-24,12:34:56,25.6,9,0.63,18.58,-10.2187,353.76,23.31,50.61,69.48,85.86,2.97,1012,21.91
-0.22185,-75.2248,2025-06-24,12:34:56,25.7,11,1.26,19.43,-10.2184,354.79,113.57,91.71,110.58,167.83,4.85,992.06,30.62
-0.240738,-75.1396,2025-06-24,12:34:56,25.8,7,0.79,20.23,-10.2182,355.83,50.35,0.48,153.71,173.35,3.35,1017.61,20.13
-0.258136,-75.054,2025-06-24,12:34:56,25.9,10,1.47,20.97,-10.218,356.85,163.05,145.22,81.33,163.1,4.02,1026.81,26.04
-0.274039,-74.9682,2025-06-24,12:34:56,26,8,1.22,21.65,-10.2178,357.88,126.44,156.3,45.16,121.26,2.56,955.83,34.26
-0.288442,-74.8822,2025-06-24,12:34:56,26.1,11,1.14,22.28,-10.2177,358.9,33.3,5.24,144.51,5.62,0.43,1012.96,29.13
-0.30134,-74.7959,2025-06-24,12:34:56,26.2,11,1.82,22.84,-10.2176,359.92,111.43,150.57,108.93,18.14,-0.3,965.98,22.9
-0.312731,-74.7093,2025-06-24,12:34:56,26.3,11,0.89,23.34,-10.2176,339.019,51.53,167.75,94.28,71.71,-1.45,972.33,26.94
-0.322609,-74.6226,2025-06-24,12:34:56,26.4,8,1.75,23.78,-10.2176,338.948,29.83,116.17,165.07,102.1,-1.3,996.86,23.46
-0.330973,-74.5358,2025-06-24,12:34:56,26.5,8,1.25,24.15,-10.2176,338.877,58.11,108.11,143.43,79.24,3.01,998.3,20.65
-0.33782,-74.4488,2025-06-24,12:34:56,26.6,10,1.7,24.45,-10.2177,338.805,77.47,25.64,69.09,43.4,-4.91,1023.58,32.39
-0.343148,-74.3617,2025-06-24,12:34:56,26.7,12,1.46,24.69,-10.2178,338.733,163.35,127.77,98.98,89.14,2.19,977.76,32.48
-0.346954,-74.2745,2025-06-24,12:34:56,26.8,9,1.25,24.86,-10.2179,338.66,122.87,22.32,153.92,14.13,-4.02,969.7,31.34
-0.349238,-74.1873,2025-06-24,12:34:56,26.9,8,1.56,24.97,-10.218,338.586,104.04,61.54,6.87,29.65,-3.6,957.61,26.34
-0.35,-74.1,2025-06-24,12:34:56,27,6,1.16,25,-10.2182,338.512,8.59,168.56,27.18,68.22,3.98,1047.37,25.51
-0.349238,-74.0127,2025-06-24,12:34:56,27.1,8,1.46,24.97,-10.2184,338.437,178.49,112.67,96.38,159.41,3.25,1016.98,29.93
-0.346954,-73.9255,2025-06-24,12:34:56,27.2,11,1.2,24.86,-10.2186,338.881,121.48,32.76,18.45,60.44,1.15,1028.1,21.25
-0.343148,-73.8383,2025-06-24,12:34:56,27.3,11,1.97,24.69,-10.2187,339.312,96.5,159.43,3.55,10.08,4.42,1033.92,25.3
-0.33782,-73.7512,2025-06-24,12:34:56,27.4,11,1.9,24.45,-10.2189,339.729,96.52,99.24,16.44,100.53,1.55,1013.4,21.75
-0.330973,-73.6642,2025-06-24,12:34:56,27.5,9,1.88,24.15,-10.219,340.132,23.4,116.87,92.93,112.69,-3.65,967.68,28.74
-0.322609,-73.5774,2025-06-24,12:34:56,27.6,8,1.74,23.78,-10.2191,340.521,117.08,96.73,13.69,38.31,1.02,1048.15,24.71
-0.312731,-73.4907,2025-06-24,12:34:56,27.7,10,1.96,23.34,-10.2193,340.897,123.76,168.08,49.6,122.85,1.85,985.32,20.3
-0.30134,-73.4041,2025-06-24,12:34:56,27.8,12,1.51,22.84,-10.2194,341.258,70.95,168.08,92.45,26.7,-2.54,954.24,26.55
-0.288442,-73.3178,2025-06-24,12:34:56,27.9,8,1.61,22.28,-10.2194,341.604,77.12,20.79,159.08,49.33,-1.13,973.18,21.83
-0.274039,-73.2318,2025-06-24,12:34:56,28,10,0.89,21.65,-10.2195,341.935,119.56,32.3,55.89,110.09,4.37,1041.45,28.62
-0.258136,-73.146,2025-06-24,12:34:56,28.1,6,0.99,20.97,-10.2196,342.251,76.33,120.61,61.16,80.79,-2.34,993.43,23.02
-0.240738,-73.0604,2025-06-24,12:34:56,28.2,9,1.22,20.23,-10.2196,342.552,111.34,122.37,18.26,117.42,-3.11,964.61,23.35
-0.22185,-72.9752,2025-06-24,12:34:56,28.3,7,1.83,19.43,-10.2197,342.837,173.08,48.77,170.42,83.25,3.6,1026.68,33.08
-0.201479,-72.8904,2025-06-24,12:34:56,28.4,11,1.43,18.58,-10.2197,343.106,29.37,141.12,94.37,41.64,-1.17,1013.38,25.97
-0.179629,-72.8059,2025-06-24,12:34:56,28.5,7,1.66,17.68,-10.2197,343.359,163.88,152.27,6.96,126.03,2.77,1028.22,21.21
-0.156308,-72.7218,2025-06-24,12:34:56,28.6,10,1.94,16.73,-10.2197,343.595,64.25,122.6,68.82,151.18,-1.05,962.98,30.14
-0.131524,-72.6381,2025-06-24,12:34:56,28.7,8,1.24,15.73,-10.2196,343.814,49.38,167.14,107.97,32.97,-4.36,1023.6,26.71
-0.105283,-72.5549,2025-06-24,12:34:56,28.8,9,0.77,14.69,-10.2196,344.016,12.07,3.96,170.34,71.3,-1.04,1043.62,29.94
-0.0775929,-72.4722,2025-06-24,12:34:56,28.9,6,1.89,13.62,-10.2196,344.201,158.41,49.21,94.38,148.92,-4.06,1028.28,20.34
-0.0484631,-72.3899,2025-06-24,12:34:56,29,8,1.8,12.5,-10.2195,344.368,175.26,160.66,163.31,149.85,1.35,995.36,34.87
-0.0179021,-72.3082,2025-06-24,12:34:56,29.1,11,1.66,11.35,-10.2195,344.517,63.25,166.97,57.08,108.67,2.57,1032.39,32.99
0.0140807,-72.227,2025-06-24,12:34:56,29.2,11,1.95,10.17,-10.2194,344.647,59.68,27.04,122.02,141.38,0.41,1045.14,34.11
0.0474757,-72.1463,2025-06-24,12:34:56,29.3,7,0.89,8.96,-10.2193,344.759,36.25,66.45,174.97,116.94,1.62,1036.62,23.96
0.0822727,-72.0663,2025-06-24,12:34:56,29.4,7,1.61,7.73,-10.2193,344.851,168.93,137.23,104.81,104.85,-4.67,1019.76,21.97
0.118461,-71.9869,2025-06-24,12:34:56,29.5,11,1.8,6.47,-10.2192,344.924,154.44,163.55,135.46,42.5,0.5,1016.92,25.26
0.15603,-71.9081,2025-06-24,12:34:56,29.6,8,1.48,5.2,-10.2192,344.978,37.95,76.95,145.38,115.93,-0.97,1032.88,32.38
0.194967,-71.83,2025-06-24,12:34:56,29.7,11,0.89,3.91,-10.2191,345.011,132.67,102.47,136.16,152.13,3.93,1045.14,20.74
0.235262,-71.7526,2025-06-24,12:34:56,29.8,9,1.41,2.61,-10.219,345.024,100.59,98.19,133.27,33.91,0.07,963.17,20.61
0.276901,-71.676,2025-06-24,12:34:56,29.9,11,0.76,1.31,-10.219,345.016,124.92,61.6,154.12,139.5,1.99,1029.25,27.63
0.319873,-71.6,2025-06-24,12:34:56,30,6,1.23,0,-10.219,344.987,177.13,103.96,50.12,66.99,0.12,1028.52,27.09
0.364163,-71.5248,2025-06-24,12:34:56,30.1,8,1.27,-1.31,-10.2189,344.937,42.52,126.88,48.01,156.02,1.65,979.03,30.6
0.40976,-71.4504,2025-06-24,12:34:56,30.2,6,1.79,-2.61,-10.2189,344.864,16.34,78.33,63.05,112.69,3.51,1033.08,33.29
0.456647,-71.3768,2025-06-24,12:34:56,30.3,6,1.95,-3.91,-10.2189,344.769,123.19,2.43,80.07,38.65,4.66,974.49,25.62
0.504812,-71.304,2025-06-24,12:34:56,30.4,10,1.51,-5.2,-10.2188,344.652,78.86,21.98,46.14,8.73,0.75,1011.74,29.68
0.55424,-71.2321,2025-06-24,12:34:56,30.5,11,1.91,-6.47,-10.2188,344.511,156.22,20.66,15.32,143.79,1.8,981.14,29.77
0.604915,-71.1611,2025-06-24,12:34:56,30.6,11,1.74,-7.73,-10.2188,344.346,128.41,111.69,129.34,122.82,-2.93,960.43,26.14
0.656822,-71.0909,2025-06-24,12:34:56,30.7,9,1.42,-8.96,-10.2188,344.158,82.69,28,113.61,163.46,-0.8,950.98,31.55
0.709946,-71.0217,2025-06-24,12:34:56,30.8,9,0.97,-10.17,-10.2188,343.946,54.45,136.04,107.97,29.99,-2.56,1024.04,23.96
0.76427,-70.9534,2025-06-24,12:34:56,30.9,7,1.12,-11.35,-10.2189,343.708,117.31,174.76,22,121.58,-3.38,1028.8,21.18
0.819778,-70.8861,2025-06-24,12:34:56,31,11,1.78,-12.5,-10.2189,343.445,8.45,148.27,94.91,17.2,-4.59,987.91,31.48
0.876452,-70.8197,2025-06-24,12:34:56,31.1,6,1.84,-13.62,-10.2189,343.156,2.51,23.24,80.98,37.05,2.27,1008.4,30.5
0.934276,-70.7543,2025-06-24,12:34:56,31.2,7,1.74,-14.69,-10.2189,342.841,32.58,132.33,92.23,154.53,-2.52,1012.22,20.22
0.993231,-70.69,2025-06-24,12:34:56,31.3,12,1.21,-15.73,-10.2189,342.5,61.84,25.9,57.92,40,-3.33,1027.86,21.52
1.0533,-70.6267,2025-06-24,12:34:56,31.4,7,0.63,-16.73,-10.219,342.569,148.79,179.85,169.06,97.17,2.29,1037.79,26.09
1.11447,-70.5645,2025-06-24,12:34:56,31.5,6,1.4,-17.68,-10.219,342.642,25.62,23.22,31.38,168.33,-0.62,1040.97,20.58
1.17671,-70.5033,2025-06-24,12:34:56,31.6,11,1.71,-18.58,-10.219,342.717,99.52,132.95,82.54,39.33,1.89,1001.74,31.94
1.24001,-70.4432,2025-06-24,12:34:56,31.7,7,1.38,-19.43,-10.2191,342.795,81.31,170.85,54.14,30.36,2.69,1029.42,21.5
1.30435,-70.3843,2025-06-24,12:34:56,31.8,9,0.78,-20.23,-10.2191,342.877,137.16,93.29,171.01,80.46,1.44,969.05,25.29
1.3697,-70.3265,2025-06-24,12:34:56,31.9,10,1.98,-20.97,-10.2191,342.961,10,88.2,145.9,22.75,-1.27,1017.61,29.1
1.43606,-70.2698,2025-06-24,12:34:56,32,8,1.01,-21.65,-10.2191,343.049,58.01,150.05,94.45,158.52,-3.1,1006.7,29.92
1.5034,-70.2143,2025-06-24,12:34:56,32.1,6,0.56,-22.28,-10.2191,343.139,22.89,139.83,81.37,153.26,0.13,1011.08,34.6
1.57169,-70.1599,2025-06-24,12:34:56,32.2,9,0.58,-22.84,-10.2192,343.233,130.32,29.85,125.14,139.21,1.7,1027.3,30.83
1.64092,-70.1068,2025-06-24,12:34:56,32.3,9,1.14,-23.34,-10.2192,343.32,101.21,97.73,6.39,20,4.87,1039.82,22.19
1.71107,-70.0549,2025-06-24,12:34:56,32.4,9,1.34,-23.78,-10.2192,343.401,64.95,135.69,82.67,75.38,-2.11,1011.9,23.22
1.78212,-70.0042,2025-06-24,12:34:56,32.5,9,1.31,-24.15,-10.2192,343.474,146.98,66.32,84.51,142.88,-0.8,1039.69,28.81
1.85404,-69.9548,2025-06-24,12:34:56,32.6,9,1.52,-24.45,-10.2192,343.541,121.46,127.76,7.82,4.86,-2.56,982.52,27.8
1.9268,-69.9066,2025-06-24,12:34:56,32.7,8,1.32,-24.69,-10.2192,343.601,46.98,115.15,91.59,11.36,3.88,973.7,21.89
2.0004,-69.8598,2025-06-24,12:34:56,32.8,8,1.22,-24.86,-10.2192,343.655,55.94,54.96,120.51,54.7,0.94,989.16,28.79
2.07481,-69.8142,2025-06-24,12:34:56,32.9,10,1.64,-24.97,-10.2192,343.703,48.25,148.42,135.76,46.64,-4.53,976.85,24.71
2.15,-69.7699,2025-06-24,12:34:56,33,11,1.43,-25,-10.2192,343.745,136.44,21.55,22.83,114.42,0.9,977.31,29.9
2.22595,-69.7269,2025-06-24,12:34:56,33.1,9,0.65,-24.97,-10.2192,343.781,91.01,155.85,64.98,174.94,1.92,968.93,23.54
2.30264,-69.6853,2025-06-24,12:34:56,33.2,9,1.42,-24.86,-10.2192,343.812,155.57,10.51,0.48,47.09,4.01,1016.3,28.84
2.38005,-69.645,2025-06-24,12:34:56,33.3,12,1.48,-24.69,-10.2192,343.837,166.63,127.24,65.02,126.07,-0.12,1017.48,29.64
2.45814,-69.606,2025-06-24,12:34:56,33.4,10,1.3,-24.45,-10.2191,343.857,5.76,117.68,114.72,171.28,-4.48,1021.18,34.75
2.53691,-69.5685,2025-06-24,12:34:56,33.5,12,1.97,-24.15,-10.2191,343.872,70.58,108.97,114.45,144.2,-2.5,961.26,25.55
2.61632,-69.5323,2025-06-24,12:34:56,33.6,12,1.49,-23.78,-10.2191,343.883,25.43,121.75,149.86,62.69,1.21,969.55,21.5
2.69634,-69.4975,2025-06-24,12:34:56,33.7,8,0.97,-23.34,-10.2191,343.888,70.46,92.16,6.24,129.54,2.84,1031.4,27.74
2.77697,-69.4641,2025-06-24,12:34:56,33.8,7,0.83,-22.84,-10.2191,343.89,162.42,100.5,165.17,4.16,-3.64,992.04,26.09
2.85816,-69.4321,2025-06-24,12:34:56,33.9,7,1.4,-22.28,-10.2191,343.887,160.89,137.79,164.03,45.33,-2.62,1016.63,31.24
2.9399,-69.4015,2025-06-24,12:34:56,34,7,0.6,-21.65,-10.2191,343.881,10.12,62.72,52.12,39.38,2.28,975.98,30.95
3.02216,-69.3724,2025-06-24,12:34:56,34.1,7,0.93,-20.97,-10.2191,343.871,36.64,30.51,6.26,100.88,0.45,958.46,27.23
3.10492,-69.3447,2025-06-24,12:34:56,34.2,9,1.29,-20.23,-10.2191,343.858,10.88,140.01,143.78,17.43,0.39,1027.12,20.62
3.18814,-69.3185,2025-06-24,12:34:56,34.3,9,1.67,-19.43,-10.2191,343.843,96.85,46.96,126.72,79.68,-3.59,1018.24,25.6
3.27181,-69.2937,2025-06-24,12:34:56,34.4,10,0.96,-18.58,-10.2191,343.824,49.56,154.77,100.57,83.3,-3.98,953.01,32.51
3.3559,-69.2704,2025-06-24,12:34:56,34.5,11,1.83,-17.68,-10.219,343.804,32.46,143.62,173.68,153.73,-1.1,956.35,31.36
3.44039,-69.2485,2025-06-24,12:34:56,34.6,6,1.44,-16.73,-10.219,343.781,56.06,74.69,74.96,39.68,-3.52,1016.61,25.95
3.52524,-69.2281,2025-06-24,12:34:56,34.7,9,0.57,-15.73,-10.219,343.757,169.07,119.25,45.3,79.54,2.5,1032.3,22.77
3.61044,-69.2093,2025-06-24,12:34:56,34.8,12,0.76,-14.69,-10.219,343.732,116.42,162.95,154.23,131.92,3.08,997.65,28.81
3.69596,-69.1919,2025-06-24,12:34:56,34.9,7,0.74,-13.62,-10.219,343.706,155.15,177.92,95.93,97.95,-4.65,1029.31,33.37
3.78176,-69.176,2025-06-24,12:34:56,35,11,1.97,-12.5,-10.219,343.68,6.37,37.28,103.45,14.42,0,984.71,34.21
3.86783,-69.1616,2025-06-24,12:34:56,35.1,6,1.07,-11.35,-10.219,343.654,178.54,89.19,43.91,125.27,4.3,990.61,24.05
3.95413,-69.1487,2025-06-24,12:34:56,35.2,9,1.02,-10.17,-10.219,343.628,35.12,19.9,115.36,114.71,-2.28,1011.88,34.47
4.04065,-69.1373,2025-06-24,12:34:56,35.3,10,1.43,-8.96,-10.2191,343.604,0.16,96.68,94.13,35.51,4.42,961.33,28.72
4.12736,-69.1274,2025-06-24,12:34:56,35.4,6,0.8,-7.73,-10.2191,343.58,83.83,179.32,175.25,174.71,-2.95,982.55,24.21
4.21422,-69.119,2025-06-24,12:34:56,35.5,7,0.6,-6.47,-10.2191,343.559,41.57,44.74,75.66,106.84,0.29,1011.97,22.13
4.30122,-69.1122,2025-06-24,12:34:56,35.6,7,1.1,-5.2,-10.2191,343.54,20.14,173.54,178.1,96.27,3.48,961.93,20.67
4.38832,-69.1069,2025-06-24,12:34:56,35.7,10,1.71,-3.91,-11.19,343.524,129.6,74.13,91.65,35.65,-4.52,1006.53,22.6
4.4755,-69.103,2025-06-24,12:34:56,35.8,12,1.68,-2.61,-10.2385,343.511,156.06,147.07,72.42,89.62,4.65,954.87,26.06
4.56274,-69.1008,2025-06-24,12:34:56,35.9,6,0.65,-1.31,-10.2389,343.502,54.92,39.84,57.62,110.36,4.44,989.33,25.07
4.65,-69.1,2025-06-24,12:34:56,0,7,1.2,0,-10.2393,343.498,153.03,49.38,125.06,77.38,-2.76,1038.12,25.78
4.73726,-69.1008,2025-06-24,12:34:56,0.1,12,0.62,1.31,-10.2397,343.499,13.49,34.54,156.33,1.82,-3.13,977.72,24.58
4.8245,-69.103,2025-06-24,12:34:56,0.2,11,1,2.61,-10.2401,343.506,94.58,88.38,83.62,112.23,-3.43,1038.46,23.79
4.91168,-69.1069,2025-06-24,12:34:56,0.3,11,0.59,3.91,-10.2405,343.52,111.39,65.9,87.54,132.22,-1.11,1006.39,29.88
4.99878,-69.1122,2025-06-24,12:34:56,0.4,9,1.44,5.2,-10.241,343.54,100.1,133.01,35.13,129.51,-2.7,959.28,29.92
5.08578,-69.119,2025-06-24,12:34:56,0.5,8,1.39,6.47,-10.2414,343.559,14.07,130.09,174.34,24.48,-1.45,992.02,29.37
5.17264,-69.1274,2025-06-24,12:34:56,0.6,6,1.75,7.73,-10.2419,343.578,110.2,80.71,70.54,71.21,-3.47,998.99,29.44
5.25935,-69.1373,2025-06-24,12:34:56,0.7,8,0.68,8.96,-10.2423,343.595,37.1,33.47,166.32,133.72,-2.25,954.19,24.02
5.34587,-69.1487,2025-06-24,12:34:56,0.8,11,0.66,10.17,-10.2428,343.611,38.54,146.54,75.88,54.98,-4.79,987.97,22.73
5.43217,-69.1616,2025-06-24,12:34:56,0.9,9,1.46,11.35,-10.2432,343.626,35.92,78.13,115.65,68.55,4.06,1041.62,29.39
5.51824,-69.176,2025-06-24,12:34:56,1,11,1.38,12.5,-10.2437,343.639,150.4,27.74,124.91,168.02,-3.22,966.68,31.28
5.60404,-69.1919,2025-06-24,12:34:56,1.1,8,0.63,13.62,-10.2442,343.651,46.55,26.49,76.88,80.22,-3.77,1036.01,24.05
5.68956,-69.2093,2025-06-24,12:34:56,1.2,12,0.98,14.69,-10.2447,343.661,3.63,95.48,66.36,25.1,-3.26,966.98,24.33
5.77476,-69.2281,2025-06-24,12:34:56,1.3,10,1.41,15.73,-10.2452,343.669,30.1,167.9,60.45,128.12,2.62,956.32,23.97
5.85961,-69.2485,2025-06-24,12:34:56,1.4,7,1.77,16.73,-10.2458,343.676,52.73,57.61,26.98,27.66,3.53,988.52,26.89
5.9441,-69.2704,2025-06-24,12:34:56,1.5,12,1.78,17.68,-10.2463,343.682,106.17,30.89,142.05,173.75,-2.19,991.26,27.53
6.02819,-69.2937,2025-06-24,12:34:56,1.6,7,1.7,18.58,-10.2468,343.686,165.01,79.9,41.17,142.25,4.15,984.24,24.28
6.11186,-69.3185,2025-06-24,12:34:56,1.7,10,1.13,19.43,-10.2474,343.689,157.33,11.56,99.66,156.88,0.9,967.17,29.61
6.19508,-69.3447,2025-06-24,12:34:56,1.8,12,0.93,20.23,-10.2479,343.691,7.1,146.13,70.8,19.22,0.38,1022.88,27.99
6.27784,-69.3724,2025-06-24,12:34:56,1.9,12,0.58,20.97,-10.2485,343.691,109.2,149.46,12.54,51.26,-4.36,951.77,28.02
6.3601,-69.4015,2025-06-24,12:34:56,2,9,0.72,21.65,-10.2491,343.691,168.09,167.55,96.42,92.25,-2.87,1000.13,21.25
6.44184,-69.4321,2025-06-24,12:34:56,2.1,10,1.14,22.28,-10.2497,343.69,118.64,151.45,11.73,131.2,4.35,982.81,24.41
6.52303,-69.4641,2025-06-24,12:34:56,2.2,6,1.96,22.84,-10.2503,343.688,52.19,101.12,13.67,34.58,4.89,974.77,25.88
6.60366,-69.4975,2025-06-24,12:34:56,2.3,12,0.81,23.34,-10.2509,343.686,63.58,103.47,32.84,171.38,0.41,991.68,33.74
6.68368,-69.5323,2025-06-24,12:34:56,2.4,11,1.3,23.78,-10.2516,343.683,115.08,151.97,62.52,94.52,3.71,960.42,32.65
6.76309,-69.5685,2025-06-24,12:34:56,2.5,9,1.04,24.15,-10.2522,343.679,25.73,175.5,167.02,153.07,2.07,1001.06,22.12
6.84186,-69.606,2025-06-24,12:34:56,2.6,9,1.45,24.45,-10.2529,343.675,56.23,80.99,11.56,14.1,1.57,1013.59,30
6.91995,-69.645,2025-06-24,12:34:56,2.7,12,0.73,24.69,-10.2536,343.671,110.63,13.76,126.71,85.34,3.44,979.85,29.06
6.99736,-69.6853,2025-06-24,12:34:56,2.8,12,1.08,24.86,-10.2543,343.667,89.17,0.64,64.31,27.64,2.61,972.88,25.45
7.07405,-69.7269,2025-06-24,12:34:56,2.9,7,1.89,24.97,-10.255,343.663,114.73,157.76,151.7,132.64,-4.82,1014.55,21.91
7.15,-69.7699,2025-06-24,12:34:56,3,11,0.78,25,-10.2557,343.658,18.33,53.71,41.7,178.99,-1.88,989.73,28.87
7.22519,-69.8142,2025-06-24,12:34:56,3.1,11,0.74,24.97,-10.2564,343.654,121.03,96.12,64.8,177.31,-1.9,1020.96,28.3
7.2996,-69.8598,2025-06-24,12:34:56,3.2,12,0.94,24.86,-10.2572,343.649,54.73,34.55,73.85,69.1,-3.16,1037.73,22.09
7.3732,-69.9066,2025-06-24,12:34:56,3.3,7,0.91,24.69,-10.2579,343.645,145.63,2.21,23.79,153.92,-0.18,969.62,31.98
7.44596,-69.9548,2025-06-24,12:34:56,3.4,7,1.19,24.45,-10.2587,343.641,3,163.54,179.71,4.21,-2.58,1002.07,30.95
7.51788,-70.0042,2025-06-24,12:34:56,3.5,11,1.12,24.15,-10.2595,343.637,79.21,19.23,167.59,79.41,-1.15,1038.91,27.4
7.58893,-70.0549,2025-06-24,12:34:56,3.6,8,1.2,23.78,-10.2603,343.634,145.81,66.43,17.25,136.55,1.77,1035.31,29.55
7.65908,-70.1068,2025-06-24,12:34:56,3.7,9,1.78,23.34,-10.2611,343.631,57.54,62.66,88.26,141.91,2.09,1033.13,26.15
7.72831,-70.1599,2025-06-24,12:34:56,3.8,7,0.65,22.84,-10.262,343.629,52.59,24.44,165.21,136.59,2.52,1040.11,21.11
7.7966,-70.2143,2025-06-24,12:34:56,3.9,8,1.4,22.28,-10.2628,343.627,114.65,18.18,94.58,169.54,-0.72,999.96,28.15
7.86394,-70.2698,2025-06-24,12:34:56,4,7,0.76,21.65,-10.2637,343.625,135.92,13.6,101.82,41.18,-0.1,1038.97,20.53
7.9303,-70.3265,2025-06-24,12:34:56,4.1,8,1.83,20.97,-10.2646,343.624,159.46,44.93,41.83,78.28,-3.51,1000.32,31.32
7.99565,-70.3843,2025-06-24,12:34:56,4.2,11,0.73,20.23,-10.2655,343.623,93.67,28.76,103.65,145.66,2.75,1026.08,28.27
8.05999,-70.4432,2025-06-24,12:34:56,4.3,12,1.77,19.43,-10.2664,343.623,22.39,94.19,63.15,29.96,0.66,1013.59,23.05
8.12329,-70.5033,2025-06-24,12:34:56,4.4,9,0.89,18.58,-10.2674,343.624,122.53,133.9,162.34,99.58,3.53,1010.98,30.26
8.18553,-70.5645,2025-06-24,12:34:56,4.5,8,1.84,17.68,-10.2683,343.624,97.93,131.05,65.25,48.18,-1.13,1030.31,23.59
8.2467,-70.6267,2025-06-24,12:34:56,4.6,6,1.22,16.73,-10.2693,343.626,58.24,20.62,25.5,173.37,-2.31,979.54,33.83
8.30677,-70.69,2025-06-24,12:34:56,4.7,7,1.03,15.73,-10.2703,343.627,7.49,67.61,158.62,53.74,-3.09,1019.35,34.96
8.36572,-70.7543,2025-06-24,12:34:56,4.8,11,1.46,14.69,-10.2519,343.63,47.23,77.66,139.16,93.44,0.44,986.02,21.9
8.42355,-70.8197,2025-06-24,12:34:56,4.9,10,1.41,13.62,-10.2522,343.632,52.12,47.39,2.43,46.23,-1.24,953.16,27.04
8.48022,-70.8861,2025-06-24,12:34:56,5,8,1.45,12.5,-10.2525,343.634,19.73,100.72,169.37,96.42,-2.68,1048.06,22.09
8.53573,-70.9534,2025-06-24,12:34:56,5.1,6,1.77,11.35,-10.2527,343.637,33.28,4.48,170.74,139.79,3.72,1033.27,30.17
8.59005,-71.0217,2025-06-24,12:34:56,5.2,10,1.01,10.17,-10.253,343.64,3.72,98.96,67.38,94.85,0.26,1030.35,24.57
8.64318,-71.0909,2025-06-24,12:34:56,5.3,7,0.82,8.96,-10.2533,343.643,151.99,176.57,82.51,38.33,-2.69,953.89,32.79
8.69508,-71.1611,2025-06-24,12:34:56,5.4,12,1.7,7.73,-10.2535,343.645,34.62,85.64,127.72,111.93,3.14,995.57,30.58
8.74576,-71.2321,2025-06-24,12:34:56,5.5,6,0.63,6.47,-10.2538,343.647,33.23,108.5,102.23,134.59,-0.16,995.86,25.1
8.79519,-71.304,2025-06-24,12:34:56,5.6,12,1.45,5.2,-10.254,343.649,8.86,177.69,112.99,37.96,-1.32,974.31,34.85
8.84335,-71.3768,2025-06-24,12:34:56,5.7,12,1.02,3.91,-10.2542,343.65,98.07,91.21,97.71,170.95,0.87,1032.87,26.34
8.89024,-71.4504,2025-06-24,12:34:56,5.8,6,1.16,2.61,-10.2545,343.651,109.87,106.43,166.9,85.07,2.41,1024.42,23.54
8.93584,-71.5248,2025-06-24,12:34:56,5.9,8,1.94,1.31,-10.2547,343.652,114.51,4.06,22.09,69.66,-4.99,1001.46,26.17
8.98013,-71.6,2025-06-24,12:34:56,6,12,0.72,0,-10.255,343.653,50.51,129.7,68.33,34.97,-3.53,1010.03,30.85
9.0231,-71.676,2025-06-24,12:34:56,6.1,11,1.82,-1.31,-10.2552,343.653,173.91,81.73,25.66,25.46,-3.48,1022.48,24.34
9.06474,-71.7526,2025-06-24,12:34:56,6.2,10,0.77,-2.61,-10.2554,343.653,37.39,51.63,115.51,74.04,4.33,1021.46,21.72
9.10503,-71.83,2025-06-24,12:34:56,6.3,10,0.52,-3.91,-10.2556,343.653,4.63,177.84,81.6,88.65,-0.56,1015.27,34.55
9.14397,-71.9081,2025-06-24,12:34:56,6.4,8,1.29,-5.2,-10.2558,343.653,13.48,59.12,102.9,121.02,-2.4,969.55,30.35
9.18154,-71.9869,2025-06-24,12:34:56,6.5,12,1.27,-6.47,-10.256,343.652,17.58,66.11,40.24,134.45,2.54,1024.83,31.94
9.21773,-72.0663,2025-06-24,12:34:56,6.6,7,1.26,-7.73,-10.2562,343.652,120.51,43.42,86.08,21.73,2.01,1037.25,32.16
9.25252,-72.1463,2025-06-24,12:34:56,6.7,10,1.91,-8.96,-10.2564,343.651,124.83,74.01,105.93,46.84,1.62,1048.55,21.84
9.28592,-72.227,2025-06-24,12:34:56,6.8,12,1.39,-10.17,-10.2566,343.65,151.75,155.45,77.23,55.29,0.3,986.11,26.61
9.3179,-72.3082,2025-06-24,12:34:56,6.9,9,1.33,-11.35,-10.2568,343.649,46.26,118.05,117.72,112.12,-3.57,976.87,28.34
9.34846,-72.3899,2025-06-24,12:34:56,7,9,1.86,-12.5,-10.2569,343.648,146.39,68.28,82.27,35.7,-2.22,971.24,31.85
9.37759,-72.4722,2025-06-24,12:34:56,7.1,6,0.5,-13.62,-10.2571,343.648,157.64,129.75,174.48,112.66,2.48,966.38,23.79
9.40528,-72.5549,2025-06-24,12:34:56,7.2,9,0.61,-14.69,-10.2572,343.647,57.36,80.47,146.83,23.16,-0.05,996.26,29.61
9.43152,-72.6381,2025-06-24,12:34:56,7.3,9,0.67,-15.73,-10.2574,343.646,95.54,70.11,91.67,143.21,2.98,957.01,24.63
9.45631,-72.7218,2025-06-24,12:34:56,7.4,12,1.2,-16.73,-10.2575,343.645,135.17,79.52,134.69,17.11,0.09,1039.78,31.59
9.47963,-72.8059,2025-06-24,12:34:56,7.5,7,1.68,-17.68,-10.2576,343.644,73.06,124.59,140.49,90.64,1.66,1010.63,22.21
9.50148,-72.8904,2025-06-24,12:34:56,7.6,11,1.44,-18.58,-10.2577,343.644,158.61,91.02,82.24,129.86,-4.47,1042.32,23.56
9.52185,-72.9752,2025-06-24,12:34:56,7.7,6,1.47,-19.43,-10.2578,343.643,27.21,54.54,138.98,120.03,4.86,1022.65,33.69
9.54074,-73.0604,2025-06-24,12:34:56,7.8,12,1.19,-20.23,-10.2579,343.643,124.21,2.82,167.67,113.32,-0.08,1026.48,26.54
9.55814,-73.146,2025-06-24,12:34:56,7.9,11,1.67,-20.97,-10.258,343.642,129.1,81.2,162.3,115.01,1.7,995.42,31.97
9.57404,-73.2318,2025-06-24,12:34:56,8,6,1.44,-21.65,-10.258,343.642,116.88,66.58,3.38,165.99,0.45,985.1,32.01
9.58844,-73.3178,2025-06-24,12:34:56,8.1,12,0.55,-22.28,-10.2581,343.641,3.88,13.66,130.36,98.54,3.9,974.75,22.41
9.60134,-73.4041,2025-06-24,12:34:56,8.2,6,1.09,-22.84,-10.2581,343.641,82.79,178.07,141.77,135.66,4.46,1047.46,33.73
9.61273,-73.4907,2025-06-24,12:34:56,8.3,10,0.99,-23.34,-10.2581,343.641,1.25,149.49,142.84,3.22,4.17,951.72,25.37
9.62261,-73.5774,2025-06-24,12:34:56,8.4,10,0.86,-23.78,-10.2581,343.641,127.44,10.01,119.22,56.81,3.26,1019.73,22.04
9.63097,-73.6642,2025-06-24,12:34:56,8.5,12,0.95,-24.15,-10.2581,343.641,46.89,92.44,88.34,57.17,-4.48,984.52,22.66
9.63782,-73.7512,2025-06-24,12:34:56,8.6,12,1.42,-24.45,-10.2581,343.641,21.55,161.22,143.95,10,0.09,1012.01,27.08
9.64315,-73.8383,2025-06-24,12:34:56,8.7,8,1.49,-24.69,-10.258,343.641,49.76,103.44,74.67,9.03,3.56,1006.3,28.97
9.64695,-73.9255,2025-06-24,12:34:56,8.8,12,1.58,-24.86,-10.258,343.641,48.98,152.32,13.92,157,4.06,980.07,31.23
9.64924,-74.0127,2025-06-24,12:34:56,8.9,6,1.61,-24.97,-10.2579,343.641,86.94,10.36,116.16,177.69,2.13,1043.56,31.8
9.65,-74.1,2025-06-24,12:34:56,9,11,0.98,-25,-10.2578,343.642,165.45,150.13,33.68,21.73,2.29,996.47,25.08
9.64924,-74.1873,2025-06-24,12:34:56,9.1,9,1.59,-24.97,-10.2577,343.642,166.04,29.71,54.21,124.61,2.21,971.6,26.21
9.64695,-74.2745,2025-06-24,12:34:56,9.2,10,1.65,-24.86,-10.2576,343.642,163.72,21.21,18.2,107.17,-3.82,1021.48,20.32
9.64315,-74.3617,2025-06-24,12:34:56,9.3,6,1.75,-24.69,-10.2574,343.643,157.02,33.16,98.24,93.17,-2.6,953.71,20.72
9.63782,-74.4488,2025-06-24,12:34:56,9.4,11,1.53,-24.45,-10.2572,343.643,106.48,37.63,89.95,90.2,-3.49,982.98,29.76
9.63097,-74.5358,2025-06-24,12:34:56,9.5,6,1.85,-24.15,-10.257,343.644,152.34,138.17,51.83,52.24,4.05,1028.82,25.14
9.62261,-74.6226,2025-06-24,12:34:56,9.6,10,1.97,-23.78,-10.2568,343.644,123.05,171.84,133.07,21.48,4.93,951.16,28.96
9.61273,-74.7093,2025-06-24,12:34:56,9.7,11,1.38,-23.34,-10.2565,343.644,3.75,61.8,33.45,3.42,-3.22,1041.3,20.72
9.60134,-74.7959,2025-06-24,12:34:56,9.8,12,0.51,-22.84,-10.2563,343.645,35.68,162.17,154.84,10.67,-2.91,1038.58,26.49
9.58844,-74.8822,2025-06-24,12:34:56,9.9,8,1.18,-22.28,-10.2563,343.645,11.26,123.8,106.99,108.56,1.49,1001.59,25.75
9.57404,-74.9682,2025-06-24,12:34:56,10,11,0.55,-21.65,-10.2564,343.645,104.09,33.47,149.08,143.63,-0.36,991.22,22.11
9.55814,-75.054,2025-06-24,12:34:56,10.1,8,0.69,-20.97,-10.2565,343.645,171.54,101.11,36.76,164.87,-2.67,1028.59,20.06
9.54074,-75.1396,2025-06-24,12:34:56,10.2,7,0.61,-20.23,-10.2566,343.646,88.12,37.28,173.38,43.86,-4.14,1009.62,23.32
9.52185,-75.2248,2025-06-24,12:34:56,10.3,8,1.47,-19.43,-10.2567,343.646,133.84,54.23,105.88,34.35,-3.64,1034.48,33.5
9.50148,-75.3096,2025-06-24,12:34:56,10.4,6,1.71,-18.58,-10.2567,343.646,175.23,111.11,59.7,160.46,0.23,980.87,24.07
9.47963,-75.3941,2025-06-24,12:34:56,10.5,9,1.95,-17.68,-10.2568,343.646,100.53,172.57,25.7,159,2.88,1040.22,34.46
9.45631,-75.4782,2025-06-24,12:34:56,10.6,12,1.79,-16.73,-10.2568,343.646,26.82,97.42,155.97,170.96,2.87,961.46,29.42
9.43152,-75.5619,2025-06-24,12:34:56,10.7,7,1.57,-15.73,-10.2569,343.646,95.48,137.06,98.82,177.52,3.78,961.98,30.62
9.40528,-75.6451,2025-06-24,12:34:56,10.8,11,0.68,-14.69,-10.257,343.646,24.99,88.11,5.35,109.9,-4.09,1003.51,25.3
9.37759,-75.7278,2025-06-24,12:34:56,10.9,12,1.85,-13.62,-10.257,343.646,150.17,85.42,31,116.48,3.34,1015.56,30.56
9.34846,-75.8101,2025-06-24,12:34:56,11,9,1.08,-12.5,-10.2571,343.645,7.7,11.6,14.43,31.83,-0.67,964.23,24.11
9.3179,-75.8918,2025-06-24,12:34:56,11.1,9,1.3,-11.35,-10.2571,343.645,9.89,117.99,156.64,54.52,-2.51,1004.51,21.57
9.28592,-75.973,2025-06-24,12:34:56,11.2,11,0.58,-10.17,-10.2571,343.645,26.02,126.69,20.98,168.98,0.89,982.27,27.21
9.25252,-76.0537,2025-06-24,12:34:56,11.3,11,0.66,-8.96,-10.2572,343.645,61.05,107.93,14.68,17.11,-0.42,952.06,31.85
9.21773,-76.1337,2025-06-24,12:34:56,11.4,6,0.53,-7.73,-10.2572,343.645,69.61,101.88,126.81,64.96,-4.13,952.78,20.32
9.18154,-76.2131,2025-06-24,12:34:56,11.5,9,1.7,-6.47,-10.2572,343.645,26.02,149.36,99.43,72.64,-0.56,1018.06,32.45
9.14397,-76.2919,2025-06-24,12:34:56,11.6,8,0.73,-5.2,-10.2572,343.644,0.73,161.23,0.13,4.12,-1.19,982.96,29.57
9.10503,-76.37,2025-06-24,12:34:56,11.7,7,1.87,-3.91,-10.2573,343.644,135.94,169.34,15.62,80.72,-2.87,1031.52,30.27
9.06474,-76.4474,2025-06-24,12:34:56,11.8,7,0.84,-2.61,-10.2573,343.644,17.13,126.97,78.17,115.77,3.93,995.72,21.52
9.0231,-76.524,2025-06-24,12:34:56,11.9,6,1.07,-1.31,-10.2573,343.644,45.34,79.28,14.58,148.39,-2.07,1022.96,33.34
8.98013,-76.6,2025-06-24,12:34:56,12,11,1.35,0,-10.2573,343.644,1.15,148.84,129.01,125.65,0.19,1019.43,25.04
8.93584,-76.6752,2025-06-24,12:34:56,12.1,6,0.64,1.31,-10.2573,343.644,98.98,21.85,110.85,29.08,-2.4,1031.59,28.69
8.89024,-76.7496,2025-06-24,12:34:56,12.2,6,1.48,2.61,-10.2573,343.644,178.94,85.65,35.54,25.96,-0.15,1004.01,22.18
8.84335,-76.8232,2025-06-24,12:34:56,12.3,11,0.98,3.91,-10.2573,343.644,177.29,119.62,120.61,112.44,-4.62,970.04,27.77
8.79519,-76.896,2025-06-24,12:34:56,12.4,6,1.47,5.2,-10.2573,343.644,175.14,147.85,73.21,37.18,0.49,952.3,33.84
8.74576,-76.9679,2025-06-24,12:34:56,12.5,12,0.59,6.47,-10.2573,343.644,46.23,122.34,77.79,29.98,-3.8,981.2,30.23
8.69508,-77.0389,2025-06-24,12:34:56,12.6,10,0.71,7.73,-10.2573,343.644,148.74,8.76,85.82,119.06,3.52,996.7,29.57
8.64318,-77.1091,2025-06-24,12:34:56,12.7,10,0.68,8.96,-10.2573,343.644,87.72,21.68,25.39,36.53,-1.33,1027.11,30.58
8.59005,-77.1783,2025-06-24,12:34:56,12.8,8,1.17,10.17,-10.2573,343.644,144.09,103.37,35.2,116.61,-4.25,1008.32,33.57
8.53573,-77.2466,2025-06-24,12:34:56,12.9,12,1.95,11.35,-10.2573,343.644,152.91,92.75,33.53,128.21,0.48,1013.8,25.84
8.48022,-77.3139,2025-06-24,12:34:56,13,8,1.82,12.5,-10.2573,343.644,60.09,167.7,3.44,89.21,-2.81,965.78,23.46
8.42355,-77.3803,2025-06-24,12:34:56,13.1,6,1.16,13.62,-10.2573,343.644,6.91,6.78,121.75,41.21,-0.06,1022.59,34.64
8.36572,-77.4457,2025-06-24,12:34:56,13.2,7,1.86,14.69,-10.2572,343.644,164.85,154.49,62.45,96.34,1.12,969.44,22.53
8.30677,-77.51,2025-06-24,12:34:56,13.3,7,1.09,15.73,-10.2572,343.644,55.11,107.16,42.83,36.22,1.12,1011.02,24.32
8.2467,-77.5733,2025-06-24,12:34:56,13.4,10,1.57,16.73,-10.2572,343.644,133.9,130.27,135.86,151.24,1.55,982.19,32.61
8.18553,-77.6355,2025-06-24,12:34:56,13.5,12,1.95,17.68,-10.2572,343.644,32.14,142.56,73.46,108.51,3.87,964.66,25.53
8.12329,-77.6967,2025-06-24,12:34:56,13.6,10,0.64,18.58,-10.2572,343.644,154.47,119.43,104.76,159.33,0.31,997.92,21.82
8.05999,-77.7568,2025-06-24,12:34:56,13.7,11,1.96,19.43,-10.2572,343.644,75.26,172.82,176.42,98.88,-2.59,982.67,20.22
7.99565,-77.8157,2025-06-24,12:34:56,13.8,6,1.67,20.23,-10.2571,343.644,11.22,103.79,89.57,166.43,3.58,980.25,34.92
7.9303,-77.8735,2025-06-24,12:34:56,13.9,9,1.85,20.97,-10.2571,343.644,169.48,76.37,128.65,58.04,0.12,1009.53,33.82
7.86394,-77.9302,2025-06-24,12:34:56,14,6,0.51,21.65,-10.2571,343.644,43.52,47.61,85.73,34.55,0.08,1047.19,28.79
7.7966,-77.9857,2025-06-24,12:34:56,14.1,8,1.02,22.28,-10.2571,343.644,105.57,26.6,116.02,154.63,-4.73,1000.89,24.69
7.72831,-78.0401,2025-06-24,12:34:56,14.2,11,1.37,22.84,-10.2571,343.644,92.26,85.29,9.07,13.68,4.85,1034,30.89
7.65908,-78.0932,2025-06-24,12:34:56,14.3,6,1.83,23.34,-10.2571,343.644,139.33,113.23,177.11,100.79,-4.93,971.45,22.17
7.58893,-78.1451,2025-06-24,12:34:56,14.4,8,0.58,23.78,-10.2571,343.644,175.52,57.12,43.1,135.68,4.43,1048.11,26.13
7.51788,-78.1958,2025-06-24,12:34:56,14.5,11,1.08,24.15,-10.2571,343.645,16.15,108.46,83.77,34.18,3.67,1030,31.7
7.44596,-78.2452,2025-06-24,12:34:56,14.6,7,1.94,24.45,-10.2571,343.645,140.54,1.58,72.79,21.95,4.46,952.84,27.17
7.3732,-78.2934,2025-06-24,12:34:56,14.7,10,1.62,24.69,-10.2571,343.645,122.71,157.54,100.05,108.27,-2.86,977.5,30.23
7.2996,-78.3402,2025-06-24,12:34:56,14.8,7,1.73,24.86,-10.2571,343.645,79.84,32.62,91.32,170.4,3.11,963.87,31.61
7.22519,-78.3858,2025-06-24,12:34:56,14.9,6,1.62,24.97,-10.2571,343.645,165.87,116.4,126.8,110.87,4.14,995.93,33.14
7.15,-78.4301,2025-06-24,12:34:56,15,6,1.75,25,-10.2571,343.645,56.62,125.57,74.32,144.2,2.44,972.3,20.06
7.07405,-78.4731,2025-06-24,12:34:56,15.1,6,0.59,24.97,-10.2571,343.645,148.86,118.59,116.42,91.93,-2.63,994.9,22.05
6.99736,-78.5147,2025-06-24,12:34:56,15.2,8,0.63,24.86,-10.2571,343.644,134.88,178.15,12.95,78.77,0.24,1028.24,29.85
6.91995,-78.555,2025-06-24,12:34:56,15.3,6,1.45,24.69,-10.2571,343.644,121.65,50.86,58.77,49,3.66,1043.39,24.2
6.84186,-78.594,2025-06-24,12:34:56,15.4,9,1.21,24.45,-10.2572,343.644,78.63,120.11,66.54,87.5,2.81,955.77,30.06
6.76309,-78.6315,2025-06-24,12:34:56,15.5,7,0.72,24.15,-10.2572,343.644,95.48,119.36,4.67,52.01,1.89,984.76,33.96
6.68368,-78.6677,2025-06-24,12:34:56,15.6,6,1,23.78,-10.2572,343.644,39.41,0.02,71.24,145.85,-0.84,990.21,23.95
6.60366,-78.7025,2025-06-24,12:34:56,15.7,9,0.75,23.34,-10.2572,343.644,133.01,57.08,99.62,13.04,1.21,971.45,22.52
6.52303,-78.7359,2025-06-24,12:34:56,15.8,6,1.4,22.84,2.92,343.644,0.45,59.2,148.77,175.27,-0.63,952.38,24.33
6.44184,-78.7679,2025-06-24,12:34:56,15.9,10,1.08,22.28,-9.99364,343.644,157.69,67.79,114,150.65,-2.6,1032.69,33.46
6.3601,-78.7985,2025-06-24,12:34:56,16,10,1.41,21.65,-9.98837,343.644,174.72,48.83,156.54,137.53,2.79,1006.34,32.33
6.27784,-78.8276,2025-06-24,12:34:56,16.1,10,0.85,20.97,-9.983,343.644,45.46,110.94,74.65,50.12,-0.58,1021.54,21.72
6.19508,-78.8553,2025-06-24,12:34:56,16.2,9,1.35,20.23,-9.97752,343.644,95.75,5.5,26.71,68.61,-2.08,1028.34,24.36
6.11186,-78.8815,2025-06-24,12:34:56,16.3,12,0.67,19.43,-9.97192,343.644,101.04,21.09,2.84,2.89,4.56,959.72,32.74
6.02819,-78.9063,2025-06-24,12:34:56,16.4,10,0.87,18.58,-9.96622,343.644,9.08,108.64,86.5,128.7,-2.06,981.13,27.02
5.9441,-78.9296,2025-06-24,12:34:56,16.5,7,1.17,17.68,-9.9604,343.644,5.24,130.38,174.96,130.66,-2.94,1005.52,34.75
5.85961,-78.9515,2025-06-24,12:34:56,16.6,8,1.32,16.73,-9.95446,343.644,32.94,19.96,147.96,60.51,2.67,1028.13,34.64
5.77476,-78.9719,2025-06-24,12:34:56,16.7,10,0.9,15.73,-9.94841,343.644,43.86,50.64,129.85,50.85,1.99,962.7,22.18
5.68956,-78.9907,2025-06-24,12:34:56,16.8,9,1.57,14.69,-9.94223,343.644,179.85,9.76,92.82,41.96,-1.04,971.77,23.89
5.60404,-79.0081,2025-06-24,12:34:56,16.9,6,0.76,13.62,-9.93593,343.644,142.92,76.84,165.09,49.73,-0.25,990.71,29.98
5.51824,-79.024,2025-06-24,12:34:56,17,12,1.28,12.5,-9.9295,343.644,49.69,60.82,13.5,166.63,-0.1,994.01,32.94
5.43217,-79.0384,2025-06-24,12:34:56,17.1,10,0.84,11.35,-9.92295,343.644,126.83,28.44,154.09,87.84,-3.91,1024.43,20.59
5.34587,-79.0513,2025-06-24,12:34:56,17.2,9,1.46,10.17,-9.91626,343.644,88.59,174.01,164.87,92.35,-2.31,1014.58,28.92
5.25935,-79.0627,2025-06-24,12:34:56,17.3,9,1.94,8.96,-9.90944,343.644,119.76,121.3,158.3,152.88,2.78,962.34,20.31
5.17264,-79.0726,2025-06-24,12:34:56,17.4,11,1.89,7.73,-9.90248,343.644,67.02,97.81,164.95,134.47,-2.76,1025.35,23.59
5.08578,-79.081,2025-06-24,12:34:56,17.5,11,0.53,6.47,-9.89538,343.644,120.07,7.32,22.9,130.86,4.01,962.57,20.33
4.99878,-79.0878,2025-06-24,12:34:56,17.6,10,1.72,5.2,-9.88814,343.644,110.57,90.24,125.67,107.58,0.75,975.15,28.61
4.91168,-79.0931,2025-06-24,12:34:56,17.7,12,1.69,3.91,-9.88076,343.644,149.83,33.44,63.68,47.91,-4.44,1012.82,20.4
4.8245,-79.097,2025-06-24,12:34:56,17.8,8,1.33,2.61,-9.87323,343.644,97.69,128.13,90.26,119.02,-0.3,1049.36,26.75
4.73726,-79.0992,2025-06-24,12:34:56,17.9,6,0.54,1.31,-9.86555,343.644,19.32,36.22,140.18,159.37,3.29,979.74,27.19
4.65,-79.1,2025-06-24,12:34:56,18,11,0.65,0,-9.85771,343.644,173.86,148.16,130.66,124.27,-4.13,981.59,29.78
4.56274,-79.0992,2025-06-24,12:34:56,18.1,9,0.57,-1.31,-9.84972,343.644,21.12,20.75,20.89,164.95,1.28,1024.21,26.6
4.4755,-79.097,2025-06-24,12:34:56,18.2,8,0.6,-2.61,-9.84157,343.644,166.3,81.1,169.15,95.3,3.55,1047.52,20.1
4.38832,-79.0931,2025-06-24,12:34:56,18.3,8,1.79,-3.91,-9.83326,343.644,63.06,51.65,121.92,162.79,-4.61,959.26,30.11
4.30122,-79.0878,2025-06-24,12:34:56,18.4,10,0.52,-5.2,-9.82478,343.644,26.8,95.94,155,166.65,2.7,974.25,30.99
4.21422,-79.081,2025-06-24,12:34:56,18.5,8,1.09,-6.47,-9.81613,343.644,147.91,8.47,42.42,92.93,4.86,1007.83,24.66
4.12736,-79.0726,2025-06-24,12:34:56,18.6,6,1.21,-7.73,-9.80731,343.644,39.92,103.65,167.27,47.61,-3.04,959.82,22.69
4.04065,-79.0627,2025-06-24,12:34:56,18.7,8,1.53,-8.96,-9.79831,343.644,76.12,109.3,48.1,136.66,-4.78,1039.55,27.82
3.95413,-79.0513,2025-06-24,12:34:56,18.8,7,1.04,-10.17,-9.78913,343.644,17.24,84.09,4.17,102.63,3.8,1027.97,21.87
3.86783,-79.0384,2025-06-24,12:34:56,18.9,6,1.06,-11.35,-9.77977,343.644,126.16,102.89,162.6,128.97,3.91,996.61,27.61
3.78176,-79.024,2025-06-24,12:34:56,19,11,0.83,-12.5,-9.77023,343.644,33.75,60.37,59.87,172.58,-3.47,959.65,28.88
3.69596,-79.0081,2025-06-24,12:34:56,19.1,11,0.92,-13.62,-9.76049,343.644,36.27,29.23,146.68,54.5,4.4,1047.55,28.94
3.61044,-78.9907,2025-06-24,12:34:56,19.2,11,1.35,-14.69,-4.42,343.644,176.7,97.53,146.73,5.59,-4.59,975.07,22.56
3.52524,-78.9719,2025-06-24,12:34:56,19.3,8,1.75,-15.73,-4.62,343.644,118.13,45.35,133.71,157.9,-4.09,1017.92,23.06
3.44039,-78.9515,2025-06-24,12:34:56,19.4,10,1.41,-16.73,-4.82,343.644,46.69,22.58,116.29,109.99,-2.88,1046.09,29.99
3.3559,-78.9296,2025-06-24,12:34:56,19.5,8,1.16,-17.68,-5.02,343.644,61.59,156.21,133.99,102.8,-2.05,1041.4,29.4
3.27181,-78.9063,2025-06-24,12:34:56,19.6,6,1.28,-18.58,-5.22,343.644,86.7,146.95,155.64,37.2,-1.64,1027.11,20.45
3.18814,-78.8815,2025-06-24,12:34:56,19.7,6,1.13,-19.43,-5.42,343.644,49.31,60.9,30.17,29.86,2.95,951.72,29.17
3.10492,-78.8553,2025-06-24,12:34:56,19.8,8,1.4,-20.23,-5.62,343.644,123.54,129.73,17.34,17.41,1.71,975.93,27.02
3.02216,-78.8276,2025-06-24,12:34:56,19.9,8,0.84,-20.97,-5.81,291.6,162.02,149.48,155.71,140.2,2.39,1019.58,22.64
2.9399,-78.7985,2025-06-24,12:34:56,20,7,1.15,-21.65,-6,342.603,153.08,120.52,36,106.29,-4.61,1024.51,31.95
2.85816,-78.7679,2025-06-24,12:34:56,20.1,7,1.56,-22.28,-6.19,342.583,133.13,60.96,40.44,143.98,-4.74,956.64,33.18
2.77697,-78.7359,2025-06-24,12:34:56,20.2,6,1.58,-22.84,-6.38,342.561,10.32,79.17,154.85,51.14,-4.75,1009.17,21.72
2.69634,-78.7025,2025-06-24,12:34:56,20.3,10,0.54,-23.34,-6.56,342.54,108.5,159.17,60.73,15.63,-4.38,1029.02,21.62
2.61632,-78.6677,2025-06-24,12:34:56,20.4,11,1,-23.78,-6.75,342.518,4.89,49.3,40.77,30.56,-4.82,1026.6,29.86
2.53691,-78.6315,2025-06-24,12:34:56,20.5,9,1.26,-24.15,-6.93,342.495,83,146.56,137.13,94.9,-2.64,1025.25,31.53
2.45814,-78.594,2025-06-24,12:34:56,20.6,12,1.16,-24.45,-7.1,342.472,64.63,116.27,167.4,31.05,-4.49,978.28,26.82
2.38005,-78.555,2025-06-24,12:34:56,20.7,6,0.63,-24.69,-7.28,342.449,67.5,26.63,97.22,142.36,0.89,1045.72,31.85
2.30264,-78.5147,2025-06-24,12:34:56,20.8,12,1.2,-24.86,-7.45,342.425,92.4,21.08,81.67,133.96,-0.67,991.38,28.1
2.22595,-78.4731,2025-06-24,12:34:56,20.9,8,0.68,-24.97,-7.62,342.4,5.14,126.7,83.41,51.86,2.26,1011.05,20.39
2.15,-78.4301,2025-06-24,12:34:56,21,11,0.55,-25,-7.79,342.375,34.23,111.14,138.4,139.35,-1.41,1040.18,30.52
2.07481,-78.3858,2025-06-24,12:34:56,21.1,11,1.93,-24.97,-7.96,342.35,148.4,145.71,3.55,139.39,-3.22,955.66,34.07
2.0004,-78.3402,2025-06-24,12:34:56,21.2,9,1.64,-24.86,-8.12,342.324,70.48,78.47,5.3,22.24,-4.06,977.62,23.37
1.9268,-78.2934,2025-06-24,12:34:56,21.3,8,1.01,-24.69,-8.28,342.298,0.2,32.37,149.66,128.95,3.81,1040.15,33.28
1.85404,-78.2452,2025-06-24,12:34:56,21.4,9,0.68,-24.45,-8.44,342.271,15.89,37.92,134.41,176.34,4.84,959.54,22.6
1.78212,-78.1958,2025-06-24,12:34:56,21.5,8,1.59,-24.15,-8.6,342.243,167.33,65.05,22.37,143.27,3.27,1024.67,20.94
1.71107,-78.1451,2025-06-24,12:34:56,21.6,11,1.36,-23.78,-8.75,342.215,56.94,168.61,52.93,172.57,4.5,1048.27,25.1
1.64092,-78.0932,2025-06-24,12:34:56,21.7,6,1.21,-23.34,-8.9,342.187,49.23,55.15,141.3,98.64,-0.68,984.61,25.33
1.57169,-78.0401,2025-06-24,12:34:56,21.8,12,1.15,-22.84,-9.04,342.158,160.67,4.84,23.31,55.27,4.02,1040.49,29.53
1.5034,-77.9857,2025-06-24,12:34:56,21.9,6,1.15,-22.28,-9.19,342.128,38.69,47.41,138.84,60.38,0.16,1046.54,21.1
1.43606,-77.9302,2025-06-24,12:34:56,22,9,0.94,-21.65,-9.33,342.098,126.65,5.64,40.32,134.84,-1.96,987.47,25
1.3697,-77.8735,2025-06-24,12:34:56,22.1,9,1.68,-20.97,-9.46,342.067,74.45,112.65,82.68,149.57,1.77,995.86,24.56
1.30435,-77.8157,2025-06-24,12:34:56,22.2,11,1.67,-20.23,-9.6,342.035,29.68,71.8,110.02,101.73,-3.42,959.28,28.76
1.24001,-77.7568,2025-06-24,12:34:56,22.3,9,1.53,-19.43,-9.73,342.003,10.29,158.31,112.62,109.22,-3.1,1037.33,20.17
1.17671,-77.6967,2025-06-24,12:34:56,22.4,11,1.13,-18.58,-9.85,341.97,158.88,114.42,76.09,90.91,3.56,993.07,29.89
1.11447,-77.6355,2025-06-24,12:34:56,22.5,9,0.91,-17.68,-9.98,320.66,0.29,148.62,163.44,140.49,-2.55,979.63,34.36
1.0533,-77.5733,2025-06-24,12:34:56,22.6,7,1.49,-16.73,-10.1,321.75,137.72,141.99,12.01,151.57,0.44,961.4,22.55
0.993231,-77.51,2025-06-24,12:34:56,22.7,12,1.5,-15.73,-10.22,322.85,91.87,93.98,13.48,145.55,3.68,975.16,20.69
0.934276,-77.4457,2025-06-24,12:34:56,22.8,8,0.76,-14.69,-10.33,323.95,159.72,179.82,51.83,105.36,0.54,1015.44,28.28
0.876452,-77.3803,2025-06-24,12:34:56,22.9,7,1.56,-13.62,-10.44,325.04,82.91,81.74,11.48,132.97,4.66,1031.45,25.41
0.819778,-77.3139,2025-06-24,12:34:56,23,10,1.25,-12.5,-10.55,326.13,17.54,68.31,131.15,35.56,4.17,968.98,33.44
0.76427,-77.2466,2025-06-24,12:34:56,23.1,12,1.9,-11.35,-10.65,327.22,47.08,173.67,68.07,152.59,-3.2,1035.63,26.46
0.709946,-77.1783,2025-06-24,12:34:56,23.2,7,1.78,-10.17,-10.75,328.3,7.47,140.87,3.05,87.66,-0.56,1043.2,32.63
0.656822,-77.1091,2025-06-24,12:34:56,23.3,7,0.73,-8.96,-10.84,329.39,122.04,90.06,35.33,54.63,1.22,1009.43,26.13
0.604915,-77.0389,2025-06-24,12:34:56,23.4,9,0.85,-7.73,-10.94,330.47,18.47,171.88,141.43,44.84,-4.25,969.71,34.57
0.55424,-76.9679,2025-06-24,12:34:56,23.5,8,1.19,-6.47,-11.03,331.55,88.99,67.83,145.49,103.86,3.22,1035.23,22.36
0.504812,-76.896,2025-06-24,12:34:56,23.6,8,1.89,-5.2,-11.11,332.63,119.15,85.17,167.35,52.68,-0.46,1001.7,26.76
0.456647,-76.8232,2025-06-24,12:34:56,23.7,12,1.19,-3.91,-11.19,333.71,23.9,117.45,55.58,15.19,-4.71,1021.75,28.34
0.40976,-76.7496,2025-06-24,12:34:56,23.8,6,1.38,-2.61,-11.27,334.78,167.99,3.99,143.76,104.76,1.83,1025.91,20.63
0.364163,-76.6752,2025-06-24,12:34:56,23.9,8,1.24,-1.31,-11.34,335.86,128.05,17.95,143.55,155.89,4.37,992.03,22.89
0.319873,-76.6,2025-06-24,12:34:56,24,11,1.79,0,-11.41,336.93,96.17,108.28,117.45,140.57,4.55,972.49,20.31
0.276901,-76.524,2025-06-24,12:34:56,24.1,9,0.67,1.31,-8.48321,338,97.84,130.47,80.28,123.43,0.05,1035.44,29.87
0.235262,-76.4474,2025-06-24,12:34:56,24.2,11,1.55,2.61,-8.45766,339.06,118.38,145.85,106.38,18.05,1.45,1037.23,26.03
0.194967,-76.37,2025-06-24,12:34:56,24.3,9,1.7,3.91,-8.53842,340.13,26.21,77.33,110.69,36.04,4.91,974.32,29.84
0.15603,-76.2919,2025-06-24,12:34:56,24.4,10,1.54,5.2,-8.61679,341.19,126.11,9.35,142.79,102.72,-1.65,986.54,28.45
0.118461,-76.2131,2025-06-24,12:34:56,24.5,12,1.22,6.47,-8.69272,342.25,25.67,105.02,168.78,36.25,2.88,1031.6,20.62
0.0822727,-76.1337,2025-06-24,12:34:56,24.6,10,1.58,7.73,-8.76618,343.31,50.46,80.45,74.1,27.41,-4.58,985.93,20.08
0.0474757,-76.0537,2025-06-24,12:34:56,24.7,12,1.93,8.96,-8.8371,344.36,28.43,70.78,10.74,114.44,1.76,975.38,25.38
0.0140807,-75.973,2025-06-24,12:34:56,24.8,12,1.09,10.17,-8.90544,345.42,149.29,102.44,99.32,3.16,4.71,1045.09,30.42
-0.0179021,-75.8918,2025-06-24,12:34:56,24.9,7,1.46,11.35,-8.97115,346.47,159.55,7.02,39.43,151.7,0.49,959.48,29.76
-0.0484631,-75.8101,2025-06-24,12:34:56,25,10,1.94,12.5,-9.03437,347.52,52.05,116.64,10.81,156.71,1.82,1010.13,31.63
-0.0775929,-75.7278,2025-06-24,12:34:56,25.1,9,1.21,13.62,-9.09506,348.56,39.35,138.77,65.26,10.4,-3.06,960.58,23.55
-0.105283,-75.6451,2025-06-24,12:34:56,25.2,9,1.32,14.69,-9.15316,349.61,77.72,44.19,97.49,39.75,4.64,970.02,20.32
-0.131524,-75.5619,2025-06-24,12:34:56,25.3,12,1.06,15.73,-9.20862,350.65,29.29,124.3,155.18,91.22,-1.62,961.8,20.49
-0.156308,-75.4782,2025-06-24,12:34:56,25.4,7,0.83,16.73,-9.2616,351.69,37.52,121.27,120.55,74.07,-4.91,965.41,34.28
-0.179629,-75.3941,2025-06-24,12:34:56,25.5,10,1.36,17.68,-9.31183,352.73,82.84,71.5,137.67,93.93,3.76,999.25,23.11
-0.201479,-75.3096,2025-06-24,12:34:56,25.6,9,1.14,18.58,-9.35947,353.76,173.92,148.91,158.97,11,-4.19,1041.31,25.08
-0.22185,-75.2248,2025-06-24,12:34:56,25.7,10,1.44,19.43,-9.40466,354.79,156.05,169.66,150.51,136.72,1.96,964.95,24.72
-0.240738,-75.1396,2025-06-24,12:34:56,25.8,9,1.69,20.23,-9.44715,355.83,46.48,12.32,85,56.43,4.13,960.65,20.52
-0.258136,-75.054,2025-06-24,12:34:56,25.9,10,1.51,20.97,-9.48709,356.85,175.51,39.08,114.14,103.15,1.07,955.74,27.33
-0.274039,-74.9682,2025-06-24,12:34:56,26,8,1.42,21.65,-9.52443,357.88,26.69,4.26,123.16,30.89,3.86,1023.6,33.25
-0.288442,-74.8822,2025-06-24,12:34:56,26.1,10,0.99,22.28,-9.55912,358.9,116,134.15,41.62,27.95,0.45,971.84,28.38
-0.30134,-74.7959,2025-06-24,12:34:56,26.2,7,1.31,22.84,-9.5911,359.92,42.2,154.35,4.9,20.38,-0.08,982.9,30.75
-0.312731,-74.7093,2025-06-24,12:34:56,26.3,12,1.37,23.34,-9.62053,340.915,64.96,42.46,0.92,37.68,-3.3,952.9,32.87
-0.322609,-74.6226,2025-06-24,12:34:56,26.4,12,0.64,23.78,-9.64734,340.888,75.78,117.44,58.15,114.83,-4.99,953.54,24.67
-0.330973,-74.5358,2025-06-24,12:34:56,26.5,9,1.67,24.15,-9.67148,340.86,97.72,136.27,90.62,1.39,1.66,960.81,24.18
-0.33782,-74.4488,2025-06-24,12:34:56,26.6,10,1.76,24.45,-9.69291,340.832,41.11,69.89,27.9,62.53,-4.41,1045.19,30.37
-0.343148,-74.3617,2025-06-24,12:34:56,26.7,8,0.86,24.69,-9.71177,340.805,101.3,28.63,60.91,110.67,-0.75,994.62,32.68
-0.346954,-74.2745,2025-06-24,12:34:56,26.8,11,0.99,24.86,-9.72801,340.777,72.89,84.92,34.57,43.03,3.23,964.42,27.92
-0.349238,-74.1873,2025-06-24,12:34:56,26.9,6,1.57,24.97,-9.74177,340.75,30.83,30.58,102.78,101.98,-3.53,1016.42,24.63
-0.35,-74.1,2025-06-24,12:34:56,27,8,1.1,25,-9.7528,340.722,41.2,156.77,57.53,157.83,-2.05,999.56,22.24
-0.349238,-74.0127,2025-06-24,12:34:56,27.1,9,1.36,24.97,-9.76126,340.694,96.53,174.97,105.57,163.18,-3.83,958.92,33.25
-0.346954,-73.9255,2025-06-24,12:34:56,27.2,12,1.51,24.86,-9.76728,340.667,10.52,145.36,71.71,149.15,-2.95,1031.23,31.4
-0.343148,-73.8383,2025-06-24,12:34:56,27.3,9,1.85,24.69,-9.77063,340.64,6.17,85.01,41.63,52.71,2.41,1046.62,24.95
-0.33782,-73.7512,2025-06-24,12:34:56,27.4,11,0.77,24.45,-9.77144,340.612,32.52,169.81,115.93,109.61,-3.64,984.9,34.08
-0.330973,-73.6642,2025-06-24,12:34:56,27.5,9,1.77,24.15,-9.76987,340.585,140.24,69.09,73.07,170.07,3.84,1040.25,29.12
-0.322609,-73.5774,2025-06-24,12:34:56,27.6,10,0.93,23.78,-9.76567,340.984,91,60.98,60.3,49.47,-0.01,965.19,22.56
-0.312731,-73.4907,2025-06-24,12:34:56,27.7,9,1.24,23.34,-9.75898,341.368,12.12,75.92,19.07,117.6,-3.22,971.7,27.31
-0.30134,-73.4041,2025-06-24,12:34:56,27.8,11,1.34,22.84,-9.74976,341.739,157.57,159.75,3.86,132.63,-4.18,1032.69,32.54
-0.288442,-73.3178,2025-06-24,12:34:56,27.9,9,1.8,22.28,-9.73816,342.095,100.86,10.33,8.42,67.56,-3.12,980.74,21.15
-0.274039,-73.2318,2025-06-24,12:34:56,28,11,1.12,21.65,-9.72412,342.436,79.73,2.88,148.68,147.23,2.51,972.28,29.85
-0.258136,-73.146,2025-06-24,12:34:56,28.1,9,1.14,20.97,-9.7076,342.762,36.02,124.81,95.96,132.9,-0.92,1005.53,22.68
-0.240738,-73.0604,2025-06-24,12:34:56,28.2,10,1.96,20.23,-9.68875,343.073,127.38,32.1,128.88,105.85,-1.79,1041.87,33.56
-0.22185,-72.9752,2025-06-24,12:34:56,28.3,7,1.69,19.43,-9.66753,343.368,146.77,2.52,163.75,127.37,1.71,990.76,33.71
-0.201479,-72.8904,2025-06-24,12:34:56,28.4,11,1.53,18.58,-9.64408,343.648,164.8,88.84,101.27,113.26,2.57,1029.5,26.68
-0.179629,-72.8059,2025-06-24,12:34:56,28.5,10,0.84,17.68,-9.61816,343.911,95.42,125.28,177.29,37.45,3.5,1042.46,31.34
-0.156308,-72.7218,2025-06-24,12:34:56,28.6,7,0.8,16.73,-9.58992,344.158,39.77,57.85,157.99,46.57,2.13,991.51,20.31
-0.131524,-72.6381,2025-06-24,12:34:56,28.7,12,0.72,15.73,-9.55952,344.389,39.7,54.22,13.3,158.39,0.42,999.93,32.09
-0.105283,-72.5549,2025-06-24,12:34:56,28.8,7,0.58,14.69,-9.52691,344.603,97.34,145.24,158.75,112.87,-4.11,1039.67,22.98
-0.0775929,-72.4722,2025-06-24,12:34:56,28.9,12,1.52,13.62,-9.49205,344.799,21.82,108.14,43.5,134.83,2.33,1048.4,30.16
-0.0484631,-72.3899,2025-06-24,12:34:56,29,11,1.95,12.5,-9.45509,344.978,97.75,87.78,37.82,39.49,-3.66,1044.15,20.69
-0.0179021,-72.3082,2025-06-24,12:34:56,29.1,11,0.92,11.35,-9.416,345.139,10.55,49.58,142.87,18.65,2.34,986.31,22.25
0.0140807,-72.227,2025-06-24,12:34:56,29.2,10,1.17,10.17,-9.43465,345.282,144.62,79.93,0.96,175.89,-1.02,1039.67,32.68
0.0474757,-72.1463,2025-06-24,12:34:56,29.3,12,1.25,8.96,-9.45419,345.406,173.56,147.48,67.85,3.08,4.21,1045.39,22.2
0.0822727,-72.0663,2025-06-24,12:34:56,29.4,12,1.54,7.73,-9.47251,345.511,129.69,122.74,75.43,143.38,1.75,970.06,26.97
0.118461,-71.9869,2025-06-24,12:34:56,29.5,7,1.25,6.47,-9.48962,345.598,59.65,64.47,84.44,69.25,0.21,991.74,22.75
0.15603,-71.9081,2025-06-24,12:34:56,29.6,11,1.39,5.2,-9.50556,345.665,12.07,111.32,16.31,16.39,-3.52,1019.98,25.14
0.194967,-71.83,2025-06-24,12:34:56,29.7,6,1.52,3.91,-9.52035,345.712,104.97,166.99,36.39,88.97,4.78,1036.45,23.11
0.235262,-71.7526,2025-06-24,12:34:56,29.8,9,1.14,2.61,-9.53401,345.739,139.9,112.77,164.58,105.61,0.2,972.47,24.15
0.276901,-71.676,2025-06-24,12:34:56,29.9,9,0.65,1.31,-9.54658,345.745,24.83,4.92,159.18,78.77,-4.51,1033.28,29.45
0.319873,-71.6,2025-06-24,12:34:56,30,11,0.95,0,-9.55809,345.731,116.8,109.46,50.56,1.42,-1.88,1019.7,22.04
0.364163,-71.5248,2025-06-24,12:34:56,30.1,8,1.37,-1.31,-9.56857,345.695,59.04,1,82.67,166.84,0.2,1020.51,22.67
0.40976,-71.4504,2025-06-24,12:34:56,30.2,6,1.21,-2.61,-9.57804,345.638,22.43,132.97,159,72.31,-0.6,1010.53,34.41
0.456647,-71.3768,2025-06-24,12:34:56,30.3,11,1.77,-3.91,-9.58653,345.558,14.59,26.2,79.06,34.56,1.23,971.69,21.41
0.504812,-71.304,2025-06-24,12:34:56,30.4,6,1.18,-5.2,-9.59409,345.457,138.94,112.64,78.8,20.13,-0.59,978.61,29.24
0.55424,-71.2321,2025-06-24,12:34:56,30.5,12,1.99,-6.47,-9.60074,345.332,111.31,10.31,17.62,9.92,1.73,1024.89,29.99
0.604915,-71.1611,2025-06-24,12:34:56,30.6,9,1.48,-7.73,-9.60652,345.184,172.2,76.46,60.95,99.4,4.94,1018.06,27.9
0.656822,-71.0909,2025-06-24,12:34:56,30.7,11,1.05,-8.96,-9.61146,345.012,26.51,119.52,179.97,41.45,-4.8,1019.61,34.83
0.709946,-71.0217,2025-06-24,12:34:56,30.8,6,1.04,-10.17,-9.6156,344.817,141.91,15.72,5.85,65.74,1.44,968.79,29.6
0.76427,-70.9534,2025-06-24,12:34:56,30.9,8,1.16,-11.35,-9.61897,344.597,27.95,34.59,155.43,128.1,3.93,1034.57,30.24
0.819778,-70.8861,2025-06-24,12:34:56,31,9,0.57,-12.5,-9.6216,344.352,177.66,30.34,5.06,90.17,4.94,1017.32,25.75
0.876452,-70.8197,2025-06-24,12:34:56,31.1,10,0.88,-13.62,-9.62355,344.081,173.09,153.2,121.49,145.69,0.12,970.1,27.3
0.934276,-70.7543,2025-06-24,12:34:56,31.2,8,2,-14.69,-9.62484,343.785,59.62,101.57,132.71,137.42,-0.51,951.17,20.03
0.993231,-70.69,2025-06-24,12:34:56,31.3,9,1.21,-15.73,-9.62551,343.462,169.36,9.13,83.15,27.64,0.09,1034.02,25.65
1.0533,-70.6267,2025-06-24,12:34:56,31.4,11,0.67,-16.73,-9.62561,343.513,30.46,10.97,57.5,22.72,0.36,1041.04,26
1.11447,-70.5645,2025-06-24,12:34:56,31.5,9,0.96,-17.68,-9.62517,343.565,135.48,143.6,137.19,156.57,2.85,1027.39,23.74
1.17671,-70.5033,2025-06-24,12:34:56,31.6,12,1.86,-18.58,-9.62425,343.619,158.51,107.84,85.95,73.93,1.33,1036.31,27.25
1.24001,-70.4432,2025-06-24,12:34:56,31.7,9,0.53,-19.43,-9.62288,343.675,116.17,60.41,169.37,61.43,4.48,992.27,26.89
1.30435,-70.3843,2025-06-24,12:34:56,31.8,9,0.69,-20.23,-9.6211,343.733,115.78,64.73,77.71,130.24,5,999.55,28.82
1.3697,-70.3265,2025-06-24,12:34:56,31.9,9,0.75,-20.97,-9.61896,343.792,131.59,168.79,51.58,160.23,-2.87,1018.57,24.31
1.43606,-70.2698,2025-06-24,12:34:56,32,7,1.41,-21.65,-9.6165,343.852,136.12,125.29,81.67,40.51,-3.39,965.88,32.39
1.5034,-70.2143,2025-06-24,12:34:56,32.1,6,1.45,-22.28,-9.61378,343.915,19.24,68.05,128.32,61.32,-2.43,954.41,29.81
1.57169,-70.1599,2025-06-24,12:34:56,32.2,8,0.69,-22.84,-9.61083,343.979,39.03,177.16,125.98,100.09,1.87,1039.98,32.89
1.64092,-70.1068,2025-06-24,12:34:56,32.3,9,0.55,-23.34,-9.6077,344.046,23.44,28.41,68.2,13.07,3.89,966.67,22.33
1.71107,-70.0549,2025-06-24,12:34:56,32.4,10,1.68,-23.78,-9.60444,344.114,86.07,17.55,26.1,78.57,4.29,1003.42,25.25
1.78212,-70.0042,2025-06-24,12:34:56,32.5,8,1.83,-24.15,-9.6011,344.184,140.75,115.42,33.96,28.07,-0.43,1049.77,23.39
1.85404,-69.9548,2025-06-24,12:34:56,32.6,9,1.08,-24.45,-9.59772,344.256,126.89,56.48,136.3,139.57,4.06,1029.22,31.91
1.9268,-69.9066,2025-06-24,12:34:56,32.7,12,1.41,-24.69,-9.59437,344.321,71.29,138.81,126.99,147.06,-2.6,996.44,30.13
2.0004,-69.8598,2025-06-24,12:34:56,32.8,12,1.85,-24.86,-9.59107,344.38,25.52,75.24,18.8,88.4,0.36,986.59,31.66
2.07481,-69.8142,2025-06-24,12:34:56,32.9,7,1.97,-24.97,-9.5879,344.433,24.51,64.4,156.39,53.79,-4.23,956.96,33.49
2.15,-69.7699,2025-06-24,12:34:56,33,6,0.74,-25,-9.58489,344.48,27.72,169.38,42.22,162.82,-3.78,1002.42,32.03
2.22595,-69.7269,2025-06-24,12:34:56,33.1,7,0.59,-24.97,-9.58211,344.521,77.07,48.43,75.99,48.58,3.95,987.58,24.22
2.30264,-69.6853,2025-06-24,12:34:56,33.2,9,0.82,-24.86,-9.5796,344.556,8.73,142.84,34.46,138.19,3.05,982.64,34.48
2.38005,-69.645,2025-06-24,12:34:56,33.3,7,1.46,-24.69,-9.57742,344.586,81.98,177.84,55.58,61.57,-0.01,994.05,30.6
2.45814,-69.606,2025-06-24,12:34:56,33.4,12,0.69,-24.45,-9.57561,344.61,135.27,54.91,63.12,9.81,-2.7,970.51,32.41
2.53691,-69.5685,2025-06-24,12:34:56,33.5,9,1.82,-24.15,-9.57424,344.629,83.54,123.17,81.54,68.4,-3.63,1015.9,25.73
2.61632,-69.5323,2025-06-24,12:34:56,33.6,6,0.65,-23.78,-9.57337,344.644,71.82,32.04,82.11,22.56,0.3,968.32,33.32
2.69634,-69.4975,2025-06-24,12:34:56,33.7,6,1.85,-23.34,-9.57304,344.653,58.26,15.78,125.12,171.48,1.41,951.09,33.87
2.77697,-69.4641,2025-06-24,12:34:56,33.8,6,1.39,-22.84,-9.57331,344.659,44.13,123.65,155.25,62.68,4.74,1038.28,30.27
2.85816,-69.4321,2025-06-24,12:34:56,33.9,6,1.32,-22.28,-9.57423,344.66,15.79,40.78,40.31,145.25,-2.54,1040.52,21.81
2.9399,-69.4015,2025-06-24,12:34:56,34,7,1.7,-21.65,-9.57588,344.657,38.79,145.09,167.95,170.73,-3.06,1016.49,22.94
3.02216,-69.3724,2025-06-24,12:34:56,34.1,10,0.73,-20.97,-9.57829,344.651,56.8,176.85,2.23,171.72,-0.99,1030.27,20.92
3.10492,-69.3447,2025-06-24,12:34:56,34.2,11,1.5,-20.23,-9.58154,344.641,54.61,62.76,140.92,168.69,4.88,1036.33,20.74
3.18814,-69.3185,2025-06-24,12:34:56,34.3,8,1.5,-19.43,-9.58448,344.628,41.26,146.72,97.99,81.13,-2.7,1010.45,31.79
3.27181,-69.2937,2025-06-24,12:34:56,34.4,8,0.65,-18.58,-9.58708,344.612,99.45,29.17,102.2,98.52,4.12,970.96,24.93
3.3559,-69.2704,2025-06-24,12:34:56,34.5,7,0.51,-17.68,-9.58937,344.594,44.14,22.43,67.29,24.7,-1.57,1006.18,20.92
3.44039,-69.2485,2025-06-24,12:34:56,34.6,6,1.12,-16.73,-9.59137,344.574,44.87,142.72,154.87,132.65,1.61,1023.22,32.48
3.52524,-69.2281,2025-06-24,12:34:56,34.7,6,1.52,-15.73,-9.59308,344.553,39.45,24.67,25.93,6.07,2.87,997.57,24.47
3.61044,-69.2093,2025-06-24,12:34:56,34.8,12,0.54,-14.69,-9.59454,344.529,59.14,74.79,30.71,31.68,0.97,996.79,32.12
3.69596,-69.1919,2025-06-24,12:34:56,34.9,9,0.71,-13.62,-9.59575,344.505,26.25,28.28,116.4,176.27,2.34,951.6,30.25
3.78176,-69.176,2025-06-24,12:34:56,35,11,1.03,-12.5,-9.59673,344.48,25.97,109.47,28.86,69.23,3.73,976.76,33.49
3.86783,-69.1616,2025-06-24,12:34:56,35.1,12,0.93,-11.35,-9.59751,344.455,155.17,9.89,63.29,160.82,2.63,981.67,23.34
3.95413,-69.1487,2025-06-24,12:34:56,35.2,12,0.67,-10.17,-9.59808,344.431,113.1,33.47,32.4,54.72,-4.72,1049.83,30.67
4.04065,-69.1373,2025-06-24,12:34:56,35.3,10,1,-8.96,-9.59849,344.406,135.17,10.18,105.49,23.77,1.33,1040.59,24.2
4.12736,-69.1274,2025-06-24,12:34:56,35.4,10,0.72,-7.73,-9.59872,344.383,154.96,152.88,66.27,74.14,-3.02,1012.7,21.9
4.21422,-69.119,2025-06-24,12:34:56,35.5,8,0.6,-6.47,-9.59882,344.362,37.11,119.2,118.81,35.92,-1.62,1040.72,34.1
4.30122,-69.1122,2025-06-24,12:34:56,35.6,11,1.83,-5.2,-9.59878,344.343,122.07,66.99,12.39,5.55,0.4,980.51,28.51
4.38832,-69.1069,2025-06-24,12:34:56,35.7,8,1.37,-3.91,-9.59862,344.326,30.11,166.21,31.22,63.18,-2.44,975.34,32.78
4.4755,-69.103,2025-06-24,12:34:56,35.8,11,0.85,-2.61,-9.59837,344.312,2.31,110.41,26.32,135.16,-2.17,991.45,21.95
4.56274,-69.1008,2025-06-24,12:34:56,35.9,7,1.94,-1.31,-9.59802,344.302,107.23,33.7,70.86,141.08,4.21,1029.27,33.23
4.65,-69.1,2025-06-24,12:34:56,0,12,1.49,0,-9.5976,344.296,100.69,29.22,79.69,104.12,3.47,1001.4,30.7
4.73726,-69.1008,2025-06-24,12:34:56,0.1,10,0.87,1.31,-9.59712,344.295,99.92,149.11,0.21,120.86,-4.65,1010.32,32.95
4.8245,-69.103,2025-06-24,12:34:56,0.2,6,0.96,2.61,-9.5966,344.299,27.93,14.96,127.82,102.89,-3.56,1027.42,23.28
4.91168,-69.1069,2025-06-24,12:34:56,0.3,6,1.06,3.91,-9.59603,344.309,47.81,59.94,109.45,68.22,-4.39,954.38,20.07
4.99878,-69.1122,2025-06-24,12:34:56,0.4,7,1.6,5.2,-9.59544,344.326,93.13,79.32,55.85,56.49,4.24,1009.62,32.59
5.08578,-69.119,2025-06-24,12:34:56,0.5,7,1.8,6.47,-9.59484,344.343,132.78,156.44,76.69,161.65,0.46,994.86,33.78
5.17264,-69.1274,2025-06-24,12:34:56,0.6,6,0.56,7.73,-9.59423,344.358,155.85,18.23,126.29,112.1,2,989.7,25.4
5.25935,-69.1373,2025-06-24,12:34:56,0.7,8,1.95,8.96,-9.59363,344.373,179.44,162.88,20.88,39.5,-0.24,1045.22,26.12
5.34587,-69.1487,2025-06-24,12:34:56,0.8,7,1.94,10.17,-9.59305,344.387,13.56,115.19,165.78,139.12,0.29,982.68,26.47
5.43217,-69.1616,2025-06-24,12:34:56,0.9,11,1.34,11.35,-9.59248,344.4,53.75,114.51,1.43,44.1,4.4,1002.31,20.47
5.51824,-69.176,2025-06-24,12:34:56,1,8,1.05,12.5,-9.59196,344.412,143.09,12.6,179.93,122.13,4.58,950.45,24.64
5.60404,-69.1919,2025-06-24,12:34:56,1.1,6,1.5,13.62,-9.59146,344.423,73.22,161.17,146.18,95.89,3.84,1021.5,25.21
5.68956,-69.2093,2025-06-24,12:34:56,1.2,7,1.27,14.69,-9.59102,344.434,53.35,106.14,168.37,100.27,-4.72,1004.51,30.5
5.77476,-69.2281,2025-06-24,12:34:56,1.3,7,1.86,15.73,-9.59062,344.443,159.99,162.73,119.73,21.83,1.61,960.22,31.29
5.85961,-69.2485,2025-06-24,12:34:56,1.4,9,0.75,16.73,-9.59028,344.451,36.12,131.9,23.06,170.6,2.8,953.18,32.41
5.9441,-69.2704,2025-06-24,12:34:56,1.5,11,0.53,17.68,-9.59,344.457,55.19,126.52,16.3,107.68,-0.6,952.7,28.15
6.02819,-69.2937,2025-06-24,12:34:56,1.6,6,1.17,18.58,-9.58978,344.463,143.43,79.99,56.43,63.71,3.14,1028.46,31.02
6.11186,-69.3185,2025-06-24,12:34:56,1.7,6,0.82,19.43,-9.58962,344.467,173.84,111.8,70.98,15.29,-3.68,1046.26,23.24
6.19508,-69.3447,2025-06-24,12:34:56,1.8,7,0.72,20.23,-9.58952,344.47,66.07,80.45,150.67,47.6,2.54,1045.16,32.92
6.27784,-69.3724,2025-06-24,12:34:56,1.9,9,0.53,20.97,-9.58949,344.472,47.32,13.72,100.83,146.39,1.55,1029.58,28.74
6.3601,-69.4015,2025-06-24,12:34:56,2,8,1.55,21.65,-9.58952,344.472,49.69,48.22,98.57,101.9,0.29,966.22,32.89
6.44184,-69.4321,2025-06-24,12:34:56,2.1,6,1.44,22.28,-9.58961,344.472,42.48,160.6,52.8,109.14,4.09,1036.62,27.71
6.52303,-69.4641,2025-06-24,12:34:56,2.2,12,1.12,22.84,-9.58976,344.471,21.53,3.44,37.66,175.23,-4.06,966.18,30.83
6.60366,-69.4975,2025-06-24,12:34:56,2.3,12,0.64,23.34,-9.58997,344.47,147.4,69.74,123.6,88.55,0.35,975.03,33.06
6.68368,-69.5323,2025-06-24,12:34:56,2.4,8,1.01,23.78,-9.59022,344.467,111.53,31.45,118.68,32.81,-1.64,981.51,20.03
6.76309,-69.5685,2025-06-24,12:34:56,2.5,6,1.84,24.15,-9.59051,344.464,166.21,20.58,56.45,117.39,3.87,990.16,30.1
6.84186,-69.606,2025-06-24,12:34:56,2.6,7,1.02,24.45,-9.59084,344.461,9.95,12.8,5.05,17.12,3.31,1039.59,28.12
6.91995,-69.645,2025-06-24,12:34:56,2.7,11,1.93,24.69,-9.59119,344.457,40.09,96.39,52.26,65.03,-3.8,956.72,28.96
6.99736,-69.6853,2025-06-24,12:34:56,2.8,7,1.94,24.86,-9.59155,344.454,28.11,16.08,98.03,6.8,0.62,969.05,24.79
7.07405,-69.7269,2025-06-24,12:34:56,2.9,8,1.63,24.97,-9.59191,344.449,159.29,120.66,137.52,39.82,3.05,967.75,23.35
7.15,-69.7699,2025-06-24,12:34:56,3,12,1.72,25,-9.59227,344.445,101.47,16.87,80.2,160.51,3.26,952.55,30.48
7.22519,-69.8142,2025-06-24,12:34:56,3.1,10,1.45,24.97,-9.5926,344.441,82.97,177.96,99.84,106.63,-3.61,1045.05,24.47
7.2996,-69.8598,2025-06-24,12:34:56,3.2,12,0.76,24.86,-9.59288,344.437,54.47,113.03,87.28,22.81,-0.07,986.63,21.76
7.3732,-69.9066,2025-06-24,12:34:56,3.3,11,1.28,24.69,-9.59311,344.433,108.98,10.55,106.49,133.86,3.78,970.17,27.68
7.44596,-69.9548,2025-06-24,12:34:56,3.4,10,0.97,24.45,-9.59328,344.429,44.02,161.2,0.24,78.62,-1.68,1040.13,22.92
7.51788,-70.0042,2025-06-24,12:34:56,3.5,10,1.55,24.15,-9.5934,344.425,107.98,47.45,70.02,66.93,-2.18,973.09,34.63
7.58893,-70.0549,2025-06-24,12:34:56,3.6,6,0.74,23.78,-9.59349,344.422,82.56,176.45,92.07,76.96,2.66,1014.12,32.67
7.65908,-70.1068,2025-06-24,12:34:56,3.7,12,0.8,23.34,-9.59353,344.419,79.11,73.68,124.59,37.24,-1.17,1015.78,21.75
7.72831,-70.1599,2025-06-24,12:34:56,3.8,11,0.88,22.84,-9.59354,344.416,167.14,51.72,0.83,130.83,4.48,1003.78,28.55
7.7966,-70.2143,2025-06-24,12:34:56,3.9,11,1.13,22.28,-9.59352,344.414,33.37,103.77,125.47,137.18,-3.73,1003.25,30.15
7.86394,-70.2698,2025-06-24,12:34:56,4,12,1.86,21.65,-9.59347,344.412,154.45,29.85,77.49,49.3,-3.41,1036.24,33.82
7.9303,-70.3265,2025-06-24,12:34:56,4.1,6,0.82,20.97,-9.59341,344.411,119.21,129.34,72.47,118.49,-4.61,1046.9,27.96
7.99565,-70.3843,2025-06-24,12:34:56,4.2,9,0.69,20.23,-9.59332,344.41,88.53,54.08,139.56,130.84,-1.94,973.12,24.38
8.05999,-70.4432,2025-06-24,12:34:56,4.3,6,1.72,19.43,-9.59323,344.409,81.15,173.39,1.09,43.27,2.65,1042.66,23.16
8.12329,-70.5033,2025-06-24,12:34:56,4.4,7,1.01,18.58,-9.59312,344.409,57.31,169.7,161.35,30.88,-2.66,1003.95,24.33
8.18553,-70.5645,2025-06-24,12:34:56,4.5,10,1.76,17.68,-9.59301,344.41,159.75,178.54,86.55,90.56,-2.03,961.59,32.15
8.2467,-70.6267,2025-06-24,12:34:56,4.6,8,1.92,16.73,-9.5929,344.411,77.71,114.89,74.23,162.88,-0.02,972.91,29.45
8.30677,-70.69,2025-06-24,12:34:56,4.7,6,1.47,15.73,-9.59278,344.412,34.34,151.01,121.69,150.32,-2.57,955.78,27.9
8.36572,-70.7543,2025-06-24,12:34:56,4.8,12,1.76,14.69,-9.59266,344.414,24.16,10.5,62.88,86.7,-1.36,1019.54,21.24
8.42355,-70.8197,2025-06-24,12:34:56,4.9,8,1.62,13.62,-9.59255,344.416,160.48,141.91,85.91,174.77,2.1,1030.58,29.34
8.48022,-70.8861,2025-06-24,12:34:56,5,10,0.99,12.5,-9.59244,344.418,15.08,121.16,111.85,75.12,-0.6,1003.27,31.45
8.53573,-70.9534,2025-06-24,12:34:56,5.1,6,1.64,11.35,-9.59233,344.421,107.77,18.44,0.37,105.5,-2.46,978.9,22.54
8.59005,-71.0217,2025-06-24,12:34:56,5.2,9,1.34,10.17,-9.59224,344.423,167.75,97.63,0.83,138.07,1.26,1031.54,22.84
8.64318,-71.0909,2025-06-24,12:34:56,5.3,10,0.56,8.96,-9.59215,344.426,96.01,76.81,24.87,168.21,4.48,969.99,29.01
8.69508,-71.1611,2025-06-24,12:34:56,5.4,6,1.12,7.73,-9.59207,344.428,144.49,154.1,118.52,65.27,-3.89,1040.54,22.62
8.74576,-71.2321,2025-06-24,12:34:56,5.5,11,1.43,6.47,-9.59201,344.43,90.75,72.78,156.5,153.24,2.34,980.44,31.13
8.79519,-71.304,2025-06-24,12:34:56,5.6,10,0.98,5.2,-9.59195,344.432,51.47,121.62,15.33,70.78,3.04,1046.95,24.86
8.84335,-71.3768,2025-06-24,12:34:56,5.7,7,1.93,3.91,-9.5919,344.433,155.93,112.41,76.9,37.59,-2.55,972.65,34.45
8.89024,-71.4504,2025-06-24,12:34:56,5.8,12,0.76,2.61,-9.59187,344.434,1.86,85.68,65.5,138.58,1.66,1014.13,33.08
8.93584,-71.5248,2025-06-24,12:34:56,5.9,8,0.52,1.31,-9.59185,344.435,141.55,48.06,133.12,39.84,4.21,1018.84,25.26
8.98013,-71.6,2025-06-24,12:34:56,6,10,0.61,0,-9.59183,344.436,138.62,145.73,177.26,5.77,2.66,980.6,30.54
9.0231,-71.676,2025-06-24,12:34:56,6.1,11,0.7,-1.31,-9.59183,344.437,166.97,156.75,23.2,67.73,-4.99,997.6,22.58
9.06474,-71.7526,2025-06-24,12:34:56,6.2,6,1.73,-2.61,-9.59184,344.437,5.89,92.51,68.36,14.47,-0.58,1045.65,33.49
9.10503,-71.83,2025-06-24,12:34:56,6.3,12,0.93,-3.91,-9.59186,344.437,71.34,127.09,75,70.41,1.58,991.24,32.1
9.14397,-71.9081,2025-06-24,12:34:56,6.4,12,1.93,-5.2,-9.59188,344.437,109.37,32.14,157.79,107,-0.56,954.4,22.91
9.18154,-71.9869,2025-06-24,12:34:56,6.5,7,0.98,-6.47,-9.59191,344.436,74.91,129.85,111.12,2.36,-4.07,995.32,21.56
9.21773,-72.0663,2025-06-24,12:34:56,6.6,8,1.49,-7.73,-9.59195,344.436,50.43,38.86,56.25,107.72,1.2,962.53,22.38
9.25252,-72.1463,2025-06-24,12:34:56,6.7,6,1.21,-8.96,-9.59199,344.436,7.69,26.82,69.87,41.1,0.62,1000.79,22.41
9.28592,-72.227,2025-06-24,12:34:56,6.8,7,1.16,-10.17,-9.59204,344.435,68.89,87.47,52.31,9.3,-0.85,983.4,23.2
9.3179,-72.3082,2025-06-24,12:34:56,6.9,12,1.89,-11.35,-9.59209,344.434,89.4,6.19,160.01,58.44,3.7,973.69,20.56
9.34846,-72.3899,2025-06-24,12:34:56,7,11,1.5,-12.5,-9.59214,344.433,71.95,177.3,63.99,10.49,-2.25,1004.32,28.48
9.37759,-72.4722,2025-06-24,12:34:56,7.1,6,0.53,-13.62,-9.5922,344.433,32.98,101.51,140.35,157.28,0.5,995.71,31.79
9.40528,-72.5549,2025-06-24,12:34:56,7.2,10,1.22,-14.69,-9.59225,344.432,160.28,112.62,117.19,76.02,-4.49,1025.41,32.95
9.43152,-72.6381,2025-06-24,12:34:56,7.3,7,1.25,-15.73,-9.5923,344.431,97.39,43.54,127.86,11.33,3.04,1022.17,31.65
9.45631,-72.7218,2025-06-24,12:34:56,7.4,10,0.76,-16.73,-9.59234,344.43,177.93,111.11,173.91,22.66,2.02,1037.1,26.12
9.47963,-72.8059,2025-06-24,12:34:56,7.5,7,1.85,-17.68,-9.59239,344.43,169.45,55.28,0.12,109.69,-2.85,1034.97,34.15
9.50148,-72.8904,2025-06-24,12:34:56,7.6,12,1.36,-18.58,-9.59242,344.429,112.54,69.57,40.78,77.91,-0.97,991.59,26.17
9.52185,-72.9752,2025-06-24,12:34:56,7.7,6,1.3,-19.43,-9.59246,344.428,125.6,71.83,71.42,149.07,-4.92,1012.16,32.28
9.54074,-73.0604,2025-06-24,12:34:56,7.8,9,1.27,-20.23,-9.59248,344.428,20.13,60.25,179.05,18.12,-2.43,1002.35,33.24
9.55814,-73.146,2025-06-24,12:34:56,7.9,7,1.48,-20.97,-9.5925,344.427,48.96,24.06,111.85,76.31,0.3,1029.84,22.02
9.57404,-73.2318,2025-06-24,12:34:56,8,7,1.32,-21.65,-9.59251,344.427,4.03,82.17,125.27,42.99,-4.96,980.59,22.79
9.58844,-73.3178,2025-06-24,12:34:56,8.1,10,1.01,-22.28,-9.59252,344.426,48.25,144.58,58.06,105.32,-1.52,1026.12,27.04
9.60134,-73.4041,2025-06-24,12:34:56,8.2,11,1.33,-22.84,-9.59251,344.426,123.11,24.03,9.72,24.27,-3.17,1038.83,25.37
9.61273,-73.4907,2025-06-24,12:34:56,8.3,7,0.71,-23.34,-9.59251,344.426,127.95,112.27,146.88,26.42,-1.49,981.99,24.98
9.62261,-73.5774,2025-06-24,12:34:56,8.4,12,0.99,-23.78,-9.5925,344.426,102.12,19.83,143.67,114.1,-0.78,1004.39,31.81
9.63097,-73.6642,2025-06-24,12:34:56,8.5,8,0.87,-24.15,-9.59248,344.426,29.7,110.76,147.49,93.97,-0.69,1032.41,22.7
9.63782,-73.7512,2025-06-24,12:34:56,8.6,6,1.96,-24.45,-9.59246,344.426,176.94,8.16,90.51,140.88,4.81,1038.7,30.44
9.64315,-73.8383,2025-06-24,12:34:56,8.7,7,0.73,-24.69,-9.59244,344.426,143.25,36.36,144.2,156.85,-1.92,1044.01,23.56
9.64695,-73.9255,2025-06-24,12:34:56,8.8,12,1.47,-24.86,-9.59242,344.426,124.52,69.37,62.1,171.64,-0.11,1010.03,24.89
9.64924,-74.0127,2025-06-24,12:34:56,8.9,9,1.12,-24.97,-9.5924,344.426,105.1,43.14,179.04,141.51,-0.85,953.29,32.49
9.65,-74.1,2025-06-24,12:34:56,9,10,1.33,-25,-9.59237,344.426,28.22,103.51,170.17,164.04,-3.39,991.01,29.71
9.64924,-74.1873,2025-06-24,12:34:56,9.1,6,1.59,-24.97,-9.59235,344.427,96.64,136.11,77.28,3.52,1.66,1048.68,27.94
9.64695,-74.2745,2025-06-24,12:34:56,9.2,12,0.66,-24.86,-9.59233,344.427,6.4,11.12,176.16,126.67,4.55,962.93,22.71
9.64315,-74.3617,2025-06-24,12:34:56,9.3,11,1.96,-24.69,-9.59231,344.427,90.67,51.63,15.63,13.25,1.38,1010.23,22.62
9.63782,-74.4488,2025-06-24,12:34:56,9.4,11,1.12,-24.45,-9.59229,344.428,146.61,101.05,53.72,129.37,0.86,993.68,24.43
9.63097,-74.5358,2025-06-24,12:34:56,9.5,8,1.62,-24.15,-9.59228,344.428,45.17,88.99,101.11,88.5,0.11,1005.53,24.68
9.62261,-74.6226,2025-06-24,12:34:56,9.6,6,1.94,-23.78,-9.59226,344.428,165.47,135.04,147.6,120.07,-2.17,1046.21,27.01
9.61273,-74.7093,2025-06-24,12:34:56,9.7,10,1.43,-23.34,-9.59225,344.429,96.89,62.49,91.42,176.35,-4.69,1029.45,28.43
9.60134,-74.7959,2025-06-24,12:34:56,9.8,6,0.92,-22.84,-9.59224,344.429,12.99,119.34,76.28,115.64,-1.49,970.16,28.42
9.58844,-74.8822,2025-06-24,12:34:56,9.9,7,0.57,-22.28,-9.59223,344.429,78.31,61.02,133.1,151.67,1.24,986.37,29.91
9.57404,-74.9682,2025-06-24,12:34:56,10,6,0.7,-21.65,-9.59222,344.43,172.55,138.15,94.13,176.42,0.74,955.58,32.72
9.55814,-75.054,2025-06-24,12:34:56,10.1,12,0.95,-20.97,-9.59222,344.43,53.97,38.74,150.99,145.84,-1.58,975.3,27.27
9.54074,-75.1396,2025-06-24,12:34:56,10.2,11,1.4,-20.23,-9.59222,344.43,3.15,156.78,46.88,160.02,0.15,998.48,33.89
9.52185,-75.2248,2025-06-24,12:34:56,10.3,11,0.79,-19.43,-9.59222,344.43,67.1,65.55,147,70.91,1.53,1018.63,34.37
9.50148,-75.3096,2025-06-24,12:34:56,10.4,11,0.97,-18.58,-9.59222,344.43,11.88,47.21,17.71,20.24,-3.97,1020.13,22.63
9.47963,-75.3941,2025-06-24,12:34:56,10.5,9,1.46,-17.68,-9.59222,344.43,86.34,154.74,39.14,178.02,-3.59,995.24,34.57
9.45631,-75.4782,2025-06-24,12:34:56,10.6,8,1.15,-16.73,-9.59223,344.43,38.24,90.71,124.2,104.6,3.51,1042.38,24.29
9.43152,-75.5619,2025-06-24,12:34:56,10.7,8,1.99,-15.73,-9.59223,344.43,44.07,76.5,136.89,44.91,-1.81,1032.57,33.37
9.40528,-75.6451,2025-06-24,12:34:56,10.8,8,0.72,-14.69,-9.59224,344.43,52.15,171.1,7.98,76.77,3.26,953.68,26.09
9.37759,-75.7278,2025-06-24,12:34:56,10.9,7,1.96,-13.62,-9.59224,344.43,1.81,112.71,80.98,79.05,2.09,975.71,26.98
9.34846,-75.8101,2025-06-24,12:34:56,11,6,1.99,-12.5,-9.59225,344.43,31.52,83.29,106.61,88.25,-4.49,966.95,34.27
9.3179,-75.8918,2025-06-24,12:34:56,11.1,6,0.64,-11.35,-9.59226,344.43,149.22,142.65,63.2,3.73,-3.12,971.52,28.17
9.28592,-75.973,2025-06-24,12:34:56,11.2,11,0.71,-10.17,-9.59227,344.43,104.54,101.06,49.87,22.46,-1.25,994.62,26.26
9.25252,-76.0537,2025-06-24,12:34:56,11.3,10,1.36,-8.96,-9.59228,344.43,171.59,28.01,90.73,5.72,1.39,1020.13,27.23
9.21773,-76.1337,2025-06-24,12:34:56,11.4,11,1.85,-7.73,-9.59229,344.429,119.48,107.31,15.32,51.23,-2.31,993.13,25.67
9.18154,-76.2131,2025-06-24,12:34:56,11.5,8,1.43,-6.47,-9.59229,344.429,136.64,53.6,170.46,15.44,0.88,1035.2,28.29
9.14397,-76.2919,2025-06-24,12:34:56,11.6,8,0.78,-5.2,-9.5923,344.429,28.32,83.99,44.08,65.63,-1.39,988,24.91
9.10503,-76.37,2025-06-24,12:34:56,11.7,12,1.82,-3.91,-9.59231,344.429,43.52,88.83,43.39,168.22,-0.16,973.16,28.09
9.06474,-76.4474,2025-06-24,12:34:56,11.8,6,1.99,-2.61,-9.59232,344.429,43.77,115.43,152.66,126.18,-5,988.67,23.35
9.0231,-76.524,2025-06-24,12:34:56,11.9,6,1.99,-1.31,-9.59232,344.429,149.58,18.94,149.58,102.05,-0.6,1031.32,23.99
8.98013,-76.6,2025-06-24,12:34:56,12,11,0.88,0,-9.59233,344.429,49.08,20.27,32.91,154.26,2.31,1003.03,33.65
8.93584,-76.6752,2025-06-24,12:34:56,12.1,12,0.65,1.31,0.22,344.429,118.97,112.13,1.08,144.72,4.24,960.64,20.11
8.89024,-76.7496,2025-06-24,12:34:56,12.2,8,1.31,2.61,-9.39609,344.428,52.21,81.24,29.44,78.95,0.13,994.03,32.38
8.84335,-76.8232,2025-06-24,12:34:56,12.3,6,0.84,3.91,-9.39216,344.428,25.6,12.14,126.4,133.53,3.89,984.3,20.36
8.79519,-76.896,2025-06-24,12:34:56,12.4,11,1.93,5.2,-9.38816,344.428,88.26,6.8,123.65,20.63,-0.27,1011.99,25.33
8.74576,-76.9679,2025-06-24,12:34:56,12.5,12,1.11,6.47,-9.38408,344.428,116.85,5.45,84.58,65.41,2.16,1016.05,25.9
8.69508,-77.0389,2025-06-24,12:34:56,12.6,11,0.87,7.73,-9.37991,344.428,6.25,141.61,160.08,33.59,-2.32,981.54,26.03
8.64318,-77.1091,2025-06-24,12:34:56,12.7,6,0.53,8.96,-9.37566,344.428,177.43,126.98,27.3,65.22,-2.33,1008.94,30.48
8.59005,-77.1783,2025-06-24,12:34:56,12.8,8,0.81,10.17,-9.37132,344.428,144.68,57.86,124.62,50.67,2.78,1035.85,27.92
8.53573,-77.2466,2025-06-24,12:34:56,12.9,10,1.17,11.35,-9.3669,344.428,35.95,23.28,58.02,26.62,4.34,1040.87,26.55
8.48022,-77.3139,2025-06-24,12:34:56,13,11,0.59,12.5,-9.36239,344.428,152.67,173.38,153.66,8.56,2.75,975.67,32.3
8.42355,-77.3803,2025-06-24,12:34:56,13.1,9,1.54,13.62,-9.35779,344.428,142.86,133.62,47.1,56.57,-4.27,974.6,21.71
8.36572,-77.4457,2025-06-24,12:34:56,13.2,9,1.14,14.69,-9.35309,344.428,71.41,87.99,122.76,90.78,-1.18,978.23,29.94
8.30677,-77.51,2025-06-24,12:34:56,13.3,9,1.5,15.73,-9.3483,344.428,80.32,0.58,80.5,22.04,2.68,951.3,21.88
8.2467,-77.5733,2025-06-24,12:34:56,13.4,10,0.58,16.73,-9.34342,344.428,25.54,149.68,66.73,129.79,-0.68,1032.32,20.67
8.18553,-77.6355,2025-06-24,12:34:56,13.5,7,1.21,17.68,-9.33844,344.429,27.2,164.83,39.94,102.35,2.29,1002.77,32.85
8.12329,-77.6967,2025-06-24,12:34:56,13.6,9,1.59,18.58,-9.33336,344.429,61.8,56.68,144.69,129.75,-2.42,984.38,29.8
8.05999,-77.7568,2025-06-24,12:34:56,13.7,6,1.87,19.43,-9.32817,344.429,61.46,3,42.6,69.37,-1.67,1035.25,27.23
7.99565,-77.8157,2025-06-24,12:34:56,13.8,9,0.64,20.23,-9.32289,344.429,56.76,136.38,92.15,86.66,3.38,1037.92,26.51
7.9303,-77.8735,2025-06-24,12:34:56,13.9,11,1.28,20.97,-9.3175,344.429,115.58,115.03,111.67,148.55,-4.45,988.52,20.47
7.86394,-77.9302,2025-06-24,12:34:56,14,11,1.35,21.65,-9.312,344.429,152.47,29.34,137.63,95.76,-4.51,1014.73,26.43
7.7966,-77.9857,2025-06-24,12:34:56,14.1,12,1.2,22.28,-9.30639,344.429,97.24,138.26,94.4,177.94,0.13,993.13,21.17
7.72831,-78.0401,2025-06-24,12:34:56,14.2,6,0.9,22.84,-9.30067,344.429,52.63,20.36,167.65,133.77,-4.1,1026.02,30.13
7.65908,-78.0932,2025-06-24,12:34:56,14.3,11,0.87,23.34,-9.29484,344.429,152.68,26.58,81.95,110.32,2.43,1024.02,23.83
7.58893,-78.1451,2025-06-24,12:34:56,14.4,8,0.84,23.78,-9.28889,344.429,47.97,80.94,0.41,135.77,3.29,1006.52,33.22
7.51788,-78.1958,2025-06-24,12:34:56,14.5,12,1.31,24.15,-9.28282,344.429,71.77,62.26,13.62,175.88,0.84,983.14,30.32
7.44596,-78.2452,2025-06-24,12:34:56,14.6,10,0.93,24.45,-9.27663,344.429,121.08,96.76,46.1,101.95,-2.42,1020.76,31.03
7.3732,-78.2934,2025-06-24,12:34:56,14.7,9,1.44,24.69,-9.27032,344.429,115.69,123.44,125.54,6.05,-3.29,1020.14,29.1
7.2996,-78.3402,2025-06-24,12:34:56,14.8,7,0.73,24.86,-9.26388,344.429,23.67,148.56,3.48,148.2,3.21,1019.87,22.18
7.22519,-78.3858,2025-06-24,12:34:56,14.9,11,1.83,24.97,-9.25732,344.429,75.62,131.6,13.54,171.58,-0.6,955.3,21.32
7.15,-78.4301,2025-06-24,12:34:56,15,10,0.69,25,-9.25062,344.429,129.38,149.15,148.11,5.83,-0.65,1000.86,23.7
7.07405,-78.4731,2025-06-24,12:34:56,15.1,10,0.63,24.97,-9.24378,344.429,92.15,20.71,139.94,108.94,4.82,1009.23,20.83
6.99736,-78.5147,2025-06-24,12:34:56,15.2,9,0.6,24.86,-9.23682,344.429,127.51,61.78,30.09,64.28,2,998.81,27.52
6.91995,-78.555,2025-06-24,12:34:56,15.3,12,1.18,24.69,-9.22971,344.429,161.82,94.96,83.07,18.5,1.15,993.31,22.1
6.84186,-78.594,2025-06-24,12:34:56,15.4,9,1.65,24.45,-9.22246,344.429,76.49,117.4,10.58,64.31,-1.83,1022.89,28.52
6.76309,-78.6315,2025-06-24,12:34:56,15.5,11,1.04,24.15,-9.21506,344.429,120.03,14.38,82.61,167.34,0.91,955.94,26.22
6.68368,-78.6677,2025-06-24,12:34:56,15.6,11,0.68,23.78,-9.20752,344.429,173.17,55.39,135.42,162.89,-1.33,992.66,33.6
6.60366,-78.7025,2025-06-24,12:34:56,15.7,10,1.7,23.34,-9.19983,344.429,15.1,163.61,173.36,37.68,-3.27,970.28,26.35
6.52303,-78.7359,2025-06-24,12:34:56,15.8,12,1.82,22.84,-9.19198,344.429,11.96,94.78,2.61,39.55,0.77,986.23,23.23
6.44184,-78.7679,2025-06-24,12:34:56,15.9,12,1.48,22.28,-9.18397,344.429,155.49,62.3,34.8,1.83,-1.51,975.58,28.75
6.3601,-78.7985,2025-06-24,12:34:56,16,10,0.62,21.65,-9.17581,344.429,124.95,101.9,113.99,95.35,2.79,977.5,23.88
6.27784,-78.8276,2025-06-24,12:34:56,16.1,11,1.86,20.97,-9.16748,344.429,74.58,152.15,54.74,120.56,1.31,1022.51,27.84
6.19508,-78.8553,2025-06-24,12:34:56,16.2,12,1.98,20.23,-9.15898,344.429,29.23,173.24,151.21,116.81,-3.65,953.52,23.47
6.11186,-78.8815,2025-06-24,12:34:56,16.3,8,1.08,19.43,-9.15032,344.429,54.98,29.42,118.5,26.08,1.4,981.69,31.8
6.02819,-78.9063,2025-06-24,12:34:56,16.4,9,0.63,18.58,-9.14148,344.429,133.03,84.29,44.76,111.77,1.82,982.48,31.29
5.9441,-78.9296,2025-06-24,12:34:56,16.5,11,1.57,17.68,-9.13246,344.429,84.85,106.09,56.83,95.55,-3.32,1009.99,34.23
5.85961,-78.9515,2025-06-24,12:34:56,16.6,12,0.55,16.73,-9.12326,344.429,100.75,8.55,67.88,52.26,-4.43,1005.4,28.47
5.77476,-78.9719,2025-06-24,12:34:56,16.7,10,0.57,15.73,-9.11388,344.429,126.32,100,24.37,29.29,-3.66,990.26,22.55
5.68956,-78.9907,2025-06-24,12:34:56,16.8,9,1.71,14.69,-9.10432,344.429,18.63,138,61.11,127.66,2.92,956.47,28.63
5.60404,-79.0081,2025-06-24,12:34:56,16.9,6,1.51,13.62,-9.09455,344.429,32.03,150.56,117.85,132.15,-1.27,979.86,31.87
5.51824,-79.024,2025-06-24,12:34:56,17,6,1.36,12.5,-9.0846,344.429,132.71,146.45,25.06,134.57,-0.72,981.66,24.61
5.43217,-79.0384,2025-06-24,12:34:56,17.1,12,1.25,11.35,-9.07445,344.429,105.84,82.44,85.59,136.46,-3.03,950.4,24.6
5.34587,-79.0513,2025-06-24,12:34:56,17.2,10,1.95,10.17,-9.26033,344.429,135.3,55.31,135.79,67.05,-4.98,1029.55,20.25
5.25935,-79.0627,2025-06-24,12:34:56,17.3,11,1.54,8.96,-9.25762,344.429,12.13,117.81,106.34,55.91,2.08,981.81,20.49
5.17264,-79.0726,2025-06-24,12:34:56,17.4,8,1,7.73,-9.25493,344.429,47.54,94.52,129.75,52.68,-2.23,1040.14,32.2
5.08578,-79.081,2025-06-24,12:34:56,17.5,9,1.89,6.47,-9.25226,344.429,45.32,119.99,29.13,20.45,3.57,976.88,29.15
4.99878,-79.0878,2025-06-24,12:34:56,17.6,8,1.65,5.2,-9.24963,344.429,50.29,7.48,67.71,61.37,-1.89,1009.96,32.46
4.91168,-79.0931,2025-06-24,12:34:56,17.7,7,1.79,3.91,-9.24702,344.429,142.45,26.56,170.85,45.52,0.77,1031.41,26.67
4.8245,-79.097,2025-06-24,12:34:56,17.8,8,0.94,2.61,-9.24445,344.429,19.94,22.24,160.42,79.68,1.6,975.07,27.03
4.73726,-79.0992,2025-06-24,12:34:56,17.9,11,1.68,1.31,-9.24191,344.429,58.75,150.49,141.8,7.46,-1.86,1018.98,23.58
4.65,-79.1,2025-06-24,12:34:56,18,6,1.6,0,-9.23941,344.429,144.49,90.79,179.68,88.34,2.58,989.6,33.29
4.56274,-79.0992,2025-06-24,12:34:56,18.1,10,1.18,-1.31,-9.23695,344.429,17.57,154.5,98.65,89.97,0.99,977.06,34.95
4.4755,-79.097,2025-06-24,12:34:56,18.2,11,1.23,-2.61,-9.23454,344.429,77.78,20.03,16.62,100.81,0.6,1036.07,31.27
4.38832,-79.0931,2025-06-24,12:34:56,18.3,7,1.3,-3.91,-9.23216,344.429,31.09,97.63,24.25,136.61,0.96,1023.54,31.84
4.30122,-79.0878,2025-06-24,12:34:56,18.4,6,1.36,-5.2,-9.22984,344.429,106.9,134.23,24.86,24.17,2.53,1005.72,32.31
4.21422,-79.081,2025-06-24,12:34:56,18.5,8,1.47,-6.47,-9.22757,344.429,170.08,41.8,9.92,162.52,-4.69,995.11,24.64
4.12736,-79.0726,2025-06-24,12:34:56,18.6,7,1.29,-7.73,-9.22535,344.429,136.81,4.31,116.11,49.67,4.48,1049.24,23.98
4.04065,-79.0627,2025-06-24,12:34:56,18.7,6,0.8,-8.96,-9.22319,344.429,95.67,44.78,164.98,131.03,-3.97,992.15,32.65
3.95413,-79.0513,2025-06-24,12:34:56,18.8,12,1.92,-10.17,-9.22109,344.429,61.06,8.51,163.13,38.28,-0.57,987.73,20.47
3.86783,-79.0384,2025-06-24,12:34:56,18.9,9,0.82,-11.35,-9.21906,344.429,86.94,12.99,156.75,94.85,1.59,957.19,27.89
3.78176,-79.024,2025-06-24,12:34:56,19,7,1.15,-12.5,-9.21709,344.429,151.24,82.64,178.54,0.4,-4.6,989.75,21.92
3.69596,-79.0081,2025-06-24,12:34:56,19.1,11,1.38,-13.62,-9.21519,344.429,133.35,6.85,13.31,89.49,-0.28,1032.13,26.55
3.61044,-78.9907,2025-06-24,12:34:56,19.2,11,0.79,-14.69,-9.21337,344.429,7.17,141.05,159.35,51.35,4.78,982.38,27.74
3.52524,-78.9719,2025-06-24,12:34:56,19.3,9,1.42,-15.73,-9.21162,344.429,43.55,68.84,130.1,47.57,-0.45,1045.2,31.2
3.44039,-78.9515,2025-06-24,12:34:56,19.4,11,0.74,-16.73,-9.20996,344.429,34.71,135.18,127.01,75.36,-1.03,965.41,33.38
3.3559,-78.9296,2025-06-24,12:34:56,19.5,12,0.96,-17.68,-9.20838,344.429,136.64,117.02,69.32,56.22,-0.73,997.62,27.5
3.27181,-78.9063,2025-06-24,12:34:56,19.6,8,0.87,-18.58,-9.20689,344.429,7.65,118.8,18.34,39.69,3.73,973.5,32.43
3.18814,-78.8815,2025-06-24,12:34:56,19.7,10,1.49,-19.43,-9.20549,344.429,114.65,131.26,47.57,137.72,0.71,952.57,31.43
3.10492,-78.8553,2025-06-24,12:34:56,19.8,7,1.94,-20.23,-9.2042,290.47,77.32,43.26,118.3,87.38,2.94,977.12,28.74
3.02216,-78.8276,2025-06-24,12:34:56,19.9,7,1.07,-20.97,-9.203,343.35,173.37,108.71,131.66,4.33,4.57,979.68,27.7
2.9399,-78.7985,2025-06-24,12:34:56,20,12,1.1,-21.65,-9.20192,343.328,38.54,44.86,145.59,87.67,3.31,1018.84,20.44
2.85816,-78.7679,2025-06-24,12:34:56,20.1,8,1.49,-22.28,-9.20094,343.306,143.08,149.81,110.81,25.13,3.11,994.01,32.09
2.77697,-78.7359,2025-06-24,12:34:56,20.2,11,1.56,-22.84,-9.20009,343.284,66.09,68.62,103.64,23.7,2.04,977.17,28.13
2.69634,-78.7025,2025-06-24,12:34:56,20.3,8,1.13,-23.34,-9.19935,343.261,78.04,41.61,159.67,1.75,0.85,995.05,26.98
2.61632,-78.6677,2025-06-24,12:34:56,20.4,9,0.97,-23.78,-9.19874,343.237,110.05,27.55,119.2,154,0.19,1015.05,26.17
2.53691,-78.6315,2025-06-24,12:34:56,20.5,7,1.13,-24.15,-9.19827,343.213,141.82,83.11,82.73,125.05,-4.29,998.44,33.61
2.45814,-78.594,2025-06-24,12:34:56,20.6,6,1.56,-24.45,-9.19793,343.189,94.63,72.64,145.87,34.21,-2.08,993.79,22.82
2.38005,-78.555,2025-06-24,12:34:56,20.7,9,0.8,-24.69,-9.19774,343.164,159.05,60.41,49.45,8.88,2.16,975.28,20.85
2.30264,-78.5147,2025-06-24,12:34:56,20.8,10,0.62,-24.86,-9.1977,343.139,129.59,123.62,94.59,109.29,0.19,1003.82,20.1
2.22595,-78.4731,2025-06-24,12:34:56,20.9,7,1.86,-24.97,-9.19781,343.113,144.94,62.05,106.87,98.64,-3.84,1024.06,23.87
2.15,-78.4301,2025-06-24,12:34:56,21,6,1.4,-25,-9.19809,343.087,40.69,42.92,141.56,127.85,3.24,1016.6,25.26
2.07481,-78.3858,2025-06-24,12:34:56,21.1,8,1.29,-24.97,-9.19854,343.06,115.48,51.2,170.39,113.46,1.67,1045.3,25.86
2.0004,-78.3402,2025-06-24,12:34:56,21.2,11,1.15,-24.86,-9.19916,343.033,99.48,149.2,62.09,36.81,3.14,956.22,33.9
1.9268,-78.2934,2025-06-24,12:34:56,21.3,9,1.32,-24.69,-9.19996,343.005,153.33,176.35,142.79,139.03,-2.32,989.95,28.58
1.85404,-78.2452,2025-06-24,12:34:56,21.4,10,1.11,-24.45,-9.20096,342.976,109.8,84.44,103.57,99.39,-3.24,991.62,29.17
1.78212,-78.1958,2025-06-24,12:34:56,21.5,12,1.07,-24.15,-9.20214,342.947,130.84,129.75,7.52,54.26,3,972.83,27.81
1.71107,-78.1451,2025-06-24,12:34:56,21.6,11,1.49,-23.78,-9.20354,342.918,177.83,50.35,150.01,142.46,-4.76,980.55,29.9
1.64092,-78.0932,2025-06-24,12:34:56,21.7,10,1.16,-23.34,-9.20514,342.887,159.77,33.03,115.48,158.83,-1.92,1026.26,28.96
1.57169,-78.0401,2025-06-24,12:34:56,21.8,9,1.34,-22.84,-9.20697,342.857,13.05,4.61,95.26,83.58,4.01,992.19,28.46
1.5034,-77.9857,2025-06-24,12:34:56,21.9,6,0.56,-22.28,-9.20902,342.825,108.42,49.2,111.82,109.97,1.7,1000.72,25.51
1.43606,-77.9302,2025-06-24,12:34:56,22,7,1.87,-21.65,-9.21131,342.793,79.99,40.72,11.68,60.06,0.52,1032.35,31.86
1.3697,-77.8735,2025-06-24,12:34:56,22.1,11,1.21,-20.97,-9.21385,342.76,82.17,107.41,52.94,50.11,-3.36,976.21,31.61
1.30435,-77.8157,2025-06-24,12:34:56,22.2,12,1.75,-20.23,-9.21663,342.727,31.14,54.89,70.76,33.96,1.09,1009.99,22.01
1.24001,-77.7568,2025-06-24,12:34:56,22.3,10,0.59,-19.43,-9.21576,342.693,147.49,102.8,107.07,174.3,3.76,1029.09,25.23
1.17671,-77.6967,2025-06-24,12:34:56,22.4,7,1.88,-18.58,-9.21492,342.658,57.22,166.24,38.99,12.35,1.34,965.98,26.19
1.11447,-77.6355,2025-06-24,12:34:56,22.5,9,1.11,-17.68,-9.21412,320.66,90.96,70.15,141.4,17.09,2.3,1026.25,25.01
1.0533,-77.5733,2025-06-24,12:34:56,22.6,10,1.34,-16.73,-9.21336,321.75,0.46,60.52,51.14,108.64,-3.35,1026.01,26.38
0.993231,-77.51,2025-06-24,12:34:56,22.7,7,0.9,-15.73,-9.21263,322.85,68.93,94.53,26.83,67.72,-4.39,1000.02,21.59
0.934276,-77.4457,2025-06-24,12:34:56,22.8,8,0.98,-14.69,-9.21195,323.95,100.84,147.15,86.55,105.53,2.76,1005.53,24.72
0.876452,-77.3803,2025-06-24,12:34:56,22.9,9,0.61,-13.62,-9.2113,325.04,139.97,71.93,145.59,23.37,-4.73,952.63,22.86
0.819778,-77.3139,2025-06-24,12:34:56,23,6,1.03,-12.5,-9.21068,326.13,19.1,128.88,142.7,16.87,-2.3,1006.93,26.03
0.76427,-77.2466,2025-06-24,12:34:56,23.1,8,1.5,-11.35,-9.21011,327.22,166.44,60.56,174.73,57.61,0.43,1043.71,32.87
0.709946,-77.1783,2025-06-24,12:34:56,23.2,10,0.51,-10.17,-9.20957,328.3,11.14,63.49,137.04,128.26,-3.48,961.86,24.74
0.656822,-77.1091,2025-06-24,12:34:56,23.3,12,1.46,-8.96,-9.20907,329.39,33.14,122.73,95.18,78.75,0.76,988.81,23.79
0.604915,-77.0389,2025-06-24,12:34:56,23.4,12,1.04,-7.73,-9.20861,330.47,34.45,117.96,128.37,32.31,-2.19,1020.08,20.6
0.55424,-76.9679,2025-06-24,12:34:56,23.5,12,1.68,-6.47,-9.20819,331.55,110.67,172.2,72.42,137.72,-2.55,1004.7,24.87
0.504812,-76.896,2025-06-24,12:34:56,23.6,9,1.48,-5.2,-9.2078,332.63,83.98,46.21,48.99,41.74,-4.13,1033.54,34.54
0.456647,-76.8232,2025-06-24,12:34:56,23.7,8,1.7,-3.91,-9.20745,333.71,42.05,38.08,104.36,174.44,2.25,973.68,23.37
0.40976,-76.7496,2025-06-24,12:34:56,23.8,6,0.72,-2.61,-9.20713,334.78,66.13,27.35,11.04,124.2,3.24,1047.68,26.98
0.364163,-76.6752,2025-06-24,12:34:56,23.9,10,1.38,-1.31,-9.20685,335.86,80.9,128.59,45.87,155.97,-4.79,970.25,33.17
0.319873,-76.6,2025-06-24,12:34:56,24,7,1.54,0,-9.20661,336.93,78.74,104.41,169.86,86.79,-2.09,976.83,26.67
0.276901,-76.524,2025-06-24,12:34:56,24.1,9,1.54,1.31,-9.2064,338,144.97,137.86,122.96,111.2,3.49,983.38,26.42
0.235262,-76.4474,2025-06-24,12:34:56,24.2,11,0.79,2.61,-9.20623,339.06,148.72,121.83,149.85,18.6,3.99,1021.24,34.2
0.194967,-76.37,2025-06-24,12:34:56,24.3,8,1.03,3.91,-9.20608,340.13,85.06,172.4,135.68,74.15,4.51,1043.25,28.69
0.15603,-76.2919,2025-06-24,12:34:56,24.4,9,1.71,5.2,-9.20597,341.19,118.08,146.13,115.77,76.47,-2.51,1020.22,27.18
0.118461,-76.2131,2025-06-24,12:34:56,24.5,8,0.55,6.47,-9.20589,342.25,156.34,161.93,69.12,155.9,-1.41,1029.36,29.92
0.0822727,-76.1337,2025-06-24,12:34:56,24.6,12,1.1,7.73,-9.20584,343.31,107.73,42.45,52.18,108.82,3.6,1030.96,21.97
0.0474757,-76.0537,2025-06-24,12:34:56,24.7,12,0.81,8.96,-9.20582,344.36,163.51,13.94,137.06,90.5,-1.94,1033.1,33.93
0.0140807,-75.973,2025-06-24,12:34:56,24.8,10,1.46,10.17,-9.20583,345.42,61.99,44.04,124.76,51.46,0.33,950.67,27.91
-0.0179021,-75.8918,2025-06-24,12:34:56,24.9,7,0.55,11.35,-9.20586,346.47,91.52,158.29,179.01,57.24,0.61,1019.58,31.07
-0.0484631,-75.8101,2025-06-24,12:34:56,25,11,1.1,12.5,-9.20592,347.52,13.51,70.32,39.94,32.79,1.27,1011.25,25.38
-0.0775929,-75.7278,2025-06-24,12:34:56,25.1,8,1.69,13.62,-9.206,348.56,88.85,175.89,174.19,13.58,-2.9,962.4,28.21
-0.105283,-75.6451,2025-06-24,12:34:56,25.2,6,1.69,14.69,-9.2061,349.61,43.84,33.97,39.11,26.68,-0.54,961.05,21.74
-0.131524,-75.5619,2025-06-24,12:34:56,25.3,7,0.88,15.73,-9.20622,350.65,62.86,47.86,69.98,67.78,1.9,1020.48,28.47
-0.156308,-75.4782,2025-06-24,12:34:56,25.4,7,1.75,16.73,-9.20636,351.69,8.75,54.45,37.36,153.49,1,998.32,20.71
-0.179629,-75.3941,2025-06-24,12:34:56,25.5,10,1.11,17.68,-9.20651,352.73,143.01,115.19,98.87,18.54,-2.76,957.69,22.1
-0.201479,-75.3096,2025-06-24,12:34:56,25.6,9,1.41,18.58,-9.20667,353.76,126.09,125.06,71.35,171.5,3.11,985.83,30.1
-0.22185,-75.2248,2025-06-24,12:34:56,25.7,10,0.58,19.43,-9.20685,354.79,94.35,82.29,155.39,122.91,-1.94,1026.96,20.56
-0.240738,-75.1396,2025-06-24,12:34:56,25.8,7,1.97,20.23,-9.20703,355.83,119.38,67.37,28.62,152.41,-2.97,970.2,28.02
-0.258136,-75.054,2025-06-24,12:34:56,25.9,12,1.94,20.97,-9.20722,356.85,102.16,55.2,132.33,100.01,1.67,1001.74,20.68
-0.274039,-74.9682,2025-06-24,12:34:56,26,7,0.87,21.65,-9.20741,357.88,99.78,99.46,176.56,7.64,-4.73,959.58,30.07
-0.288442,-74.8822,2025-06-24,12:34:56,26.1,7,1.77,22.28,-9.20759,358.9,149.55,173.24,150.26,15.8,1.52,961.87,21.27
-0.30134,-74.7959,2025-06-24,12:34:56,26.2,12,0.72,22.84,-9.20777,359.92,43.08,34.24,15.95,7.37,-1.03,1024.29,21.11
-0.312731,-74.7093,2025-06-24,12:34:56,26.3,9,0.58,23.34,-9.20794,341.083,75.27,20.73,17.94,162.36,-0.94,994.55,24.05
-0.322609,-74.6226,2025-06-24,12:34:56,26.4,11,1.36,23.78,-9.2081,341.044,168.25,156.6,164.23,154.47,1.79,994.99,20.69
-0.330973,-74.5358,2025-06-24,12:34:56,26.5,8,1.05,24.15,-9.20825,341.006,155.02,15.11,133.9,99.75,0.65,1036.2,26.18
-0.33782,-74.4488,2025-06-24,12:34:56,26.6,8,0.8,24.45,-9.20837,340.967,3.85,158.2,95.59,65.61,2.47,1047.53,20.92
-0.343148,-74.3617,2025-06-24,12:34:56,26.7,6,0.69,24.69,-9.20847,340.928,52.6,145.04,30.02,100.25,1.29,1007.32,23.68
-0.346954,-74.2745,2025-06-24,12:34:56,26.8,6,1.29,24.86,-9.20853,340.889,72.13,12.31,168.09,56.27,-2.44,954.13,25.29
-0.349238,-74.1873,2025-06-24,12:34:56,26.9,6,1.19,24.97,-9.20856,340.849,127.41,58.83,85.68,34.86,0.24,1039.54,26.28
-0.35,-74.1,2025-06-24,12:34:56,27,11,0.88,25,-9.20855,340.81,19.81,32.57,156.83,87.22,3.2,959.76,20.94
-0.349238,-74.0127,2025-06-24,12:34:56,27.1,10,0.97,24.97,-9.2085,340.77,18.17,101.92,98.83,57.28,4.05,956.35,34.26
-0.346954,-73.9255,2025-06-24,12:34:56,27.2,7,1.98,24.86,-9.20839,340.73,62.56,143.93,152.59,99.73,-1.7,965.25,34.82
-0.343148,-73.8383,2025-06-24,12:34:56,27.3,6,0.59,24.69,-9.20823,340.691,46.2,20.05,45.29,156.48,4.1,1032.38,30.61
-0.33782,-73.7512,2025-06-24,12:34:56,27.4,8,1.31,24.45,-9.20808,340.651,151.12,161.45,18.84,163.98,-1.89,1029.24,31.81
-0.330973,-73.6642,2025-06-24,12:34:56,27.5,6,0.95,24.15,-9.20794,340.61,139.26,57.96,56.8,166.56,-2.89,1040.29,32.22
-0.322609,-73.5774,2025-06-24,12:34:56,27.6,7,1.67,23.78,-9.20782,341.009,144.31,106.24,178.39,78.54,-2.69,997.99,33.59
-0.312731,-73.4907,2025-06-24,12:34:56,27.7,9,1.42,23.34,-9.2077,341.395,14.37,16.07,136.71,57.62,3.94,981.41,24.46
-0.30134,-73.4041,2025-06-24,12:34:56,27.8,12,0.54,22.84,-9.20761,341.765,4.01,133.27,55.16,52.4,-0.24,1027.09,31.92
-0.288442,-73.3178,2025-06-24,12:34:56,27.9,11,0.59,22.28,-9.20752,342.122,74.85,0.32,116.19,41.81,-4.98,970.22,25.73
-0.274039,-73.2318,2025-06-24,12:34:56,28,7,0.7,21.65,-9.20744,342.463,140.26,0.44,49.63,22.99,-1.95,1035.16,27.86
-0.258136,-73.146,2025-06-24,12:34:56,28.1,7,1.19,20.97,-9.20738,342.79,40.47,154.71,121.77,120.85,-1.67,994.01,21.57
-0.240738,-73.0604,2025-06-24,12:34:56,28.2,8,0.55,20.23,-9.20732,343.101,24.17,53.67,132.18,24.66,4.55,995.92,28.72
-0.22185,-72.9752,2025-06-24,12:34:56,28.3,7,1.83,19.43,-9.20728,343.397,30.46,157.04,107.96,91.58,0.35,1006.14,29.04
-0.201479,-72.8904,2025-06-24,12:34:56,28.4,11,1.2,18.58,-9.20724,343.678,155.71,166.07,142.87,16.71,-3.2,1021.21,20.79
-0.179629,-72.8059,2025-06-24,12:34:56,28.5,7,1.89,17.68,-9.20722,343.942,99.61,156.72,69.4,170.2,-2.94,987.94,25.59
-0.156308,-72.7218,2025-06-24,12:34:56,28.6,7,1.69,16.73,-9.2072,344.19,84.58,125.98,94.95,96.68,3.55,959.36,28.37
-0.131524,-72.6381,2025-06-24,12:34:56,28.7,12,1.9,15.73,-9.20718,344.421,148.79,33.96,6.42,163.32,-4.29,969.53,27.09
-0.105283,-72.5549,2025-06-24,12:34:56,28.8,7,0.61,14.69,-9.20718,344.635,107.32,15.75,1.21,133.11,-1.16,983.04,20.17
-0.0775929,-72.4722,2025-06-24,12:34:56,28.9,7,1.81,13.62,-9.20718,344.832,92.96,144.66,58.28,70.35,-0.18,1024.67,24.39
-0.0484631,-72.3899,2025-06-24,12:34:56,29,10,1.68,12.5,-9.20719,345.012,155.68,165.97,17.47,146.11,4.81,1007.83,24.54
-0.0179021,-72.3082,2025-06-24,12:34:56,29.1,7,0.64,11.35,-9.2072,345.173,70.38,176.63,90,75.71,1.19,969.9,20.47
0.0140807,-72.227,2025-06-24,12:34:56,29.2,11,1.88,10.17,-9.20721,345.317,36.45,15.58,29.94,42.09,1.7,951.32,28.8
0.0474757,-72.1463,2025-06-24,12:34:56,29.3,10,0.74,8.96,-9.20723,345.442,155.48,35.02,75.03,28.12,1.96,1020.39,32
0.0822727,-72.0663,2025-06-24,12:34:56,29.4,12,1.55,7.73,-9.20726,345.548,113.55,131.9,102.46,84.32,2.25,1044.17,25.44
0.118461,-71.9869,2025-06-24,12:34:56,29.5,9,0.87,6.47,-9.20728,345.635,108.47,63.17,69.16,162.95,-2.32,1016.01,23.66
0.15603,-71.9081,2025-06-24,12:34:56,29.6,7,0.58,5.2,-9.20731,345.703,106.04,146.09,23.45,153.06,4.89,1023.39,23.73
0.194967,-71.83,2025-06-24,12:34:56,29.7,9,1.11,3.91,-9.20734,345.751,30.53,13.57,36.17,48.33,-4.26,964.42,28.16
0.235262,-71.7526,2025-06-24,12:34:56,29.8,9,1.07,2.61,-9.20737,345.779,23.21,82.88,173.57,150.88,1.35,1008.48,28.48
0.276901,-71.676,2025-06-24,12:34:56,29.9,7,0.5,1.31,-9.2074,345.786,51.22,106.46,41.14,105.51,-3.34,1015.96,24.39
0.319873,-71.6,2025-06-24,12:34:56,30,8,0.89,0,-9.20743,345.772,135.52,75.01,132.63,74.31,-1.44,1041.17,25.09
0.364163,-71.5248,2025-06-24,12:34:56,30.1,12,0.52,-1.31,-9.20746,345.737,112.29,15.14,20.21,9.82,-1.48,1030.14,34.29
0.40976,-71.4504,2025-06-24,12:34:56,30.2,8,0.84,-2.61,-9.20749,345.681,125.29,152.82,109.5,122.62,4.4,1022.14,24.02
0.456647,-71.3768,2025-06-24,12:34:56,30.3,9,0.65,-3.91,-9.20752,345.602,50.42,38.14,25.83,117.24,0.25,981.22,32.32
0.504812,-71.304,2025-06-24,12:34:56,30.4,7,1.09,-5.2,-9.20755,345.501,146.88,11.9,174.06,4.24,2.91,961.92,29.77
0.55424,-71.2321,2025-06-24,12:34:56,30.5,11,1.6,-6.47,-9.20757,345.377,21.05,23.87,76.5,143.37,1.16,990.43,28.15
0.604915,-71.1611,2025-06-24,12:34:56,30.6,8,1.75,-7.73,-9.20759,345.23,21.57,38.29,3.54,1.5,4.49,994.22,21.08
0.656822,-71.0909,2025-06-24,12:34:56,30.7,8,0.52,-8.96,-9.20761,345.06,20.9,55.46,132.28,171.57,4.76,1022.42,22.93
0.709946,-71.0217,2025-06-24,12:34:56,30.8,8,0.81,-10.17,-9.20762,344.865,129.78,147.54,133.22,105.54,3.32,1015.46,23.27
0.76427,-70.9534,2025-06-24,12:34:56,30.9,11,0.84,-11.35,-9.20764,344.646,11.98,144.86,51.23,57.72,0.8,950.4,25.37
0.819778,-70.8861,2025-06-24,12:34:56,31,11,1.25,-12.5,-9.20764,344.402,49.1,166.15,91.7,178.57,-3.66,996.43,28.87
0.876452,-70.8197,2025-06-24,12:34:56,31.1,7,1.74,-13.62,-9.20765,344.132,148.98,122.86,139.97,164.97,4.07,1009.06,33.52
0.934276,-70.7543,2025-06-24,12:34:56,31.2,8,1.58,-14.69,-9.20765,343.837,109.29,122.55,160.87,153.49,-0.66,956.72,26.64
0.993231,-70.69,2025-06-24,12:34:56,31.3,12,1.57,-15.73,-9.20765,343.515,10.92,151.76,96.9,115.02,0.67,1003.97,27.59
1.0533,-70.6267,2025-06-24,12:34:56,31.4,11,1.44,-16.73,-9.20764,343.564,16.37,127.93,81.74,88.63,3.07,1022.07,32.68
1.11447,-70.5645,2025-06-24,12:34:56,31.5,11,1.75,-17.68,-9.20763,343.614,157.99,45.28,113.29,150.14,4.15,1048.8,25.4
1.17671,-70.5033,2025-06-24,12:34:56,31.6,9,0.9,-18.58,-9.20762,343.666,151.09,44.31,98.11,91.64,2.2,1042.79,28.45
1.24001,-70.4432,2025-06-24,12:34:56,31.7,11,1.94,-19.43,-9.20761,343.72,118.24,58.5,85.26,115.21,-4.37,1034.28,30.51
1.30435,-70.3843,2025-06-24,12:34:56,31.8,12,1.23,-20.23,-9.20759,343.776,13.07,125.14,108.33,55.17,4.51,973.59,29.63
1.3697,-70.3265,2025-06-24,12:34:56,31.9,10,1.38,-20.97,-9.20757,343.834,140.79,129.39,26.22,160.11,4.84,954.33,23.29
1.43606,-70.2698,2025-06-24,12:34:56,32,11,1.69,-21.65,-9.20755,343.894,88.69,70.44,140.62,127.85,1.42,1026.06,31.98
1.5034,-70.2143,2025-06-24,12:34:56,32.1,6,0.54,-22.28,-9.20753,343.955,98.06,103.25,174.71,31.61,-3.74,986.57,30.82
1.57169,-70.1599,2025-06-24,12:34:56,32.2,12,1.96,-22.84,-9.20751,344.019,41.21,22.26,12.47,26.36,-1.67,955.91,25.08
1.64092,-70.1068,2025-06-24,12:34:56,32.3,12,0.95,-23.34,-9.20749,344.085,12.06,100.63,167.6,3.65,-1.52,982.04,20.03
1.71107,-70.0549,2025-06-24,12:34:56,32.4,10,1.27,-23.78,-9.20748,344.153,20.3,102.82,129.41,121.82,3.41,962.94,22.91
1.78212,-70.0042,2025-06-24,12:34:56,32.5,7,0.9,-24.15,-9.20747,344.223,85.13,163.57,69.15,146.68,3.86,1001.46,22.79
1.85404,-69.9548,2025-06-24,12:34:56,32.6,9,1.22,-24.45,-9.20746,344.295,5.32,61.86,136.72,67.81,3.4,1044.19,22.41
1.9268,-69.9066,2025-06-24,12:34:56,32.7,6,1.45,-24.69,-9.20745,344.361,86.31,101.26,99.49,100.17,-2.71,1032.2,28.99
2.0004,-69.8598,2025-06-24,12:34:56,32.8,11,0.82,-24.86,-9.20744,344.42,72.07,35.96,73.99,161.86,4.99,1033.49,21.69
2.07481,-69.8142,2025-06-24,12:34:56,32.9,8,1.29,-24.97,-9.20744,344.473,160.36,149.35,39.46,179.02,-0.72,1018.11,23.12
2.15,-69.7699,2025-06-24,12:34:56,33,10,1.78,-25,-9.20744,344.52,105.93,159.73,60.17,86.13,4.41,1048.99,23.48
2.22595,-69.7269,2025-06-24,12:34:56,33.1,9,1.1,-24.97,-9.20744,344.561,147.99,18.5,154.14,69.66,-0.32,989.63,34.53
2.30264,-69.6853,2025-06-24,12:34:56,33.2,7,0.84,-24.86,-9.20744,344.597,74.94,129.59,91.74,109.34,-0.23,994.38,33.77
2.38005,-69.645,2025-06-24,12:34:56,33.3,9,1.22,-24.69,-9.20744,344.626,118.14,20.2,91.62,126.82,-0.96,967.57,28.86
2.45814,-69.606,2025-06-24,12:34:56,33.4,6,1.48,-24.45,-9.20745,344.651,54.5,44.4,10.32,25.21,2.65,1004.24,31.55
2.53691,-69.5685,2025-06-24,12:34:56,33.5,9,0.83,-24.15,-9.20745,344.671,151.54,136.86,18.15,8.03,1.3,958.41,23.13
2.61632,-69.5323,2025-06-24,12:34:56,33.6,12,1.83,-23.78,-9.20746,344.685,21.81,124.25,84.44,23.01,4.5,979.59,30.29
2.69634,-69.4975,2025-06-24,12:34:56,33.7,7,1.05,-23.34,-9.20746,344.695,21.77,134.26,24.31,70.11,1.25,979.38,31.56
2.77697,-69.4641,2025-06-24,12:34:56,33.8,12,0.83,-22.84,-9.20747,344.701,56.23,123.77,160.27,137.81,-4.24,1028.67,30.35
2.85816,-69.4321,2025-06-24,12:34:56,33.9,12,1.79,-22.28,-9.20747,344.702,81.85,138.88,125.57,68.05,-4.06,1016.32,34.79
2.9399,-69.4015,2025-06-24,12:34:56,34,6,0.82,-21.65,-9.20748,344.699,127.3,11.76,3.81,84.74,1.85,953.07,20.86
3.02216,-69.3724,2025-06-24,12:34:56,34.1,7,1.31,-20.97,-9.20748,344.693,83.42,156.27,117.35,71.68,2.8,951.11,29.81
3.10492,-69.3447,2025-06-24,12:34:56,34.2,10,0.74,-20.23,-9.20749,344.683,53.99,130.3,109.77,152.5,-3.59,1008.85,21.61
3.18814,-69.3185,2025-06-24,12:34:56,34.3,11,1.19,-19.43,-9.20749,344.671,153.01,176.31,150.52,18.34,-2.87,1034.8,33.87
3.27181,-69.2937,2025-06-24,12:34:56,34.4,8,1.75,-18.58,-9.85,344.655,154.8,144.39,82.88,2.19,-3.14,950.28,22.87
3.3559,-69.2704,2025-06-24,12:34:56,34.5,12,1.26,-17.68,-9.22035,344.637,161.88,94.16,149.68,152.07,-4.32,1029.28,26.97
3.44039,-69.2485,2025-06-24,12:34:56,34.6,12,1.91,-16.73,-9.22062,344.617,172.95,136.49,7.87,46.42,4.85,1008.59,22.95
3.52524,-69.2281,2025-06-24,12:34:56,34.7,9,1.56,-15.73,-9.22088,344.596,38.03,126.95,33.06,102.41,4.1,961.54,26.45
3.61044,-69.2093,2025-06-24,12:34:56,34.8,11,0.69,-14.69,-9.22115,344.573,0.43,5.23,139.6,138.37,-0.01,952.41,31.08
3.69596,-69.1919,2025-06-24,12:34:56,34.9,10,1.27,-13.62,-9.22143,344.549,147.84,3.71,91.81,131.15,2.98,1022.82,33.17
3.78176,-69.176,2025-06-24,12:34:56,35,11,0.7,-12.5,-9.22171,344.524,146.01,145.8,162.28,101.28,-3.82,1039.19,29.78
3.86783,-69.1616,2025-06-24,12:34:56,35.1,9,0.68,-11.35,-9.22199,344.499,39.56,164.66,19.45,85.09,3.68,1022.34,28.43
3.95413,-69.1487,2025-06-24,12:34:56,35.2,12,0.92,-10.17,-9.22229,344.474,178.42,110.94,77.02,47.74,3.74,967.22,28.21
4.04065,-69.1373,2025-06-24,12:34:56,35.3,9,1,-8.96,-9.22258,344.45,163.35,33.92,35.58,164.47,3.22,1021.48,24.64
4.12736,-69.1274,2025-06-24,12:34:56,35.4,12,1.23,-7.73,-9.22288,344.427,164.69,145.87,66.93,149.18,1.85,997.07,25.81
4.21422,-69.119,2025-06-24,12:34:56,35.5,12,0.99,-6.47,-9.22319,344.405,109.54,99.55,117.42,167.65,-4.25,1046.41,24.12
4.30122,-69.1122,2025-06-24,12:34:56,35.6,11,0.77,-5.2,-9.2235,344.386,19.91,21,12.66,131.08,-4.34,1004.49,25.47
4.38832,-69.1069,2025-06-24,12:34:56,35.7,7,1.14,-3.91,-9.22382,344.369,45.01,129.05,176.53,150.35,-3.25,1049.32,21.4
4.4755,-69.103,2025-06-24,12:34:56,35.8,11,1.21,-2.61,-9.22414,344.355,66.56,68.66,171.48,61.76,2.47,966.69,20.94
4.56274,-69.1008,2025-06-24,12:34:56,35.9,11,1.12,-1.31,-9.22447,344.345,11.13,116.63,68.49,74.71,3,1018.95,24.89
4.65,-69.1,2025-06-24,12:34:56,0,12,0.51,0,-9.22481,344.339,135.5,4.63,28.97,163.41,0.76,1002.49,34.97
4.73726,-69.1008,2025-06-24,12:34:56,0.1,12,1.58,1.31,-9.22515,344.338,85.55,179.06,90.6,38.72,-0.57,1048.25,32.37
4.8245,-69.103,2025-06-24,12:34:56,0.2,10,1.27,2.61,-9.2255,344.342,127.68,65.86,73.74,110.25,1,1049.66,22.83
4.91168,-69.1069,2025-06-24,12:34:56,0.3,7,1.29,3.91,-9.22586,344.352,28.77,30.79,162.06,113.57,-2.26,1041.07,20.42
4.99878,-69.1122,2025-06-24,12:34:56,0.4,10,0.93,5.2,-9.22623,344.369,116.59,19.73,72.94,23.76,0.66,1041.64,21.5
5.08578,-69.119,2025-06-24,12:34:56,0.5,12,0.94,6.47,-9.2266,344.385,96.04,60.06,147.54,17.65,3.06,1012.29,31.41
5.17264,-69.1274,2025-06-24,12:34:56,0.6,12,1.49,7.73,-9.22698,344.4,138.66,29.76,138.9,131.11,-0.01,976.83,30.33
5.25935,-69.1373,2025-06-24,12:34:56,0.7,6,1.46,8.96,-9.22736,344.415,24.56,171.13,140.53,75.7,-0.1,982.01,21.85
5.34587,-69.1487,2025-06-24,12:34:56,0.8,7,1.44,10.17,-9.22776,344.429,22.16,4.81,154.68,155.57,-3.27,958.31,20.94
5.43217,-69.1616,2025-06-24,12:34:56,0.9,12,0.56,11.35,-9.22816,344.442,30,16.25,134.4,82.63,4.93,1011.31,31.84
5.51824,-69.176,2025-06-24,12:34:56,1,6,1.08,12.5,-9.22857,344.454,71.45,35.77,78.68,122.88,-3.01,1002.52,20.01
5.60404,-69.1919,2025-06-24,12:34:56,1.1,12,1.91,13.62,-9.22899,344.465,135.61,158.1,13.01,175.27,-0.54,962.95,32.61
5.68956,-69.2093,2025-06-24,12:34:56,1.2,6,0.74,14.69,-9.22942,344.475,94.33,71.35,159.65,145.65,-3.39,1040.29,23.58
5.77476,-69.2281,2025-06-24,12:34:56,1.3,10,1.51,15.73,-9.22986,344.485,158.64,142.1,154.96,132.5,-2.07,966.06,27.64
5.85961,-69.2485,2025-06-24,12:34:56,1.4,9,1.3,16.73,-9.23031,344.493,171.29,25.84,84.01,106.06,-1.36,1004.71,23.38
5.9441,-69.2704,2025-06-24,12:34:56,1.5,9,1.92,17.68,-9.23077,344.499,65.12,54.35,88.1,153.98,3.88,965.95,26.44
6.02819,-69.2937,2025-06-24,12:34:56,1.6,11,1.46,18.58,-9.23123,344.505,96.12,128.3,100.47,145.04,-0.28,952.49,28.79
6.11186,-69.3185,2025-06-24,12:34:56,1.7,9,1.18,19.43,-9.23171,344.509,20.85,153.04,29.11,14.99,4.57,1009.18,34.26
6.19508,-69.3447,2025-06-24,12:34:56,1.8,11,1.58,20.23,-9.23219,344.512,123.41,154.57,177.21,64.33,2.47,1000.53,27.44
6.27784,-69.3724,2025-06-24,12:34:56,1.9,6,1.46,20.97,-9.23269,344.514,90.65,144.25,43.28,145.97,-0.67,1007.99,33.65
6.3601,-69.4015,2025-06-24,12:34:56,2,7,1.94,21.65,-9.23319,344.515,105.55,6.43,70.77,68.74,-3.33,1031.41,34.47
6.44184,-69.4321,2025-06-24,12:34:56,2.1,11,0.86,22.28,-9.23371,344.515,7.24,105.42,26.01,90.8,-0.79,960.03,34.63
6.52303,-69.4641,2025-06-24,12:34:56,2.2,12,1.14,22.84,-9.23423,344.514,57.52,21.1,78.35,77.5,-2.21,964.44,34.9
6.60366,-69.4975,2025-06-24,12:34:56,2.3,12,1.17,23.34,-9.23477,344.512,162.82,115.63,154.29,52.23,-0.49,1020.02,20.48
6.68368,-69.5323,2025-06-24,12:34:56,2.4,10,1.77,23.78,-9.23532,344.51,87.13,2.45,105.14,129.18,-4.17,997.57,24.4
6.76309,-69.5685,2025-06-24,12:34:56,2.5,6,1.72,24.15,-9.23587,344.507,143.22,27.95,122.59,82.9,2.68,981.6,25.14
6.84186,-69.606,2025-06-24,12:34:56,2.6,12,1.3,24.45,-9.23644,344.504,59.92,12.16,1.99,57.41,-2.05,995.44,28.87
6.91995,-69.645,2025-06-24,12:34:56,2.7,7,0.88,24.69,-9.23702,344.5,22.02,35.08,115.02,126.08,-4.18,981.77,21.55
6.99736,-69.6853,2025-06-24,12:34:56,2.8,7,1.7,24.86,-9.23761,344.496,51.19,47.1,165.62,152.09,3.92,981.96,31.4
7.07405,-69.7269,2025-06-24,12:34:56,2.9,10,1.34,24.97,-9.23822,344.492,131.96,48.03,6.5,159.08,-4.01,1000.46,31.64
7.15,-69.7699,2025-06-24,12:34:56,3,7,1.41,25,-9.23883,344.488,175.76,86.04,118.63,23.5,-1.06,1023.05,27.32
7.22519,-69.8142,2025-06-24,12:34:56,3.1,11,1.02,24.97,-9.23946,344.484,176.51,96.38,37.84,42.24,-1.25,1023.95,20.67
7.2996,-69.8598,2025-06-24,12:34:56,3.2,11,1.21,24.86,-9.2401,344.479,105.8,163.5,123.25,73.31,-4.58,1045.64,23.56
7.3732,-69.9066,2025-06-24,12:34:56,3.3,6,1.77,24.69,-9.24075,344.475,44.69,164.22,105.27,165.97,0.83,1027.55,33.84
7.44596,-69.9548,2025-06-24,12:34:56,3.4,6,1.51,24.45,-9.24141,344.471,29.57,126.83,40.22,10.07,-1.84,993,31.86
7.51788,-70.0042,2025-06-24,12:34:56,3.5,6,1.74,24.15,-9.22924,344.468,34.49,48.92,172.65,26.6,4.37,998.21,33.5
7.58893,-70.0549,2025-06-24,12:34:56,3.6,11,0.52,23.78,-9.22942,344.464,23.94,31.73,28.62,135.27,3.35,1017.31,30.33
7.65908,-70.1068,2025-06-24,12:34:56,3.7,10,1.77,23.34,-9.2296,344.461,143.52,59.2,144.59,39.36,-4.9,1003.35,31.22
7.72831,-70.1599,2025-06-24,12:34:56,3.8,8,0.75,22.84,-9.22977,344.459,164.5,128.32,59.56,72.94,-4.28,990.97,21.04
7.7966,-70.2143,2025-06-24,12:34:56,3.9,9,0.5,22.28,-9.22994,344.456,66.35,158.27,12.58,163.8,1.03,966.97,20.46
7.86394,-70.2698,2025-06-24,12:34:56,4,11,1.72,21.65,-9.23011,344.455,35.18,70.02,154.39,44.72,-1.86,1040.96,32.14
7.9303,-70.3265,2025-06-24,12:34:56,4.1,9,1.77,20.97,-9.23028,344.453,179.67,60.95,22.96,141.67,-0.91,952.62,34.41
7.99565,-70.3843,2025-06-24,12:34:56,4.2,9,1.9,20.23,-9.23045,344.452,2.26,154.29,127.53,12.76,0.31,1006.1,28.65
8.05999,-70.4432,2025-06-24,12:34:56,4.3,11,1.3,19.43,-9.23061,344.452,113.91,169.37,83.65,88.88,3.1,991.68,26.13
8.12329,-70.5033,2025-06-24,12:34:56,4.4,8,1.29,18.58,-9.23077,344.452,117.31,94.18,136.52,29.64,0.92,992.74,29.88
8.18553,-70.5645,2025-06-24,12:34:56,4.5,11,1.42,17.68,-9.23093,344.452,39.17,83.31,99.11,117.11,0.08,955.43,25.16
8.2467,-70.6267,2025-06-24,12:34:56,4.6,12,1.9,16.73,-9.23108,344.453,129.65,47.42,174.65,54.53,3.65,1025.02,24.31
8.30677,-70.69,2025-06-24,12:34:56,4.7,9,0.55,15.73,-9.23123,344.455,174.08,148.14,156.68,98.41,-1.92,957.25,32.21
8.36572,-70.7543,2025-06-24,12:34:56,4.8,7,1.46,14.69,-9.23138,344.456,171.8,87.76,74.67,162.3,-2.54,990.7,32.3
8.42355,-70.8197,2025-06-24,12:34:56,4.9,9,1.9,13.62,-9.23153,344.458,13.55,89.03,43.25,102.21,4.16,1049.26,22.52
8.48022,-70.8861,2025-06-24,12:34:56,5,9,1.32,12.5,-9.23167,344.461,131.62,130.72,58.5,79.3,4.59,950.15,30.27
8.53573,-70.9534,2025-06-24,12:34:56,5.1,7,0.96,11.35,-9.23181,344.463,148.74,84.57,157.48,90.19,0.62,1030.65,25.74
8.59005,-71.0217,2025-06-24,12:34:56,5.2,9,0.8,10.17,-9.23194,344.466,40.3,161.09,147.94,36.99,4.94,1024.17,21.77
8.64318,-71.0909,2025-06-24,12:34:56,5.3,8,1.91,8.96,-9.23207,344.468,108.65,79.14,154.62,5.11,-0.87,994.28,29.16
8.69508,-71.1611,2025-06-24,12:34:56,5.4,6,0.51,7.73,-9.23219,344.47,4.74,102.37,155.53,165.3,-2.69,1047.82,28.89
8.74576,-71.2321,2025-06-24,12:34:56,5.5,6,1.84,6.47,-9.23231,344.472,122.49,158.92,108.65,174.85,2.8,1044.86,22.77
8.79519,-71.304,2025-06-24,12:34:56,5.6,6,1.92,5.2,-9.23243,344.474,93.11,120.65,57.97,98.15,-3.75,964.21,21.46
8.84335,-71.3768,2025-06-24,12:34:56,5.7,11,1.06,3.91,-9.23253,344.476,85.66,147.82,60.04,20.36,-1.7,1038.24,34.45
8.89024,-71.4504,2025-06-24,12:34:56,5.8,7,1.14,2.61,-9.23264,344.477,140.92,25.01,151.31,18.51,-0.2,978.73,23.62
8.93584,-71.5248,2025-06-24,12:34:56,5.9,6,1.03,1.31,-9.23274,344.478,91.31,4.96,178.16,51.1,-2.43,1045.02,28.02
8.98013,-71.6,2025-06-24,12:34:56,6,10,1.42,0,-9.23283,344.478,155.87,173.47,16.48,129.49,-3.62,1046.2,20.31
9.0231,-71.676,2025-06-24,12:34:56,6.1,11,1.57,-1.31,-9.23291,344.479,66.43,138.15,178.48,43.67,-3.12,979.25,25.74
9.06474,-71.7526,2025-06-24,12:34:56,6.2,8,1.95,-2.61,-9.23299,344.479,108.74,112.23,164.6,83.39,-1.42,950.77,32.36
9.10503,-71.83,2025-06-24,12:34:56,6.3,9,1.19,-3.91,-9.23306,344.479,137.17,4.37,126.99,49.18,-1.2,1032.35,28.04
9.14397,-71.9081,2025-06-24,12:34:56,6.4,11,1.79,-5.2,-9.23313,344.479,100.11,157.45,38.84,142.11,-2.93,1023.87,34.01
9.18154,-71.9869,2025-06-24,12:34:56,6.5,11,1.74,-6.47,-9.23318,344.479,83.29,155.74,5.68,72.16,0.74,1014.85,22.04
9.21773,-72.0663,2025-06-24,12:34:56,6.6,9,1.85,-7.73,-9.23323,344.479,128.1,40.4,12.61,36.68,2.59,971.27,26.88
9.25252,-72.1463,2025-06-24,12:34:56,6.7,8,1.29,-8.96,-9.23327,344.478,107.47,150.13,81.28,3.1,1.85,1005.64,22.12
9.28592,-72.227,2025-06-24,12:34:56,6.8,7,0.89,-10.17,-9.2333,344.477,101.04,164.67,35.03,158.42,-1.54,959.26,26.66
9.3179,-72.3082,2025-06-24,12:34:56,6.9,8,1.64,-11.35,-9.23332,344.477,80.66,42.41,91.46,72.33,4.78,982.52,33.95
9.34846,-72.3899,2025-06-24,12:34:56,7,9,1.28,-12.5,-9.23334,344.476,137.22,44.87,42.81,146.3,-3.49,971.16,29.74
9.37759,-72.4722,2025-06-24,12:34:56,7.1,8,0.86,-13.62,-9.23334,344.475,158.69,105.98,155.14,69.54,-2.31,1033.55,22.02
9.40528,-72.5549,2025-06-24,12:34:56,7.2,11,1.05,-14.69,-9.23333,344.474,132.97,110.89,94.39,143.49,-1.31,963.67,27.95
9.43152,-72.6381,2025-06-24,12:34:56,7.3,6,0.63,-15.73,-9.23331,344.474,163.06,105.35,173.67,115.66,-3.9,991.07,30.32
9.45631,-72.7218,2025-06-24,12:34:56,7.4,6,0.86,-16.73,-9.23328,344.473,61.88,119.41,48.07,105.3,2.58,1009.31,28.78
9.47963,-72.8059,2025-06-24,12:34:56,7.5,6,0.78,-17.68,-9.23324,344.472,68.68,130.1,63.39,7.12,0.78,1013.6,28.86
9.50148,-72.8904,2025-06-24,12:34:56,7.6,12,1.44,-18.58,-9.23319,344.471,172.88,8.23,112.75,72.5,2.16,1046.28,23.51
9.52185,-72.9752,2025-06-24,12:34:56,7.7,7,1.27,-19.43,-9.23313,344.471,35.23,109.61,179.83,0.23,1.37,1000.35,25.76
9.54074,-73.0604,2025-06-24,12:34:56,7.8,12,0.62,-20.23,-9.23305,344.47,142.59,32.26,26.13,94.02,-3.48,957.1,25.57
9.55814,-73.146,2025-06-24,12:34:56,7.9,12,1.75,-20.97,-9.23296,344.47,26.6,133.31,33.36,27.14,-0.23,986.12,22.77
9.57404,-73.2318,2025-06-24,12:34:56,8,9,1.18,-21.65,-9.23285,344.469,121.89,91.09,53.07,11.34,-1.73,1006.03,24.1
9.58844,-73.3178,2025-06-24,12:34:56,8.1,8,1.17,-22.28,-9.23273,344.469,90.19,37.79,145.65,21.14,2.89,1049.66,20.21
9.60134,-73.4041,2025-06-24,12:34:56,8.2,12,0.74,-22.84,-9.2326,344.469,155.74,1.57,72.3,18.66,4.51,962.99,31.12
9.61273,-73.4907,2025-06-24,12:34:56,8.3,9,0.56,-23.34,-9.23245,344.468,107.51,113.8,83.33,86.75,2.82,982.58,23.79
9.62261,-73.5774,2025-06-24,12:34:56,8.4,11,1.17,-23.78,-9.23228,344.468,98.95,76.67,47.2,0.18,2.87,1036.08,21.27
9.63097,-73.6642,2025-06-24,12:34:56,8.5,10,1.22,-24.15,-9.2321,344.468,19.94,97.1,36.25,105.72,4.14,965.3,25.7
9.63782,-73.7512,2025-06-24,12:34:56,8.6,6,0.69,-24.45,-9.23216,344.468,80.77,79.38,89.59,165.21,-4.07,970.37,23.33
9.64315,-73.8383,2025-06-24,12:34:56,8.7,12,1.93,-24.69,-9.23221,344.468,131.47,171.35,112.72,141.29,4.88,1029.85,23.14
9.64695,-73.9255,2025-06-24,12:34:56,8.8,9,1.7,-24.86,-9.23226,344.468,169.39,106.71,57.44,35.29,-1.25,1029.55,30.17
9.64924,-74.0127,2025-06-24,12:34:56,8.9,8,0.56,-24.97,-9.23231,344.469,142.2,33.57,23.79,129.38,1.42,1001.86,32.67
9.65,-74.1,2025-06-24,12:34:56,9,9,1.5,-25,-9.23236,344.469,18.49,151.07,160.7,150.27,-2.69,999.72,33.62
9.64924,-74.1873,2025-06-24,12:34:56,9.1,12,1.78,-24.97,-9.23241,344.469,151.12,75.34,118.63,77.67,4.23,956.84,26.95
9.64695,-74.2745,2025-06-24,12:34:56,9.2,9,1.11,-24.86,-9.23245,344.469,80.69,24.34,161.4,100.58,-1.01,952.19,34.06
9.64315,-74.3617,2025-06-24,12:34:56,9.3,7,1.65,-24.69,-9.23249,344.47,60.4,55.02,86.29,28.1,0.54,1043.13,33.69
9.63782,-74.4488,2025-06-24,12:34:56,9.4,11,1.75,-24.45,-9.23253,344.47,68.47,34.1,98.68,38.99,0.1,1004.33,27.46
9.63097,-74.5358,2025-06-24,12:34:56,9.5,9,1.07,-24.15,-9.23256,344.47,45.54,94.5,101.36,26.65,1.67,979.43,21.41
9.62261,-74.6226,2025-06-24,12:34:56,9.6,10,1.64,-23.78,-9.23259,344.471,145.81,46.12,4.53,68.07,1.85,997.13,29.01
9.61273,-74.7093,2025-06-24,12:34:56,9.7,6,0.76,-23.34,-9.23262,344.471,74.21,89.07,147.17,126.68,-0.45,1005.6,20.14
9.60134,-74.7959,2025-06-24,12:34:56,9.8,11,1.77,-22.84,-9.23265,344.471,52.69,119.35,17.62,122.28,0.1,952.41,24.59
9.58844,-74.8822,2025-06-24,12:34:56,9.9,9,1.2,-22.28,-9.23268,344.472,93.72,88.54,48.68,38.44,4.4,977.61,28.78
9.57404,-74.9682,2025-06-24,12:34:56,10,10,1.36,-21.65,-9.2327,344.472,151.97,68.64,59.15,142.13,-2.47,976.69,33.28
9.55814,-75.054,2025-06-24,12:34:56,10.1,11,0.51,-20.97,-9.23272,344.472,156.15,21.22,90.81,112.04,-0.32,996.08,26.27
9.54074,-75.1396,2025-06-24,12:34:56,10.2,6,0.81,-20.23,-9.23274,344.472,94.63,106.58,168.91,122.53,0.47,1047.57,28.15
9.52185,-75.2248,2025-06-24,12:34:56,10.3,10,0.87,-19.43,-9.23276,344.473,168.76,162.34,129.53,55.45,-1.37,963.28,24.55
9.50148,-75.3096,2025-06-24,12:34:56,10.4,9,1.59,-18.58,-9.23277,344.473,69.29,128.06,51.27,38.42,1.23,1017.51,26.45
9.47963,-75.3941,2025-06-24,12:34:56,10.5,7,0.96,-17.68,-9.23278,344.473,58.62,52.25,5.73,45.71,1.28,1001.54,27.92
9.45631,-75.4782,2025-06-24,12:34:56,10.6,12,1.1,-16.73,-9.23279,344.473,3.29,155.97,145.22,97.02,-2.54,967.67,27.34
9.43152,-75.5619,2025-06-24,12:34:56,10.7,9,0.65,-15.73,-9.2328,344.473,137.86,132.61,153.7,124.26,-3.5,950.62,26.74
9.40528,-75.6451,2025-06-24,12:34:56,10.8,9,1.34,-14.69,-9.2328,344.473,35.75,174.34,41.77,17.47,0.72,999.36,32.08
9.37759,-75.7278,2025-06-24,12:34:56,10.9,10,1.47,-13.62,-9.23281,344.473,177.63,8.87,77.81,80.47,-3.85,1011.85,27.75
9.34846,-75.8101,2025-06-24,12:34:56,11,11,1.82,-12.5,-9.23281,344.472,108.01,56.05,59.19,46.69,-0.45,971.1,28.89
9.3179,-75.8918,2025-06-24,12:34:56,11.1,12,1.87,-11.35,-9.23281,344.472,103.04,171.27,140.85,53.44,-3.51,952.83,29.98
9.28592,-75.973,2025-06-24,12:34:56,11.2,6,1.55,-10.17,-9.2328,344.472,94.57,101.26,135.56,152.04,-0.92,1021.91,22.99
9.25252,-76.0537,2025-06-24,12:34:56,11.3,6,1.17,-8.96,-9.2328,344.472,104.7,20.07,105.79,28.48,3.61,985.39,25.32
9.21773,-76.1337,2025-06-24,12:34:56,11.4,10,1.98,-7.73,-9.2328,344.472,157.88,49.54,169.83,50.31,-4.21,998.75,34.02
9.18154,-76.2131,2025-06-24,12:34:56,11.5,8,0.71,-6.47,-9.23279,344.472,53.55,26.08,151.44,138.13,-0.23,1019.12,34.18
9.14397,-76.2919,2025-06-24,12:34:56,11.6,12,0.88,-5.2,-9.23278,344.472,73.31,22.45,73.5,148.38,-4.42,1015.27,20.92
9.10503,-76.37,2025-06-24,12:34:56,11.7,9,0.51,-3.91,-9.23277,344.471,78.73,4.89,136.51,11.79,-2.32,954.42,25.63
9.06474,-76.4474,2025-06-24,12:34:56,11.8,6,1.67,-2.61,-9.23276,344.471,84.83,141.61,129.97,167.7,-2.16,1000.49,29.47
9.0231,-76.524,2025-06-24,12:34:56,11.9,11,0.53,-1.31,-9.23275,344.471,176.54,136.82,99.94,39.77,1.75,1049.46,31.33
8.98013,-76.6,2025-06-24,12:34:56,12,10,1.81,0,-9.23274,344.471,61.47,129.49,166.96,37.38,-4.34,1009.51,28.52
8.93584,-76.6752,2025-06-24,12:34:56,12.1,7,1.19,1.31,-9.23273,344.471,138.56,129.93,66.25,40.72,-4.55,979.08,25.06
8.89024,-76.7496,2025-06-24,12:34:56,12.2,11,1.81,2.61,-9.23272,344.471,167.24,66.84,173.45,16.96,-0.11,1027.44,22.15
8.84335,-76.8232,2025-06-24,12:34:56,12.3,6,0.91,3.91,-9.2327,344.471,160.47,26.44,104.49,61.55,-4.93,973.08,25.15
8.79519,-76.896,2025-06-24,12:34:56,12.4,6,1.09,5.2,-9.23269,344.471,39.64,43.68,139.56,99.24,4.95,1025.23,32.78
8.74576,-76.9679,2025-06-24,12:34:56,12.5,12,1.69,6.47,-9.23268,344.471,15.07,19.81,170.14,87.99,1.06,952.67,30.09
8.69508,-77.0389,2025-06-24,12:34:56,12.6,11,1.83,7.73,-9.23267,344.471,25.97,18.24,82.93,149.27,1.81,1017.86,31.3
8.64318,-77.1091,2025-06-24,12:34:56,12.7,12,0.99,8.96,-9.23266,344.471,113.03,126.82,78.34,178.32,-3.03,999.27,20.44
8.59005,-77.1783,2025-06-24,12:34:56,12.8,12,1.03,10.17,-9.23265,344.471,138.04,105.41,78.21,154.15,-1.67,963.97,24.75
8.53573,-77.2466,2025-06-24,12:34:56,12.9,7,1.11,11.35,-9.23264,344.471,105.41,113.92,122.07,52.36,-4.03,966.99,31.63
8.48022,-77.3139,2025-06-24,12:34:56,13,10,1.01,12.5,-9.23263,344.471,80.1,8.54,155.71,80.49,1.46,1006.72,32.48
8.42355,-77.3803,2025-06-24,12:34:56,13.1,7,1.46,13.62,-9.23263,344.471,17.76,39.98,95.69,73.91,4.45,963.22,32.43
8.36572,-77.4457,2025-06-24,12:34:56,13.2,11,1.5,14.69,-9.23263,344.471,11.43,69.2,30.77,170.37,-1.86,987.36,20.44
8.30677,-77.51,2025-06-24,12:34:56,13.3,9,1.52,15.73,-9.23263,344.471,17.05,172.36,172.94,10.71,-3.44,988.4,29.33
8.2467,-77.5733,2025-06-24,12:34:56,13.4,11,0.8,16.73,-9.23263,344.471,40.82,170.9,118.26,137.61,-1.61,1044.24,29.08
8.18553,-77.6355,2025-06-24,12:34:56,13.5,7,0.54,17.68,-9.23264,344.471,62.62,17.11,13.74,7.9,-2.67,1006.09,23.99
8.12329,-77.6967,2025-06-24,12:34:56,13.6,6,0.87,18.58,-9.23265,344.471,0.87,59.87,87.4,75.67,-1.94,1022.1,20.91
8.05999,-77.7568,2025-06-24,12:34:56,13.7,7,0.8,19.43,-9.23266,344.471,99.13,4.55,105.74,74.87,-0.44,1004.11,32.56
7.99565,-77.8157,2025-06-24,12:34:56,13.8,10,1.2,20.23,-9.23267,344.471,36.28,161.79,99.76,73.78,0.38,976.68,34.31
7.9303,-77.8735,2025-06-24,12:34:56,13.9,6,1.14,20.97,-9.23268,344.471,71.54,116.55,127.34,159.38,2.44,1012.2,25.82
7.86394,-77.9302,2025-06-24,12:34:56,14,6,1.31,21.65,-9.23268,344.471,76.03,179.28,106.97,133.71,0.93,1007.63,21.92
7.7966,-77.9857,2025-06-24,12:34:56,14.1,8,0.9,22.28,6.35,344.471,91.77,93.04,167.16,58.63,-0.02,996.82,33.47
7.72831,-78.0401,2025-06-24,12:34:56,14.2,7,1.04,22.84,-8.92104,344.471,155.29,148.69,109.07,105.8,-1.36,951.75,30.47
7.65908,-78.0932,2025-06-24,12:34:56,14.3,12,1.59,23.34,-8.91481,344.471,74.49,158.11,35.95,107.03,-1.96,976.35,22.76
7.58893,-78.1451,2025-06-24,12:34:56,14.4,11,1.4,23.78,-8.90846,344.471,120.91,14.88,29.44,0.24,3.57,1006.23,26.98
7.51788,-78.1958,2025-06-24,12:34:56,14.5,9,1.4,24.15,-8.90198,344.471,56.76,150.97,6.64,19.26,3.78,1017.59,25.76
7.44596,-78.2452,2025-06-24,12:34:56,14.6,12,1.79,24.45,-8.89537,344.472,51.18,85.8,40.29,64.29,-2.76,998.03,29.92
7.3732,-78.2934,2025-06-24,12:34:56,14.7,6,0.6,24.69,-8.88862,344.472,57.11,149.95,127.86,78.98,0.85,963.47,33.07
7.2996,-78.3402,2025-06-24,12:34:56,14.8,9,0.85,24.86,-8.88174,344.472,112.99,61.37,105.55,91.44,2.93,1013.06,27.28
7.22519,-78.3858,2025-06-24,12:34:56,14.9,11,1.34,24.97,-8.87473,344.472,148.57,139.21,138.69,61.39,2.27,1039.05,33.6
7.15,-78.4301,2025-06-24,12:34:56,15,6,0.69,25,-8.86757,344.472,141.84,30.8,90.87,59.97,4.1,974.39,33.18
7.07405,-78.4731,2025-06-24,12:34:56,15.1,10,1.14,24.97,-8.86026,344.472,39.73,63.52,99.03,114.35,4.3,1015.27,21.98
6.99736,-78.5147,2025-06-24,12:34:56,15.2,10,1.68,24.86,-8.85281,344.472,57.1,114.35,60.72,27.89,2.92,1009.98,31.25
6.91995,-78.555,2025-06-24,12:34:56,15.3,11,0.54,24.69,-8.84522,344.471,24.85,74.84,24.56,125.18,-1.38,1005.56,20.02
6.84186,-78.594,2025-06-24,12:34:56,15.4,10,1.06,24.45,-8.83746,344.471,173.85,15.68,16.57,111.64,1.27,962.13,22.11
6.76309,-78.6315,2025-06-24,12:34:56,15.5,8,1.11,24.15,-8.82956,344.471,74.96,43.5,25.76,131.33,1.31,1015.11,31.28
6.68368,-78.6677,2025-06-24,12:34:56,15.6,9,1.91,23.78,-8.82149,344.471,85.74,32.59,29.43,63.25,4.22,951.06,34.53
6.60366,-78.7025,2025-06-24,12:34:56,15.7,6,0.92,23.34,-8.81327,344.471,108.87,170.27,58.34,35.48,-1.97,968.73,29.64
6.52303,-78.7359,2025-06-24,12:34:56,15.8,11,1.09,22.84,-8.80488,344.471,59.07,14.71,1.81,69.94,2.51,1027.72,25.74
6.44184,-78.7679,2025-06-24,12:34:56,15.9,9,1.78,22.28,-8.79632,344.471,136.56,153,47.37,162.81,-1.95,988.02,32.34
6.3601,-78.7985,2025-06-24,12:34:56,16,8,0.55,21.65,-8.78759,344.471,92.73,130.08,125.03,53.56,1.09,1013.89,28.13
6.27784,-78.8276,2025-06-24,12:34:56,16.1,11,0.99,20.97,-8.77868,344.471,36.94,162.94,105.73,171.99,-0.34,1031.43,29.74
6.19508,-78.8553,2025-06-24,12:34:56,16.2,12,0.94,20.23,-8.7696,344.471,31.19,100.25,1.54,74.07,4.59,951.06,24.64
6.11186,-78.8815,2025-06-24,12:34:56,16.3,8,1.19,19.43,-8.76034,344.471,142.48,160.5,63.09,133.09,2.24,994.8,27.94
6.02819,-78.9063,2025-06-24,12:34:56,16.4,9,1.14,18.58,-8.75089,344.471,126.99,177.22,169.59,128.6,2.42,1039.98,34.74
5.9441,-78.9296,2025-06-24,12:34:56,16.5,9,0.86,17.68,-8.74125,344.471,171.45,114.47,58.98,77.91,1.51,998.09,25.49
5.85961,-78.9515,2025-06-24,12:34:56,16.6,9,1.59,16.73,-8.73142,344.471,108.53,29.65,83.34,129.09,4.8,1017.7,30.46
5.77476,-78.9719,2025-06-24,12:34:56,16.7,12,0.86,15.73,-8.72139,344.471,151.36,35.43,100.02,173.63,-0.26,954.92,28.85
5.68956,-78.9907,2025-06-24,12:34:56,16.8,12,0.75,14.69,-8.71117,344.471,156.18,15.12,132.53,22.85,-1.68,999.04,28.37
5.60404,-79.0081,2025-06-24,12:34:56,16.9,9,0.9,13.62,-8.70073,344.471,143.1,15.48,33.85,136.15,-2.44,1035.54,22.74
5.51824,-79.024,2025-06-24,12:34:56,17,10,1.1,12.5,-8.69009,344.471,113,168.88,21.48,60.04,4.88,1022.85,33.04
5.43217,-79.0384,2025-06-24,12:34:56,17.1,8,1.55,11.35,-8.67924,344.471,125.34,113.56,109.54,11.89,1.03,1007.22,34.42
5.34587,-79.0513,2025-06-24,12:34:56,17.2,6,1.17,10.17,-8.66817,344.471,52.96,56.08,69.05,133.13,-0.81,1022.23,34.5
5.25935,-79.0627,2025-06-24,12:34:56,17.3,12,0.79,8.96,-8.65688,344.471,38.91,50.76,178.2,12.29,-0.26,967.68,34.37
5.17264,-79.0726,2025-06-24,12:34:56,17.4,6,0.75,7.73,-8.64536,344.471,14.23,81.22,82.03,88.49,-4.7,966.2,31.92
5.08578,-79.081,2025-06-24,12:34:56,17.5,8,1.1,6.47,-8.63362,344.471,172.58,10.41,57,54.32,1.78,984.22,29.83
4.99878,-79.0878,2025-06-24,12:34:56,17.6,11,0.77,5.2,-8.62164,344.471,93.03,95.56,75.33,89.05,-4.21,1034,34.51
4.91168,-79.0931,2025-06-24,12:34:56,17.7,6,0.87,3.91,-8.60942,344.471,29.7,171.45,165.11,119.72,-0.35,1023.47,29.93
4.8245,-79.097,2025-06-24,12:34:56,17.8,9,1.41,2.61,-8.59695,344.471,176.86,119.43,93.28,147.67,2.41,990.67,20.22
4.73726,-79.0992,2025-06-24,12:34:56,17.9,11,1.99,1.31,-8.58424,344.471,22.8,168.64,29.95,175.44,-3.25,1019.54,25.6
4.65,-79.1,2025-06-24,12:34:56,18,8,0.74,0,-8.57127,344.471,114.44,60.74,130.05,24.67,0.26,1018.7,22.19
4.56274,-79.0992,2025-06-24,12:34:56,18.1,11,1.51,-1.31,-8.55804,344.471,147.67,56.09,9.45,18.29,-3.66,993.92,23.73
4.4755,-79.097,2025-06-24,12:34:56,18.2,7,0.61,-2.61,-2.31,344.471,60.62,152.33,44.56,21.25,-4.6,973.4,25.49
4.38832,-79.0931,2025-06-24,12:34:56,18.3,11,0.66,-3.91,-2.53,344.471,15.98,52.89,62.54,98.8,-4.04,973.77,23.64
4.30122,-79.0878,2025-06-24,12:34:56,18.4,10,0.61,-5.2,-2.74,344.471,60.89,81.72,31.83,153.47,-4.86,961.29,30.73
4.21422,-79.081,2025-06-24,12:34:56,18.5,12,1.45,-6.47,-2.95,344.471,16.14,48.18,18.56,14.29,1.71,1017.72,26.9
4.12736,-79.0726,2025-06-24,12:34:56,18.6,11,1.22,-7.73,-3.17,344.471,3.85,149.47,162.01,86.43,-4.89,973.91,34.32
4.04065,-79.0627,2025-06-24,12:34:56,18.7,11,0.92,-8.96,-3.38,344.471,94.17,33.43,159.96,120.81,-2.8,996.85,29.29
3.95413,-79.0513,2025-06-24,12:34:56,18.8,9,1.4,-10.17,-3.59,344.471,153.76,113.69,54.6,44.19,1.53,1009.91,30.85
3.86783,-79.0384,2025-06-24,12:34:56,18.9,10,0.66,-11.35,-3.8,344.471,43.55,125.93,52.05,128.04,3.83,1033.42,24.86
3.78176,-79.024,2025-06-24,12:34:56,19,7,0.87,-12.5,-4.01,344.471,67.83,14.26,41.8,81.42,4.09,1047.83,24.16
3.69596,-79.0081,2025-06-24,12:34:56,19.1,8,1.23,-13.62,-4.21,344.471,115.63,145.22,179.66,121.11,0.6,1023.21,28.76
3.61044,-78.9907,2025-06-24,12:34:56,19.2,7,0.95,-14.69,-4.42,344.471,45.05,58.9,86.57,25.37,0.76,977.84,23.84
3.52524,-78.9719,2025-06-24,12:34:56,19.3,9,0.55,-15.73,-4.62,344.471,173.21,0.71,28.25,48.53,-3.59,988.14,33.14
3.44039,-78.9515,2025-06-24,12:34:56,19.4,10,1.34,-16.73,-4.82,344.471,83.49,51.68,22.98,31.66,2.89,1046.73,33.36
3.3559,-78.9296,2025-06-24,12:34:56,19.5,10,0.76,-17.68,-5.02,344.471,13.72,130.07,129.33,27.75,-3.46,1028.52,30.65
3.27181,-78.9063,2025-06-24,12:34:56,19.6,11,1.71,-18.58,-5.22,344.471,169.97,104.25,8.97,160.61,3.72,1008.27,29.51
3.18814,-78.8815,2025-06-24,12:34:56,19.7,7,1.5,-19.43,-5.42,344.471,5.93,171.92,125.24,5.96,-4.83,1022.19,26.36
3.10492,-78.8553,2025-06-24,12:34:56,19.8,10,1.98,-20.23,-5.62,290.47,102.67,15.43,41.3,36.19,-0.47,1005.85,22.66
3.02216,-78.8276,2025-06-24,12:34:56,19.9,8,1.24,-20.97,-5.81,343.391,91.18,3.29,107.43,44.65,4.48,1022.41,32.41
2.9399,-78.7985,2025-06-24,12:34:56,20,12,0.56,-21.65,-6,343.37,101.5,31.99,112.47,12.77,-1.19,1035.21,33.58
2.85816,-78.7679,2025-06-24,12:34:56,20.1,11,1.08,-22.28,-6.19,343.348,61.13,158.41,102.99,27.14,2.87,1036.37,22.15
2.77697,-78.7359,2025-06-24,12:34:56,20.2,6,1.11,-22.84,-6.38,343.325,22.26,18.81,20.86,126.88,0.42,1014.58,25.73
2.69634,-78.7025,2025-06-24,12:34:56,20.3,9,1.81,-23.34,-6.56,343.302,38.84,166.24,137.27,110.15,-3.35,958.91,26
2.61632,-78.6677,2025-06-24,12:34:56,20.4,9,0.75,-23.78,-6.75,343.279,134.98,34.65,77.3,2.33,-2.85,1008.48,27.11
2.53691,-78.6315,2025-06-24,12:34:56,20.5,8,1.81,-24.15,-6.93,343.255,131.65,52.34,52.19,70.53,-2.38,988.95,32.69
2.45814,-78.594,2025-06-24,12:34:56,20.6,10,0.81,-24.45,-7.1,343.231,69.01,35.39,8.63,78.41,2.14,1048.83,31.97
2.38005,-78.555,2025-06-24,12:34:56,20.7,9,1.12,-24.69,-7.28,343.206,152.91,47.19,130.4,126.74,2.92,960.07,26.29
2.30264,-78.5147,2025-06-24,12:34:56,20.8,11,1.82,-24.86,-7.45,343.181,96.31,28.81,137.17,20.85,0.33,1049.07,27.67
2.22595,-78.4731,2025-06-24,12:34:56,20.9,6,0.69,-24.97,-7.62,343.155,132.17,1.42,74.96,76.93,0.67,1035.2,33.2
2.15,-78.4301,2025-06-24,12:34:56,21,10,1.86,-25,-7.79,343.128,61.25,35.23,34.19,137.36,3.06,958.04,31.16
2.07481,-78.3858,2025-06-24,12:34:56,21.1,8,1.62,-24.97,-7.96,343.102,116.41,71.29,96.83,156.57,0.53,1031.97,20.48
2.0004,-78.3402,2025-06-24,12:34:56,21.2,11,0.57,-24.86,-8.12,343.074,92.72,41.92,17.27,133.89,-4.42,954.44,20.86
1.9268,-78.2934,2025-06-24,12:34:56,21.3,7,1.17,-24.69,-8.28,343.046,163.62,178.05,76.19,65.4,-0.06,976.01,22.07
1.85404,-78.2452,2025-06-24,12:34:56,21.4,10,1.48,-24.45,-8.44,343.018,106.28,114.11,157.59,66.05,4.05,957.15,20.69
1.78212,-78.1958,2025-06-24,12:34:56,21.5,11,1.86,-24.15,-8.6,342.989,30.64,105.76,46.92,157.78,-1.25,1044.58,29.88
1.71107,-78.1451,2025-06-24,12:34:56,21.6,10,1.4,-23.78,-8.75,342.959,23.2,149.25,1.28,36.07,3.05,1031.2,27.23
1.64092,-78.0932,2025-06-24,12:34:56,21.7,11,1.95,-23.34,-8.9,342.929,72.72,170.2,37.54,126.55,1.43,980.43,21.38
1.57169,-78.0401,2025-06-24,12:34:56,21.8,12,1.55,-22.84,-9.04,342.898,64.66,44.4,75.34,78.73,-3.92,1010.44,31.76
1.5034,-77.9857,2025-06-24,12:34:56,21.9,10,0.82,-22.28,-9.19,342.866,87.16,122.04,48.47,10.14,2.05,974.81,24.2
1.43606,-77.9302,2025-06-24,12:34:56,22,10,1.63,-21.65,-9.33,342.834,41.11,160.33,113.22,156.71,-4.04,1047.16,27.67
1.3697,-77.8735,2025-06-24,12:34:56,22.1,8,1.34,-20.97,-9.46,342.802,163.24,5.8,45.52,138.79,4.3,1004.03,23.89
1.30435,-77.8157,2025-06-24,12:34:56,22.2,6,1.57,-20.23,-9.6,342.768,103.26,4.21,135.09,23.84,2.7,993.46,25.34
1.24001,-77.7568,2025-06-24,12:34:56,22.3,7,0.77,-19.43,-9.73,342.734,144.17,8.11,69.48,108.95,1.88,1033.8,30.2
1.17671,-77.6967,2025-06-24,12:34:56,22.4,6,1.68,-18.58,-9.85,342.699,96.54,131.62,91.47,106.05,3.89,993.04,24.04
1.11447,-77.6355,2025-06-24,12:34:56,22.5,9,1.6,-17.68,-9.98,320.66,113.98,18.01,100.8,134,4.95,959.25,25.72
1.0533,-77.5733,2025-06-24,12:34:56,22.6,11,1.05,-16.73,-10.1,321.75,36.98,92.11,159.76,45.42,2.63,1015.88,33.04
0.993231,-77.51,2025-06-24,12:34:56,22.7,9,0.53,-15.73,-10.22,322.85,139.41,129.09,149.41,54.96,-0.08,1047,24.54
0.934276,-77.4457,2025-06-24,12:34:56,22.8,11,0.96,-14.69,-10.33,323.95,142.74,98.36,40.33,23.53,2.66,978.55,34.81
0.876452,-77.3803,2025-06-24,12:34:56,22.9,11,1.53,-13.62,-10.44,325.04,15.8,35.02,176,22.02,0.05,1027.14,33.26
0.819778,-77.3139,2025-06-24,12:34:56,23,11,1.41,-12.5,-10.55,326.13,133.53,177.27,128.64,164.83,-0.26,997.3,29.39
0.76427,-77.2466,2025-06-24,12:34:56,23.1,6,1.6,-11.35,-10.65,327.22,46.25,86.3,141.3,150.21,-2.14,963.78,27.48
0.709946,-77.1783,2025-06-24,12:34:56,23.2,10,0.69,-10.17,-10.75,328.3,142.97,83.6,25.69,168.33,-2.57,1043.85,21.62
0.656822,-77.1091,2025-06-24,12:34:56,23.3,8,0.85,-8.96,-10.84,329.39,58.12,102.41,104.99,103.28,-0.01,1024.99,31.2
0.604915,-77.0389,2025-06-24,12:34:56,23.4,9,1.77,-7.73,-10.94,330.47,147.16,81.16,96.67,55.6,-0.69,1041.49,29.96
0.55424,-76.9679,2025-06-24,12:34:56,23.5,6,0.59,-6.47,-11.03,331.55,105.26,86.99,51.68,1.57,-0.38,976.37,26.54
0.504812,-76.896,2025-06-24,12:34:56,23.6,6,0.66,-5.2,-11.11,332.63,81.15,156.73,9.85,138.53,3.18,1048.82,31.43
0.456647,-76.8232,2025-06-24,12:34:56,23.7,11,1.76,-3.91,-11.19,333.71,142.86,85.63,144.4,6.25,-1.45,977.67,31.01
0.40976,-76.7496,2025-06-24,12:34:56,23.8,9,0.55,-2.61,-11.27,334.78,44.61,44.73,155.84,59.76,4.63,997.95,20.43
0.364163,-76.6752,2025-06-24,12:34:56,23.9,12,1.99,-1.31,-11.34,335.86,135.77,76.09,17.01,36.81,-1.11,1041.27,23.9
0.319873,-76.6,2025-06-24,12:34:56,24,6,0.86,0,-11.41,336.93,137.41,24.85,165.33,108.62,2.24,1006.83,32.83
0.276901,-76.524,2025-06-24,12:34:56,24.1,9,1.96,1.31,-8.3722,338,31.7,11.38,176.19,120.01,4.56,1034.41,27.59
0.235262,-76.4474,2025-06-24,12:34:56,24.2,8,1.68,2.61,-8.45544,339.06,133.43,92.86,81.78,143.64,-1.71,985.6,31.86
0.194967,-76.37,2025-06-24,12:34:56,24.3,6,0.72,3.91,-8.53615,340.13,84.17,134.9,106.11,158.38,-4.19,958.91,32.61
0.15603,-76.2919,2025-06-24,12:34:56,24.4,12,1.42,5.2,-8.61448,341.19,164.93,53.47,104.28,173.58,-4.88,950.57,29.52
0.118461,-76.2131,2025-06-24,12:34:56,24.5,9,1.09,6.47,-8.69037,342.25,98.9,46,54.39,116.27,3.36,988.57,26.09
0.0822727,-76.1337,2025-06-24,12:34:56,24.6,7,1.85,7.73,-8.76377,343.31,91.95,35.56,171.77,80.22,4.12,976.21,32.75
0.0474757,-76.0537,2025-06-24,12:34:56,24.7,10,1.81,8.96,-8.83465,344.36,178.17,73.41,49.15,79.68,-3.05,969.24,27.91
0.0140807,-75.973,2025-06-24,12:34:56,24.8,10,1.25,10.17,-8.90294,345.42,34.68,64.7,87.6,3.93,1.03,962.22,25.48
-0.0179021,-75.8918,2025-06-24,12:34:56,24.9,9,1.88,11.35,-8.9686,346.47,168.8,54.34,174.29,171.83,4.98,1047.21,27.6
-0.0484631,-75.8101,2025-06-24,12:34:56,25,6,1.38,12.5,-9.03177,347.52,122.54,54.1,50.88,40.62,2.64,963.39,30.7
-0.0775929,-75.7278,2025-06-24,12:34:56,25.1,10,0.7,13.62,-9.09241,348.56,65.36,63.7,137.35,102.07,2.53,964.65,29.08
-0.105283,-75.6451,2025-06-24,12:34:56,25.2,12,0.82,14.69,-9.15046,349.61,125.46,0.17,126.43,65.52,1.56,1043.83,20.21
-0.131524,-75.5619,2025-06-24,12:34:56,25.3,12,0.83,15.73,-9.20586,350.65,61.77,132.05,117.12,137.95,-4.46,1031.63,21.43
-0.156308,-75.4782,2025-06-24,12:34:56,25.4,9,1.69,16.73,-9.25878,351.69,26.68,83.57,122.26,124.29,-1.91,1023.43,32.14
-0.179629,-75.3941,2025-06-24,12:34:56,25.5,7,1.45,17.68,-9.30896,352.73,9.6,24.5,143.01,75.85,1.9,1005.65,28.24
-0.201479,-75.3096,2025-06-24,12:34:56,25.6,9,1.1,18.58,-9.35654,353.76,111.98,15.01,150,57.55,-2.09,980.05,33.21
-0.22185,-75.2248,2025-06-24,12:34:56,25.7,8,0.82,19.43,-9.40167,354.79,109.59,103.77,155.7,155.68,-4.01,990.94,33.5
-0.240738,-75.1396,2025-06-24,12:34:56,25.8,6,1.24,20.23,-9.4441,355.83,82.56,30.08,127.13,5.17,4.58,1040.17,21.78
-0.258136,-75.054,2025-06-24,12:34:56,25.9,6,0.56,20.97,-9.48398,356.85,40.76,91.28,57.42,162.24,-2.37,1025.1,30.69
-0.274039,-74.9682,2025-06-24,12:34:56,26,8,1.29,21.65,-9.52126,357.88,102.67,93.75,12.34,112,-2.33,1040.47,20.58
-0.288442,-74.8822,2025-06-24,12:34:56,26.1,8,1.82,22.28,-9.55589,358.9,120.62,53.34,161.16,152.83,2.34,1028.66,26
-0.30134,-74.7959,2025-06-24,12:34:56,26.2,10,1.8,22.84,-9.58781,359.92,105.87,6.45,19.88,37.27,-3.43,1007.46,32.57
-0.312731,-74.7093,2025-06-24,12:34:56,26.3,7,0.77,23.34,-9.61716,341.093,128.9,120.24,100.91,58.21,-1.22,1048.81,33.31
-0.322609,-74.6226,2025-06-24,12:34:56,26.4,8,1.55,23.78,-9.6439,341.054,23.86,24.8,11.24,8.89,1.44,975.85,24.8
-0.330973,-74.5358,2025-06-24,12:34:56,26.5,8,1.14,24.15,-9.66798,341.014,10.61,54.38,19.43,32.84,-3.75,1019.14,25.82
-0.33782,-74.4488,2025-06-24,12:34:56,26.6,10,1.23,24.45,-9.68934,340.975,74.58,17.48,94.67,125.34,-2.03,1034.66,22.06
-0.343148,-74.3617,2025-06-24,12:34:56,26.7,6,1.49,24.69,-9.70813,340.935,147.8,14.46,26.27,11.78,2.85,989.98,31.35
-0.346954,-74.2745,2025-06-24,12:34:56,26.8,7,0.76,24.86,-9.72429,340.895,62.92,120.68,122.63,75.76,0.25,960.2,29.62
-0.349238,-74.1873,2025-06-24,12:34:56,26.9,6,1.19,24.97,-9.73798,340.855,58.56,128.78,106.61,11.63,-2.61,1004.67,30.3
-0.35,-74.1,2025-06-24,12:34:56,27,11,1.32,25,-9.74894,340.815,16.72,129.32,103.83,47.89,-4.16,990.7,20.85
-0.349238,-74.0127,2025-06-24,12:34:56,27.1,10,1.05,24.97,-9.75732,340.775,167.83,135.39,165.25,69.33,-2.6,979.51,33.71
-0.346954,-73.9255,2025-06-24,12:34:56,27.2,11,1.22,24.86,-9.76326,340.734,173.71,48.82,144.83,71.5,-1.42,1010.13,26.86
-0.343148,-73.8383,2025-06-24,12:34:56,27.3,12,1.93,24.69,-9.76653,340.694,142.2,171.12,179.64,99.17,-3.76,1043.72,29.65
-0.33782,-73.7512,2025-06-24,12:34:56,27.4,7,1.14,24.45,-9.76726,340.653,142.64,94.05,159.36,179.81,0.71,1045.63,27.02
-0.330973,-73.6642,2025-06-24,12:34:56,27.5,7,1.81,24.15,-9.7656,340.612,36.56,105.82,115.48,115.53,3.8,1027.43,24.02
-0.322609,-73.5774,2025-06-24,12:34:56,27.6,8,1.2,23.78,-9.76132,341.011,4.67,151.85,17.55,90.07,4.24,977.63,31.19
-0.312731,-73.4907,2025-06-24,12:34:56,27.7,6,1.02,23.34,-9.75454,341.396,173.14,96.06,100.42,52.49,-2.31,1037.8,29.01
-0.30134,-73.4041,2025-06-24,12:34:56,27.8,11,1.09,22.84,-9.74523,341.767,136.4,122.76,89.31,76.86,-1.63,1040.66,30.75
-0.288442,-73.3178,2025-06-24,12:34:56,27.9,12,0.73,22.28,-9.73354,342.123,160.35,112.99,138.19,104.93,4.32,1004.97,26.08
-0.274039,-73.2318,2025-06-24,12:34:56,28,10,0.85,21.65,-9.71941,342.465,71.62,9.14,66.58,21.9,1.94,953.94,26.83
-0.258136,-73.146,2025-06-24,12:34:56,28.1,9,1.02,20.97,-9.7028,342.792,95.85,139.37,157.43,161.55,-3.69,1023.19,22.98
-0.240738,-73.0604,2025-06-24,12:34:56,28.2,12,1.99,20.23,-9.68385,343.103,56.75,47.62,96.67,7.92,0.66,967.87,27.62
-0.22185,-72.9752,2025-06-24,12:34:56,28.3,12,1.84,19.43,-9.66253,343.399,148.89,117.62,82.28,138.91,0.97,963.24,33.38
-0.201479,-72.8904,2025-06-24,12:34:56,28.4,6,1.42,18.58,-9.63898,343.679,112.05,95.63,167.62,55.04,2.09,1009.87,29.65
-0.179629,-72.8059,2025-06-24,12:34:56,28.5,9,1.36,17.68,-9.61296,343.944,83.46,146.46,72.47,22.26,-3.81,981.49,22.52
-0.156308,-72.7218,2025-06-24,12:34:56,28.6,9,0.96,16.73,-9.58462,344.191,20.88,166.42,3.94,18.42,-1.75,1008.6,32.53
-0.131524,-72.6381,2025-06-24,12:34:56,28.7,9,0.83,15.73,-9.55411,344.423,51.29,43.01,109.64,122.98,-0.87,1048.74,31.14
-0.105283,-72.5549,2025-06-24,12:34:56,28.8,9,1.58,14.69,-9.52139,344.637,138.66,116,122.34,123.81,1.04,992.44,33.87
-0.0775929,-72.4722,2025-06-24,12:34:56,28.9,11,1.71,13.62,-9.48642,344.834,115.33,78.72,161.1,37.78,0.92,1036.31,27.21
-0.0484631,-72.3899,2025-06-24,12:34:56,29,8,0.93,12.5,-9.44935,345.014,2.84,5.45,54.01,167.38,2.13,966.52,28.55
-0.0179021,-72.3082,2025-06-24,12:34:56,29.1,7,0.56,11.35,-9.41014,345.175,68.44,4.55,95.78,125.86,-3.59,1006,33.83
0.0140807,-72.227,2025-06-24,12:34:56,29.2,8,1.11,10.17,-9.4309,345.319,80.18,82.06,165.29,151.66,4.89,962.39,34.21
0.0474757,-72.1463,2025-06-24,12:34:56,29.3,10,1.82,8.96,-9.4504,345.444,27.33,66.38,41.53,137.79,-4.69,1003.81,24.52
0.0822727,-72.0663,2025-06-24,12:34:56,29.4,11,1.94,7.73,-9.46869,345.55,100.3,95,125.35,43.37,-1.86,973.04,30.6
0.118461,-71.9869,2025-06-24,12:34:56,29.5,10,1.23,6.47,-9.48577,345.637,22.55,9.71,169.39,36.12,4.55,955.32,25.51
0.15603,-71.9081,2025-06-24,12:34:56,29.6,11,1.67,5.2,-9.50168,345.705,123.62,91.68,151.91,61.28,4,1031.86,23.3
0.194967,-71.83,2025-06-24,12:34:56,29.7,8,0.82,3.91,-9.51644,345.753,50.16,152.16,20.11,63.1,4.1,983.06,20.99
0.235262,-71.7526,2025-06-24,12:34:56,29.8,7,1.18,2.61,-9.53008,345.781,4.26,40.21,60.3,78.15,2.53,1037.2,28.02
0.276901,-71.676,2025-06-24,12:34:56,29.9,10,0.69,1.31,-9.54262,345.788,103.43,178.36,60.95,156.39,-0.13,1048.91,31.36
0.319873,-71.6,2025-06-24,12:34:56,30,7,1.37,0,-9.5541,345.775,0.22,148.05,122.51,126.86,3.06,985.08,21.34
0.364163,-71.5248,2025-06-24,12:34:56,30.1,10,0.59,-1.31,-9.56455,345.74,164.11,86.03,160.07,78.45,2.45,982.99,30.01
0.40976,-71.4504,2025-06-24,12:34:56,30.2,12,0.92,-2.61,-9.57399,345.683,22.83,174.63,26,112.93,-4.52,962.96,31.79
0.456647,-71.3768,2025-06-24,12:34:56,30.3,7,1.85,-3.91,-9.58246,345.605,135.01,15.25,24.76,71.93,1.54,985.77,33.1
0.504812,-71.304,2025-06-24,12:34:56,30.4,11,1.7,-5.2,-9.58999,345.504,142.9,177.53,96.41,74.65,2.04,981.26,26.59
0.55424,-71.2321,2025-06-24,12:34:56,30.5,10,0.92,-6.47,-9.59661,345.38,137.22,139.4,60.79,64.42,-1.99,1044.71,31.75
0.604915,-71.1611,2025-06-24,12:34:56,30.6,7,1.43,-7.73,-9.60237,345.233,92.21,85.8,20.47,58.29,0.13,1011.48,34.03
0.656822,-71.0909,2025-06-24,12:34:56,30.7,8,1.33,-8.96,-9.60728,345.063,165.32,101.89,164.64,109.23,2.68,952.43,33.55
0.709946,-71.0217,2025-06-24,12:34:56,30.8,6,1.22,-10.17,-9.6114,344.868,47.03,172.3,162.72,172.76,4.8,1040.85,31.73
0.76427,-70.9534,2025-06-24,12:34:56,30.9,11,1.7,-11.35,-9.61474,344.649,40.05,113.44,48.14,58.2,-2.98,1022.7,32.18
0.819778,-70.8861,2025-06-24,12:34:56,31,10,1.07,-12.5,-9.61736,344.405,7.25,149.26,19.01,56.36,-1.81,1027.51,32.48
0.876452,-70.8197,2025-06-24,12:34:56,31.1,9,1.21,-13.62,-9.61928,344.135,104.47,135.56,22.16,126.07,2,983.15,26.35
0.934276,-70.7543,2025-06-24,12:34:56,31.2,8,0.77,-14.69,-9.62055,343.84,97.86,70.14,75.79,31.25,1.38,1030.48,29.72
0.993231,-70.69,2025-06-24,12:34:56,31.3,12,1.74,-15.73,-9.6212,343.518,141.6,166.66,142.28,151.1,-1.21,1043.54,29.84
1.0533,-70.6267,2025-06-24,12:34:56,31.4,6,0.91,-16.73,-9.62128,343.567,13.56,118.9,24.57,136,-3.86,1044.19,28.3
1.11447,-70.5645,2025-06-24,12:34:56,31.5,9,1.39,-17.68,-9.62083,343.617,108.47,170.01,42.3,140.02,-0.67,991.31,26.03
1.17671,-70.5033,2025-06-24,12:34:56,31.6,8,0.54,-18.58,-9.61989,343.669,29.3,81.98,164.39,66.58,-3.91,1021.13,23.52
1.24001,-70.4432,2025-06-24,12:34:56,31.7,7,1.6,-19.43,-9.6185,343.723,75.04,135.68,179.18,153.57,-4.47,1026.01,24.31
1.30435,-70.3843,2025-06-24,12:34:56,31.8,7,1.61,-20.23,-9.61671,343.779,168.37,165.05,78.33,139.09,-3.54,1010.59,22.46
1.3697,-70.3265,2025-06-24,12:34:56,31.9,12,1.74,-20.97,-9.61455,343.836,131.59,68.13,75.49,82.13,1.06,989.66,22.14
1.43606,-70.2698,2025-06-24,12:34:56,32,8,1.08,-21.65,-9.61209,343.896,55.92,46.43,156.54,86.35,-4.83,976.13,31.86
1.5034,-70.2143,2025-06-24,12:34:56,32.1,7,1.29,-22.28,-9.60935,343.958,78.56,159.52,147.53,58.53,-1.25,991.52,21.58
1.57169,-70.1599,2025-06-24,12:34:56,32.2,11,1.38,-22.84,-9.60639,344.021,61.44,119.85,38.47,176.61,-1.59,968.06,23.42
1.64092,-70.1068,2025-06-24,12:34:56,32.3,10,1.03,-23.34,-9.60325,344.087,93.79,154.27,163.4,94.95,-0.7,967.56,25.5
1.71107,-70.0549,2025-06-24,12:34:56,32.4,8,1.67,-23.78,-9.59999,344.155,6.93,111.33,145.55,70.97,-2.68,967.97,22.51
1.78212,-70.0042,2025-06-24,12:34:56,32.5,9,1.68,-24.15,-9.59664,344.225,100.36,160.03,91.47,100.37,1.06,975,25.6
1.85404,-69.9548,2025-06-24,12:34:56,32.6,10,1.3,-24.45,-9.59326,344.297,175.44,102.43,38.5,107.41,-2.33,1011.19,34.03
1.9268,-69.9066,2025-06-24,12:34:56,32.7,9,1.43,-24.69,-9.5899,344.363,80.32,85.26,175.54,69.24,-2.69,1013.34,26.81
2.0004,-69.8598,2025-06-24,12:34:56,32.8,10,1.86,-24.86,-9.58661,344.422,179.15,128.17,92.08,85.55,-2.2,987.14,31.91
2.07481,-69.8142,2025-06-24,12:34:56,32.9,10,0.81,-24.97,-9.58344,344.475,16.31,60.32,109.33,47.32,1.18,1007.52,32.67
2.15,-69.7699,2025-06-24,12:34:56,33,7,0.88,-25,-9.58043,344.522,62.79,33.22,103.57,62.83,2.17,1045.18,33.41
2.22595,-69.7269,2025-06-24,12:34:56,33.1,12,0.51,-24.97,-9.57765,344.564,3.99,108.3,40.62,4.59,4.1,1013.04,30.21
2.30264,-69.6853,2025-06-24,12:34:56,33.2,12,1.38,-24.86,-9.57515,344.599,141.45,60.98,92.82,143.72,1.98,1032.3,32.27
2.38005,-69.645,2025-06-24,12:34:56,33.3,9,0.9,-24.69,-9.57298,344.629,32.17,155.32,93.73,129.77,3.67,1033.28,29.85
2.45814,-69.606,2025-06-24,12:34:56,33.4,6,1.62,-24.45,-9.57119,344.654,65.3,119.25,156.73,58.53,1.23,983.75,24.52
2.53691,-69.5685,2025-06-24,12:34:56,33.5,6,1.02,-24.15,-9.56983,344.673,78.06,5.75,36.48,151.2,-0.52,1000.82,24.17
2.61632,-69.5323,2025-06-24,12:34:56,33.6,7,0.69,-23.78,-9.56897,344.688,105.55,76.3,56.39,38.41,-3.52,963.92,22.8
2.69634,-69.4975,2025-06-24,12:34:56,33.7,11,1.36,-23.34,-9.56866,344.698,163.23,13.2,35.82,75.16,-0.01,1004.11,21.03
2.77697,-69.4641,2025-06-24,12:34:56,33.8,6,0.8,-22.84,-9.56895,344.703,70.11,141.96,81.63,108.42,-3.92,992.89,27.34
2.85816,-69.4321,2025-06-24,12:34:56,33.9,9,1.64,-22.28,-9.5699,344.704,128.44,142.34,64.68,162.55,-1.88,1034.7,28.35
2.9399,-69.4015,2025-06-24,12:34:56,34,11,1.34,-21.65,-9.57157,344.702,109.07,26.55,120.74,97.91,4.82,950.67,22.18
3.02216,-69.3724,2025-06-24,12:34:56,34.1,6,1.65,-20.97,-9.57401,344.695,139.38,19.16,106.17,141.22,4.81,975.75,26.21
3.10492,-69.3447,2025-06-24,12:34:56,34.2,6,1.62,-20.23,-9.57729,344.686,145.22,134.31,132.69,14.18,-2.8,1018.79,25.51
3.18814,-69.3185,2025-06-24,12:34:56,34.3,11,0.64,-19.43,-9.58022,344.673,10.65,24.27,105.29,174.62,1.77,1039.9,30.88
3.27181,-69.2937,2025-06-24,12:34:56,34.4,12,1.27,-18.58,-9.58281,344.658,22.96,116.25,16.54,98.55,-2.76,964.18,26.84
3.3559,-69.2704,2025-06-24,12:34:56,34.5,7,1.18,-17.68,-9.58509,344.64,34.9,24.22,5.01,121.05,-1.99,1004.2,27.37
3.44039,-69.2485,2025-06-24,12:34:56,34.6,9,1.55,-16.73,-9.58708,344.62,55.02,57.52,105.97,112.01,3.72,1000.87,30.9
3.52524,-69.2281,2025-06-24,12:34:56,34.7,7,0.74,-15.73,-9.58879,344.598,98.9,47.22,105.28,36.85,-2.89,1033.19,22.64
3.61044,-69.2093,2025-06-24,12:34:56,34.8,9,0.69,-14.69,-9.59024,344.575,39.47,30,30.87,161.49,3.9,1045.14,20.74
3.69596,-69.1919,2025-06-24,12:34:56,34.9,9,1.56,-13.62,-9.59144,344.551,164.63,90.46,145.65,113.46,-3.46,988.83,31.19
3.78176,-69.176,2025-06-24,12:34:56,35,11,0.79,-12.5,-9.59242,344.526,72.9,34.59,56.63,106.03,-2.86,993.52,21.83
3.86783,-69.1616,2025-06-24,12:34:56,35.1,12,1.27,-11.35,-9.59318,344.501,128.47,88.18,121.52,51.7,-1.5,985.53,34
3.95413,-69.1487,2025-06-24,12:34:56,35.2,9,0.68,-10.17,-9.59375,344.477,172.05,63.61,89.46,118.36,0.69,1013.04,28.56
4.04065,-69.1373,2025-06-24,12:34:56,35.3,12,1.45,-8.96,-9.59415,344.453,66.9,124.25,84.14,57.24,3.17,974.61,31.4
4.12736,-69.1274,2025-06-24,12:34:56,35.4,7,1.97,-7.73,-9.59438,344.429,122.62,95.63,164.85,136.64,-0.8,1034.98,33.18
4.21422,-69.119,2025-06-24,12:34:56,35.5,8,1.22,-6.47,-9.59447,344.408,96.44,101.53,44.01,79.09,1.88,953.11,33.49
4.30122,-69.1122,2025-06-24,12:34:56,35.6,7,1.38,-5.2,-9.59443,344.389,139.08,39.02,26.69,87.44,-4.1,955.05,30.55
4.38832,-69.1069,2025-06-24,12:34:56,35.7,6,0.84,-3.91,-9.59427,344.372,15.02,73.82,27.21,76.03,-0.59,1001.26,33.08
4.4755,-69.103,2025-06-24,12:34:56,35.8,10,1.97,-2.61,-9.59401,344.358,164.64,108.49,120.19,102.53,0.97,1019.83,29.08
4.56274,-69.1008,2025-06-24,12:34:56,35.9,6,1.93,-1.31,-9.59366,344.348,101.49,66.7,103.42,153.18,3.73,996.32,30.64
4.65,-69.1,2025-06-24,12:34:56,0,8,1.55,0,-9.59324,344.342,49.22,125.38,124.81,40.33,4.34,956.48,34.04
4.73726,-69.1008,2025-06-24,12:34:56,0.1,12,1.85,1.31,-9.59276,344.34,90.54,104.34,54.29,73.62,-2.74,1037.31,23.07
4.8245,-69.103,2025-06-24,12:34:56,0.2,8,1.5,2.61,-9.59223,344.344,133.18,29.17,139.26,12.56,-4.83,962.72,20.53
4.91168,-69.1069,2025-06-24,12:34:56,0.3,7,1.57,3.91,-9.59166,344.355,88.76,89.56,38.46,53.17,1.96,1030.25,21.53
4.99878,-69.1122,2025-06-24,12:34:56,0.4,6,1.73,5.2,-9.59107,344.371,45.47,120.5,16.73,149.3,-1.05,1008.96,33.74
5.08578,-69.119,2025-06-24,12:34:56,0.5,7,0.62,6.47,-9.59047,344.387,95.31,98.42,144.65,58.13,2.79,1017.34,33.43
5.17264,-69.1274,2025-06-24,12:34:56,0.6,9,0.98,7.73,-9.58986,344.403,52.71,30.97,44.24,82.69,0.32,962.04,27.48
5.25935,-69.1373,2025-06-24,12:34:56,0.7,7,0.79,8.96,-9.58926,344.417,138.72,119.65,115.99,142.86,4.54,1028.51,25.13
5.34587,-69.1487,2025-06-24,12:34:56,0.8,7,1.46,10.17,-9.58867,344.431,132.59,149.94,90.5,73.43,-1.49,970.88,31.93
5.43217,-69.1616,2025-06-24,12:34:56,0.9,6,0.65,11.35,-9.58811,344.444,93.38,119.01,85.51,151.39,-4.77,1039.4,24.32
5.51824,-69.176,2025-06-24,12:34:56,1,6,1.55,12.5,-9.58758,344.457,124.61,132.49,64.32,88.3,-3.61,1039.88,21.43
5.60404,-69.1919,2025-06-24,12:34:56,1.1,11,1.29,13.62,-9.58709,344.468,176.71,26.3,97.41,65.01,-4.43,1001.85,32.18
5.68956,-69.2093,2025-06-24,12:34:56,1.2,6,1.27,14.69,-9.58665,344.478,108.79,59.37,56.43,24.93,1.16,1019.33,32.1
5.77476,-69.2281,2025-06-24,12:34:56,1.3,6,1.87,15.73,-9.58625,344.487,164.77,35.17,102.2,142.26,1.41,964.77,34.06
5.85961,-69.2485,2025-06-24,12:34:56,1.4,10,0.9,16.73,-9.58591,344.495,136.62,176.81,161.04,69.34,-4.45,1012.57,23.28
5.9441,-69.2704,2025-06-24,12:34:56,1.5,7,0.98,17.68,-9.58563,344.502,34.4,9.1,57.12,161.56,-1.75,990.17,20.22
6.02819,-69.2937,2025-06-24,12:34:56,1.6,6,0.95,18.58,-9.58541,344.507,60.46,141.5,101.09,163.08,1.15,980.45,31.79
6.11186,-69.3185,2025-06-24,12:34:56,1.7,7,0.66,19.43,-9.58526,344.512,73.15,95.21,115.82,93.39,3.66,1014.15,23.45
6.19508,-69.3447,2025-06-24,12:34:56,1.8,6,1.59,20.23,-9.58516,344.515,79.64,81.32,138.7,31.95,-2.89,1031.67,20.44
6.27784,-69.3724,2025-06-24,12:34:56,1.9,10,1.81,20.97,-9.58513,344.516,15.73,133.07,175.73,76.76,1.38,996.87,33.48
6.3601,-69.4015,2025-06-24,12:34:56,2,10,1.71,21.65,-9.58517,344.517,89.3,164.24,88.49,82.91,0.2,962.69,20.31
6.44184,-69.4321,2025-06-24,12:34:56,2.1,7,1.84,22.28,-9.58526,344.517,125.06,138.27,84.9,116.78,1.45,955.18,33.93
6.52303,-69.4641,2025-06-24,12:34:56,2.2,7,0.65,22.84,-9.58541,344.516,1.47,133.2,95.31,28.22,0.06,1040.93,22.28
6.60366,-69.4975,2025-06-24,12:34:56,2.3,11,1.77,23.34,-9.58562,344.515,34.86,103.18,25.92,176.49,3.68,1043.53,20.29
6.68368,-69.5323,2025-06-24,12:34:56,2.4,10,1.75,23.78,-9.58587,344.512,6.44,70,108.1,43.7,-0.47,1000.11,25.29
6.76309,-69.5685,2025-06-24,12:34:56,2.5,9,1.92,24.15,-9.58617,344.509,154.92,167.65,132.74,158.43,-0.19,986.49,31.22
6.84186,-69.606,2025-06-24,12:34:56,2.6,7,1.06,24.45,-9.58649,344.506,163.28,151.43,28.53,106.48,2.36,1012.51,22.1
6.91995,-69.645,2025-06-24,12:34:56,2.7,7,1.76,24.69,-9.58684,344.503,175.57,97.87,37.96,93.62,0.27,991,33.05
6.99736,-69.6853,2025-06-24,12:34:56,2.8,10,0.64,24.86,-9.58721,344.499,78.26,131.18,14.25,162.08,-2.57,1003.62,22.2
7.07405,-69.7269,2025-06-24,12:34:56,2.9,10,0.55,24.97,-9.58757,344.495,94.21,159.3,128.65,47.9,-4.51,1045.15,23.96
7.15,-69.7699,2025-06-24,12:34:56,3,6,0.84,25,-9.58793,344.49,103.5,80.63,3.12,53.74,2.13,1008.61,30.91
7.22519,-69.8142,2025-06-24,12:34:56,3.1,12,0.66,24.97,-9.58825,344.486,103.56,164.73,40.59,44.74,-3.43,986.48,34.09
7.2996,-69.8598,2025-06-24,12:34:56,3.2,9,0.7,24.86,-9.58854,344.482,86.45,69.05,138.92,57.27,0.28,1043.07,34.45
7.3732,-69.9066,2025-06-24,12:34:56,3.3,8,0.87,24.69,-9.58876,344.478,141.84,109.65,122.49,63.17,-4.22,981.46,31.21
7.44596,-69.9548,2025-06-24,12:34:56,3.4,11,1.77,24.45,-9.58893,344.474,117.23,12.58,165.09,48.19,-4.73,990.76,21.62
7.51788,-70.0042,2025-06-24,12:34:56,3.5,12,1.47,24.15,-9.58906,344.47,14.35,85.11,40.45,81.23,2.83,961.05,33.82
7.58893,-70.0549,2025-06-24,12:34:56,3.6,9,1.59,23.78,-9.58914,344.467,145.63,48.49,48.82,0.98,3.29,963.49,26.67
7.65908,-70.1068,2025-06-24,12:34:56,3.7,9,1.58,23.34,-9.58918,344.464,70.09,55.68,160.21,29.7,-0.23,969.35,34.09
7.72831,-70.1599,2025-06-24,12:34:56,3.8,6,0.98,22.84,-9.58918,344.461,21.6,177.46,139.54,35.98,-3.27,1009.87,28.25
7.7966,-70.2143,2025-06-24,12:34:56,3.9,11,0.89,22.28,2.71,134.03,15.82,25.3,60.39,19.13,4.54,998.91,33.13
7.86394,-70.2698,2025-06-24,12:34:56,4,11,0.59,21.65,2.49,135.14,153.73,9.16,58.79,40.73,1.96,966.08,21.9
7.9303,-70.3265,2025-06-24,12:34:56,4.1,11,0.71,20.97,2.28,136.25,92.43,32.98,126.09,64.44,0.6,1007.39,30.84
7.99565,-70.3843,2025-06-24,12:34:56,4.2,6,1.66,20.23,2.06,137.35,39.53,73.67,55.64,86.86,1.63,963.97,29.58
8.05999,-70.4432,2025-06-24,12:34:56,4.3,9,0.51,19.43,1.85,138.46,40.77,17.8,76.02,108.18,2.92,1036.37,31.97
8.12329,-70.5033,2025-06-24,12:34:56,4.4,11,1.04,18.58,1.63,139.56,82.52,32.71,97.92,114.88,-0.24,1039.23,34.83
8.18553,-70.5645,2025-06-24,12:34:56,4.5,7,1.71,17.68,1.41,140.66,126.7,32.55,131.42,166.84,-0.36,976.05,24.97
8.2467,-70.6267,2025-06-24,12:34:56,4.6,10,1.36,16.73,1.19,141.75,5.85,54.9,84.44,53.66,3.16,1026.48,26.69
8.30677,-70.69,2025-06-24,12:34:56,4.7,12,0.67,15.73,0.97,142.85,74.9,21.47,150.38,60.73,-0.6,1001.03,32.65
8.36572,-70.7543,2025-06-24,12:34:56,4.8,10,1.91,14.69,0.75,143.95,169.76,11.51,61.89,155.52,-4.13,1047.97,22.5
8.42355,-70.8197,2025-06-24,12:34:56,4.9,10,0.59,13.62,0.53,145.04,115.46,121.74,107.11,121.58,-2.84,1018.37,29.37
8.48022,-70.8861,2025-06-24,12:34:56,5,8,1.18,12.5,0.31,146.13,66.41,120.65,48.03,2.7,4.04,998.94,26.2
8.53573,-70.9534,2025-06-24,12:34:56,5.1,9,0.78,11.35,0.09,147.22,13.5,42,80.91,76.98,-2.15,1032.79,20.89
8.59005,-71.0217,2025-06-24,12:34:56,5.2,9,1.58,10.17,-0.13,148.3,160.04,27.37,99.96,72.86,4.89,979.35,26.84
8.64318,-71.0909,2025-06-24,12:34:56,5.3,8,0.97,8.96,-0.35,149.39,162.34,23.82,148.75,35.85,2.49,1001.08,31.81
8.69508,-71.1611,2025-06-24,12:34:56,5.4,10,1.46,7.73,-0.57,150.47,42.16,35.02,122.53,31.49,3.39,1017.41,28.73
8.74576,-71.2321,2025-06-24,12:34:56,5.5,10,0.85,6.47,-0.78,151.55,10.73,89.51,67.29,129.95,2.96,991.05,27.77
8.79519,-71.304,2025-06-24,12:34:56,5.6,8,1.34,5.2,-1,152.63,66.95,133.96,166.09,140.7,4.35,1008.02,30.91
8.84335,-71.3768,2025-06-24,12:34:56,5.7,12,1.5,3.91,-1.22,153.71,155.21,87.23,66.36,107.2,-0.04,1001.8,24.91
8.89024,-71.4504,2025-06-24,12:34:56,5.8,11,1.9,2.61,-1.44,154.78,163.28,18.01,114.79,115.72,-1.38,975.29,25.72
8.93584,-71.5248,2025-06-24,12:34:56,5.9,11,1.45,1.31,-1.66,155.86,126.88,103.58,172.37,121.87,0.04,966.58,21.66
8.98013,-71.6,2025-06-24,12:34:56,6,6,1.53,0,-1.88,156.93,158.61,105.11,177.12,152.44,0.12,1001.65,24.72
9.0231,-71.676,2025-06-24,12:34:56,6.1,11,0.81,-1.31,-2.09,158,136.3,13.55,31.79,103.7,0.04,1015.06,34.56
9.06474,-71.7526,2025-06-24,12:34:56,6.2,6,1.14,-2.61,-2.31,159.06,65.67,158.32,44.62,82.23,-2.52,987.53,32.86
9.10503,-71.83,2025-06-24,12:34:56,6.3,11,1.32,-3.91,-2.53,160.13,20.64,16.04,40.57,29.57,-0.6,1026.52,25.63
9.14397,-71.9081,2025-06-24,12:34:56,6.4,7,0.7,-5.2,-2.74,161.19,13.14,171.51,8.8,132.29,-3.15,993.07,25.95
9.18154,-71.9869,2025-06-24,12:34:56,6.5,8,0.64,-6.47,-2.95,162.25,10.43,14.69,131.37,55.07,4.68,976.43,33.43
9.21773,-72.0663,2025-06-24,12:34:56,6.6,11,1.53,-7.73,-3.17,163.31,0.06,47.39,149.76,72.31,3.66,1042.88,30.05
9.25252,-72.1463,2025-06-24,12:34:56,6.7,7,0.97,-8.96,-3.38,164.36,14.89,26.63,85.81,151.42,-4.67,1011.37,32.56
9.28592,-72.227,2025-06-24,12:34:56,6.8,9,0.8,-10.17,-3.59,165.42,128.74,112.73,128.13,17.58,3.49,959.78,29.95
9.3179,-72.3082,2025-06-24,12:34:56,6.9,7,0.85,-11.35,-3.8,166.47,133.11,130.78,32.3,20.4,-0.69,995.62,24.27
9.34846,-72.3899,2025-06-24,12:34:56,7,11,1.95,-12.5,-4.01,167.52,73.9,66.65,121.66,65.58,-1.67,958.73,26.15
9.37759,-72.4722,2025-06-24,12:34:56,7.1,7,0.99,-13.62,-4.21,168.56,61.54,98.75,12.84,20.43,-0.47,1018.08,31.89
9.40528,-72.5549,2025-06-24,12:34:56,7.2,6,0.75,-14.69,-4.42,169.61,3.82,165.44,9.59,49.36,3.12,1049.89,24.87
9.43152,-72.6381,2025-06-24,12:34:56,7.3,11,1.94,-15.73,-4.62,170.65,23.76,148.95,39.44,3.27,-0.82,1046.59,30.49
9.45631,-72.7218,2025-06-24,12:34:56,7.4,9,1.49,-16.73,-4.82,171.69,140.81,128.12,113.81,5.08,3.65,973.38,21.9
9.47963,-72.8059,2025-06-24,12:34:56,7.5,9,0.71,-17.68,-5.02,172.73,170.42,64.43,0.4,121.47,-3.69,992.99,28.1
9.50148,-72.8904,2025-06-24,12:34:56,7.6,9,1.97,-18.58,-5.22,173.76,87.18,144.97,116.9,177.41,-2.05,1030.48,33.42
9.52185,-72.9752,2025-06-24,12:34:56,7.7,12,0.61,-19.43,-5.42,174.79,84.95,170.15,4.27,115.13,3.27,976.6,33.35
9.54074,-73.0604,2025-06-24,12:34:56,7.8,6,1.73,-20.23,-5.62,175.83,81.41,148.19,1.71,144.8,0.69,985.09,25.52
9.55814,-73.146,2025-06-24,12:34:56,7.9,7,0.83,-20.97,-5.81,176.85,61.02,84.48,143.08,20.45,0.36,998.25,30.12
9.57404,-73.2318,2025-06-24,12:34:56,8,12,1.23,-21.65,-6,177.88,121.14,95.21,73.45,145.81,4.93,1022.58,29.7
9.58844,-73.3178,2025-06-24,12:34:56,8.1,10,0.96,-22.28,-6.19,178.9,157.13,81.01,158.41,115.68,0.26,971.04,25.13
9.60134,-73.4041,2025-06-24,12:34:56,8.2,11,0.58,-22.84,-6.38,179.92,34.32,83.34,124.91,73.34,-2.7,988.35,23.48
9.61273,-73.4907,2025-06-24,12:34:56,8.3,11,0.98,-23.34,-6.56,180.94,63.92,66.7,90.05,123.92,4.41,1008.96,22.94
9.62261,-73.5774,2025-06-24,12:34:56,8.4,10,1.61,-23.78,-6.75,181.96,108.31,21.8,169.86,102.52,1.24,972.08,26.61
9.63097,-73.6642,2025-06-24,12:34:56,8.5,11,1.12,-24.15,-6.93,182.97,98.04,66.75,153.38,88.45,2.33,992.9,21.26
9.63782,-73.7512,2025-06-24,12:34:56,8.6,8,1.13,-24.45,-7.1,183.98,49.58,31.96,164.3,36.28,4.47,1021.56,33.6
9.64315,-73.8383,2025-06-24,12:34:56,8.7,6,0.91,-24.69,-7.28,184.99,156.6,146.54,19.9,63.22,4.39,1008.81,26.85
9.64695,-73.9255,2025-06-24,12:34:56,8.8,9,1.04,-24.86,-7.45,186,13.3,10.53,150.44,47.52,1.12,1025.34,28.55
9.64924,-74.0127,2025-06-24,12:34:56,8.9,7,0.79,-24.97,-7.62,187,107.52,43.17,29.73,57.9,-1.74,977.02,22.11
9.65,-74.1,2025-06-24,12:34:56,9,12,0.88,-25,-7.79,188,20.45,167.99,25.61,79.91,-0.53,1022.26,27.07
9.64924,-74.1873,2025-06-24,12:34:56,9.1,6,0.94,-24.97,-7.96,189,51.14,164.08,74,162.07,-2.94,950.46,23.5
9.64695,-74.2745,2025-06-24,12:34:56,9.2,10,1.05,-24.86,-8.12,190,68.93,51.6,117.05,50.15,4.86,1004.91,26.73
