Starting tileserver-gl v5.6.0
[INFO] Automatically creating config file for C:\Users\santi\Documents\GitHub\Freccia_Proyect\GUI\Source_Files\PyWindow\maps\maptiler-osm-2020-02-10-v3.11-planet.mbtiles
[INFO] Only a basic preview style will be used.
[INFO] See documentation to learn how to create config.json file.
[INFO] Loading data source from: C:\Users\santi\Documents\GitHub\Freccia_Proyect\GUI\Source_Files\PyWindow\maps\maptiler-osm-2020-02-10-v3.11-planet.mbtiles
Run with --verbose to see the config file here.
[SECURITY WARNING] Host header poisoning mitigation is NOT enabled.
  Response URLs may be built from untrusted Host/X-Forwarded-* headers.
  For production, set --public_url or allowedHosts in config/options or TILESERVER_GL_ALLOWED_HOSTS env.
Starting server
Listening at http://127.0.0.1:8099/
Startup comp[0mGET / [32m200[0m 31.689 ms - 4331[0m
[0mGET /index.css [32m200[0m 7.438 ms - 3639[0m
[0mGET /images/logo.png [32m200[0m 85.959 ms - 6407[0m
[0mGET /images/placeholder.png [32m200[0m 5.954 ms - 2084[0m
[0mGET /images/maptiler-logo.svg [32m200[0m 5.800 ms - 5136[0m
[0mGET /images/header-map-1280px.png [32m200[0m 6.123 ms - 174969[0m
[0mGET /fonts/OpenSans-Regular.ttf [32m200[0m 6.245 ms - 147528[0m
[0mGET /fonts/OpenSans-Bold.ttf [32m200[0m 5.039 ms - 147264[0m
[0mGET /styles/basic-preview/2/2/2.png [32m200[0m 168.819 ms - 11054[0m
[0mGET /favicon.ico [32m200[0m 0.931 ms - 5430[0m
[0mGET /styles/basic-preview/ [32m200[0m 6.016 ms - 4954[0m
[0mGET /maplibre-gl-inspect.css [32m200[0m 2.482 ms - 1954[0m
[0mGET /leaflet.css [32m200[0m 2.977 ms - 14806[0m
[0mGET /maplibre-gl.css [32m200[0m 2.494 ms - 70024[0m
[0mGET /maplibre-gl-inspect.js [32m200[0m 3.470 ms - 97936[0m
[0mGET /leaflet.js [32m200[0m 3.446 ms - 147552[0m
[0mGET /leaflet-hash.js [32m200[0m 1.851 ms - 3462[0m
[0mGET /maplibre-gl.js [32m200[0m 3.394 ms - 1050563[0m
[0mGET /styles/basic-preview/style.json [32m200[0m 2.059 ms - 14704[0m
[0mGET /data/v3.json [32m200[0m 1.526 ms - 14041[0m
[0mGET /data/v3/2/0/2.pbf [32m200[0m 16.785 ms - 34757[0m
[0mGET /data/v3/2/1/2.pbf [32m200[0m 27.749 ms - 103644[0m
[0mGET /data/v3/2/3/2.pbf [32m200[0m 28.893 ms - 90846[0m
[0mGET /data/v3/2/2/2.pbf [32m200[0m 31.170 ms - 113807[0m
[0mGET /data/v3/2/1/1.pbf [32m200[0m 30.274 ms - 113001[0m
[0mGET /data/v3/2/2/1.pbf [32m200[0m 30.923 ms - 129062[0m
[0mGET /data/v3/2/3/1.pbf [32m200[0m 15.853 ms - 92430[0m
[0mGET /fonts/Noto%20Sans%20Regular/0-255.pbf [32m200[0m 1.613 ms - 75736[0m
[0mGET /data/v3/2/0/1.pbf [32m200[0m 10.289 ms - 46316[0m
[0mGET /fonts/Noto%20Sans%20Regular/512-767.pbf [32m200[0m 0.986 ms - 94502[0m
[0mGET /fonts/Noto%20Sans%20Regular/256-511.pbf [32m200[0m 1.811 ms - 126528[0m
[0mGET /fonts/Noto%20Sans%20Regular/7680-7935.pbf [32m200[0m 1.966 ms - 134219[0m
[0mGET /mapbox-gl-rtl-text.js [32m200[0m 0.899 ms - 133355[0m
[0mGET /data/v3.json [36m304[0m 1.260 ms - -[0m
[0mGET /fonts/Noto%20Sans%20Regular/1024-1279.pbf [32m200[0m 1.112 ms - 124702[0m
[0mGET /fonts/Noto%20Sans%20Regular/65024-65279.pbf [32m200[0m 1.162 ms - 2485[0m
[0mGET /data/v3.json [36m304[0m 0.727 ms - -[0m
[0mGET /data/v3.json [36m304[0m 0.942 ms - -[0m
[0mGET /data/v3.json [36m304[0m 0.716 ms - -[0m
[0mGET /styles/basic-preview/ [36m304[0m 1.345 ms - -[0m
[0mGET /maplibre-gl.css [36m304[0m 1.055 ms - -[0m
[0mGET /maplibre-gl-inspect.css [36m304[0m 1.565 ms - -[0m
[0mGET /leaflet.css [36m304[0m 0.511 ms - -[0m
[0mGET /leaflet.js [36m304[0m 0.614 ms - -[0m
[0mGET /maplibre-gl.js [36m304[0m 0.713 ms - -[0m
[0mGET /maplibre-gl-inspect.js [36m304[0m 0.740 ms - -[0m
[0mGET /leaflet-hash.js [36m304[0m 0.220 ms - -[0m
[0mGET /styles/basic-preview/style.json [36m304[0m 0.914 ms - -[0m
[0mGET /favicon.ico [36m304[0m 0.319 ms - -[0m
[0mGET /data/v3.json [36m304[0m 0.782 ms - -[0m
[0mGET /mapbox-gl-rtl-text.js [36m304[0m 0.787 ms - -[0m
[0mGET /data/v3.json [36m304[0m 0.824 ms - -[0m
[0mGET /data/v3.json [36m304[0m 0.674 ms - -[0m
[0mGET /data/v3.json [36m304[0m 0.640 ms - -[0m
[0mGET /data/v3/3/1/4.pbf [32m200[0m 25.956 ms - 77169[0m
[0mGET /data/v3/3/2/4.pbf [32m200[0m 27.380 ms - 98253[0m
[0mGET /data/v3/3/1/3.pbf [32m200[0m 28.991 ms - 103785[0m
[0mGET /data/v3/3/2/3.pbf [32m200[0m 33.579 ms - 123258[0m
[0mGET /data/v3/3/3/4.pbf [32m200[0m 36.349 ms - 131759[0m
[0mGET /data/v3/3/3/3.pbf [32m200[0m 43.553 ms - 186633[0m
[0mGET /data/v3/3/4/4.pbf [32m200[0m 17.231 ms - 113129[0m
[0mGET /data/v3/3/4/3.pbf [32m200[0m 23.012 ms - 168535[0m
[0mGET /fonts/Noto%20Sans%20Regular/1536-1791.pbf [32m200[0m 1.787 ms - 32[0m
[0mGET /fonts/Noto%20Sans%20Regular/11520-11775.pbf [32m200[0m 1.760 ms - 4952[0m
[0mGET /fonts/Noto%20Sans%20Regular/768-1023.pbf [32m200[0m 1.745 ms - 69681[0m
[0mGET /fonts/Noto%20Sans%20Regular/1280-1535.pbf [32m200[0m 2.278 ms - 27125[0m
[0mGET /fonts/Noto%20Sans%20Regular/4096-4351.pbf [32m200[0m 2.466 ms - 32[0m
[0mGET /fonts/Noto%20Sans%20Regular/4608-4863.pbf [32m200[0m 2.432 ms - 32[0m
[0mGET /fonts/Noto%20Sans%20Regular/4864-5119.pbf [32m200[0m 2.552 ms - 32[0m
[0mGET /fonts/Noto%20Sans%20Regular/8192-8447.pbf [32m200[0m 2.193 ms - 52112[0m
[0mGET /fonts/Noto%20Sans%20Regular/1792-2047.pbf [32m200[0m 1.316 ms - 32[0m
[0mGET /fonts/Noto%20Sans%20Regular/3840-4095.pbf [32m200[0m 1.373 ms - 32[0m
[0mGET /fonts/Noto%20Sans%20Regular/64256-64511.pbf [32m200[0m 1.644 ms - 3967[0m
[0mGET /data/v3.json [36m304[0m 0.617 ms - -[0m
[0mGET /data/v3/4/6/7.pbf [32m200[0m 15.947 ms - 52868[0m
[0mGET /data/v3/4/6/8.pbf [32m200[0m 17.714 ms - 60874[0m
[0mGET /data/v3/4/5/7.pbf [32m200[0m 19.793 ms - 80936[0m
[0mGET /data/v3/4/5/8.pbf [32m200[0m 20.392 ms - 80158[0m
[0mGET /data/v3/4/4/8.pbf [32m200[0m 20.527 ms - 71596[0m
[0mGET /data/v3/4/4/7.pbf [32m200[0m 25.666 ms - 100405[0m
[0mGET /data/v3/4/3/8.pbf [32m200[0m 9.060 ms - 35868[0m
[0mGET /data/v3/4/3/7.pbf [32m200[0m 12.345 ms - 81576[0m
[0mGET /data/v3.json [36m304[0m 0.634 ms - -[0m
[0mGET /data/v3/5/8/16.pbf [32m200[0m 12.539 ms - 37489[0m
[0mGET /data/v3/5/10/16.pbf [32m200[0m 13.350 ms - 43689[0m
[0mGET /data/v3/5/10/15.pbf [32m200[0m 15.151 ms - 65380[0m
[0mGET /data/v3/5/9/16.pbf [32m200[0m 15.714 ms - 55317[0m
[0mGET /data/v3/5/8/15.pbf [32m200[0m 15.771 ms - 54900[0m
[0mGET /data/v3/5/9/15.pbf [32m200[0m 18.792 ms - 91576[0m
[0mGET /data/v3/5/11/15.pbf [32m200[0m 5.775 ms - 40975[0m
[0mGET /data/v3/5/11/16.pbf [32m200[0m 6.737 ms - 43358[0m
[0mGET /data/v3.json [36m304[0m 0.796 ms - -[0m
[0mGET /data/v3/6/19/31.pbf [32m200[0m 12.192 ms - 31703[0m
[0mGET /data/v3/6/20/31.pbf [32m200[0m 11.391 ms - 23097[0m
[0mGET /data/v3/6/19/32.pbf [32m200[0m 11.968 ms - 28405[0m
[0mGET /data/v3/6/18/30.pbf [32m200[0m 13.246 ms - 45807[0m
[0mGET /data/v3/6/19/30.pbf [32m200[0m 14.749 ms - 50427[0m
[0mGET /data/v3/6/18/31.pbf [32m200[0m 15.419 ms - 55101[0m
[0mGET /data/v3/6/18/32.pbf [32m200[0m 5.458 ms - 42909[0m
[0mGET /data/v3/6/20/30.pbf [32m200[0m 5.472 ms - 42628[0m
[0mGET /data/v3/6/20/32.pbf [32m200[0m 5.470 ms - 17557[0m
[0mGET /data/v3/6/17/31.pbf [32m200[0m 6.585 ms - 26830[0m
[0mGET /data/v3/6/17/32.pbf [32m200[0m 8.810 ms - 38982[0m
[0mGET /data/v3/6/17/30.pbf [32m200[0m 9.905 ms - 44403[0m
[0mGET /data/v3.json [36m304[0m 0.736 ms - -[0m
[0mGET /data/v3/7/38/62.pbf [32m200[0m 16.738 ms - 22425[0m
[0mGET /data/v3/7/37/63.pbf [32m200[0m 16.448 ms - 27917[0m
[0mGET /data/v3/7/36/62.pbf [32m200[0m 18.422 ms - 30530[0m
[0mGET /data/v3/7/38/61.pbf [32m200[0m 20.539 ms - 42481[0m
[0mGET /data/v3/7/37/62.pbf [32m200[0m 22.369 ms - 47468[0m
[0mGET /data/v3/7/37/61.pbf [32m200[0m 22.343 ms - 38261[0m
[0mGET /data/v3/7/36/61.pbf [32m200[0m 8.688 ms - 28240[0m
[0mGET /data/v3.json [36m304[0m 0.788 ms - -[0m
[0mGET /data/v3/8/76/125.pbf [32m200[0m 7.444 ms - 9200[0m
[0mGET /data/v3/8/76/124.pbf [32m200[0m 8.244 ms - 16737[0m
[0mGET /data/v3/8/75/125.pbf [32m200[0m 9.007 ms - 21843[0m
[0mGET /data/v3/8/75/124.pbf [32m200[0m 9.925 ms - 32697[0m
[0mGET /data/v3/8/74/125.pbf [32m200[0m 9.388 ms - 22310[0m
[0mGET /data/v3/8/74/124.pbf [32m200[0m 9.971 ms - 31845[0m
[0mGET /data/v3/8/77/124.pbf [32m200[0m 3.603 ms - 7254[0m
[0mGET /data/v3/8/73/124.pbf [32m200[0m 4.277 ms - 15701[0m
[0mGET /data/v3/8/77/125.pbf [32m200[0m 3.558 ms - 8071[0m
[0mGET /data/v3/8/73/125.pbf [32m200[0m 6.832 ms - 27036[0m
[0mGET /data/v3.json [36m304[0m 0.759 ms - -[0m
[0mGET /data/v3/9/151/250.pbf [32m200[0m 9.939 ms - 16068[0m
[0mGET /data/v3/9/151/249.pbf [32m200[0m 11.867 ms - 23320[0m
[0mGET /data/v3/9/150/250.pbf [32m200[0m 11.638 ms - 24773[0m
[0mGET /data/v3/9/150/248.pbf [32m200[0m 12.799 ms - 27350[0m
[0mGET /data/v3/9/151/248.pbf [32m200[0m 12.980 ms - 31224[0m
[0mGET /data/v3/9/149/250.pbf [0m-[0m - ms - -[0m
[0mGET /data/v3/9/150/249.pbf [32m200[0m 19.612 ms - 69706[0m
[0mGET /data/v3/9/152/249.pbf [32m200[0m 8.286 ms - 10966[0m
[0mGET /data/v3/9/149/248.pbf [32m200[0m 9.420 ms - 30970[0m
[0mGET /data/v3/9/149/249.pbf [32m200[0m 10.308 ms - 34437[0m
[0mGET /data/v3/9/152/248.pbf [32m200[0m 10.227 ms - 18403[0m
[0mGET /data/v3.json [36m304[0m 0.421 ms - -[0m
[0mGET /data/v3/10/302/498.pbf [32m200[0m 10.750 ms - 16923[0m
[0mGET /data/v3/10/301/499.pbf [32m200[0m 11.095 ms - 21135[0m
[0mGET /data/v3/10/300/498.pbf [32m200[0m 14.083 ms - 23731[0m
[0mGET /data/v3/10/302/499.pbf [32m200[0m 16.363 ms - 13741[0m
[0mGET /data/v3/10/301/498.pbf [32m200[0m 18.087 ms - 57558[0m
[0mGET /data/v3/10/301/497.pbf [32m200[0m 17.937 ms - 17407[0m
[0mGET /data/v3/10/300/499.pbf [32m200[0m 5.904 ms - 14856[0m
[0mGET /data/v3/10/302/497.pbf [32m200[0m 6.527 ms - 17321[0m
[0mGET /data/v3/10/300/497.pbf [32m200[0m 4.013 ms - 11218[0m
[0mGET /data/v3/10/303/499.pbf [32m200[0m 3.495 ms - 5041[0m
[0mGET /data/v3/10/303/498.pbf [32m200[0m 5.262 ms - 6859[0m
[0mGET /data/v3/10/303/497.pbf [32m200[0m 3.451 ms - 10298[0m
[0mGET /data/v3.json [36m304[0m 0.721 ms - -[0m
[0mGET /data/v3/11/603/998.pbf [32m200[0m 10.315 ms - 8084[0m
[0mGET /data/v3/11/603/996.pbf [32m200[0m 11.338 ms - 15222[0m
[0mGET /data/v3/11/603/997.pbf [32m200[0m 13.536 ms - 14245[0m
[0mGET /data/v3/11/602/998.pbf [32m200[0m 12.619 ms - 22769[0m
[0mGET /data/v3/11/602/996.pbf [32m200[0m 15.693 ms - 28850[0m
[0mGET /data/v3/11/604/997.pbf [32m200[0m 3.987 ms - 10068[0m
[0mGET /data/v3/11/602/997.pbf [32m200[0m 23.710 ms - 82413[0m
[0mGET /data/v3/11/601/997.pbf [32m200[0m 7.289 ms - 26869[0m
[0mGET /data/v3/11/604/996.pbf [32m200[0m 6.654 ms - 12240[0m
[0mGET /data/v3/11/601/996.pbf [32m200[0m 7.177 ms - 17578[0m
[0mGET /data/v3.json [36m304[0m 0.720 ms - -[0m
[0mGET /data/v3/12/1206/1995.pbf [32m200[0m 8.746 ms - 10385[0m
[0mGET /data/v3/12/1206/1994.pbf [32m200[0m 9.821 ms - 16421[0m
[0mGET /data/v3/12/1205/1993.pbf [0m-[0m - ms - -[0m
[0mGET /data/v3/12/1206/1993.pbf [32m200[0m 8.733 ms - 12862[0m
[0mGET /data/v3/12/1204/1993.pbf [0m-[0m - ms - -[0m
[0mGET /data/v3/12/1207/1993.pbf [0m-[0m - ms - -[0m
[0mGET /data/v3/12/1207/1995.pbf [0m-[0m - ms - -[0m
[0mGET /data/v3/12/1205/1995.pbf [32m200[0m 26.940 ms - 80681[0m
[0mGET /data/v3/12/1204/1994.pbf [32m200[0m 29.759 ms - 101990[0m
[0mGET /data/v3/12/1205/1994.pbf [32m200[0m 31.909 ms - 120317[0m
[0mGET /data/v3/12/1204/1995.pbf [32m200[0m 33.516 ms - 160128[0m
[0mGET /data/v3.json [36m304[0m 0.859 ms - -[0m
[0mGET /data/v3/12/1206/1993.pbf [32m200[0m 1.631 ms - 12862[0m
[0mGET /data/v3/12/1204/1993.pbf [32m200[0m 3.106 ms - 33111[0m
[0mGET /data/v3/12/1205/1993.pbf [32m200[0m 4.915 ms - 52165[0m
[0mGET /data/v3.json [36m304[0m 0.445 ms - -[0m
[0mGET /data/v3/13/2410/3987.pbf [0m-[0m - ms - -[0m
[0mGET /data/v3/13/2409/3987.pbf [0m-[0m - ms - -[0m
[0mGET /data/v3/13/2411/3988.pbf [32m200[0m 16.590 ms - 30518[0m
[0mGET /data/v3/13/2409/3989.pbf [32m200[0m 20.311 ms - 47589[0m
[0mGET /data/v3/13/2409/3988.pbf [32m200[0m 22.532 ms - 50230[0m
[0mGET /data/v3/13/2410/3988.pbf [32m200[0m 23.529 ms - 56025[0m
[0mGET /data/v3/13/2410/3989.pbf [32m200[0m 22.135 ms - 54476[0m
[0mGET /data/v3/13/2411/3989.pbf [32m200[0m 7.280 ms - 22739[0m
[0mGET /data/v3/13/2408/3988.pbf [32m200[0m 5.464 ms - 19136[0m
[0mGET /data/v3/13/2408/3989.pbf [32m200[0m 4.212 ms - 30330[0m
[0mGET /data/v3.json [36m304[0m 0.480 ms - -[0m
[0mGET /data/v3/14/4820/7977.pbf [32m200[0m 24.278 ms - 85304[0m
[0mGET /data/v3/14/4819/7976.pbf [32m200[0m 23.181 ms - 87791[0m
[0mGET /data/v3/14/4820/7976.pbf [32m200[0m 24.515 ms - 92390[0m
[0mGET /data/v3/14/4820/7978.pbf [32m200[0m 27.567 ms - 124456[0m
[0mGET /data/v3/14/4819/7977.pbf [32m200[0m 30.687 ms - 134065[0m
[0mGET /data/v3/14/4819/7978.pbf [32m200[0m 31.106 ms - 141669[0m
[0mGET /data/v3/14/4821/7977.pbf [32m200[0m 22.451 ms - 117809[0m
[0mGET /data/v3/14/4821/7978.pbf [32m200[0m 23.337 ms - 150076[0m
[0mGET /data/v3/14/4821/7976.pbf [32m200[0m 23.863 ms - 116461[0m
[0mGET /data/v3/14/4818/7977.pbf [32m200[0m 19.160 ms - 128672[0m
[0mGET /data/v3/14/4818/7978.pbf [32m200[0m 9.325 ms - 68583[0m
[0mGET /data/v3/14/4818/7976.pbf [32m200[0m 7.938 ms - 55472[0m
[0mGET /data/v3.json [36m304[0m 0.809 ms - -[0m
[0mGET /data/v3.json [36m304[0m 0.775 ms - -[0m
[0mGET /data/v3.json [36m304[0m 0.656 ms - -[0m
[0mGET /data/v3.json [36m304[0m 0.604 ms - -[0m
[0mGET /data/v3.json [36m304[0m 0.739 ms - -[0m
[0mGET /styles/basic-preview/ [36m304[0m 1.354 ms - -[0m
[0mGET /maplibre-gl.css [36m304[0m 0.927 ms - -[0m
[0mGET /maplibre-gl-inspect.css [36m304[0m 0.975 ms - -[0m
[0mGET /leaflet.css [36m304[0m 1.079 ms - -[0m
[0mGET /maplibre-gl.js [36m304[0m 1.144 ms - -[0m
[0mGET /maplibre-gl-inspect.js [36m304[0m 1.394 ms - -[0m
[0mGET /leaflet.js [36m304[0m 0.475 ms - -[0m
[0mGET /leaflet-hash.js [36m304[0m 0.297 ms - -[0m
[0mGET /styles/basic-preview/style.json [36m304[0m 1.342 ms - -[0m
[0mGET /favicon.ico [36m304[0m 0.586 ms - -[0m
[0mGET /data/v3.json [36m304[0m 0.472 ms - -[0m
[0mGET /data/v3.json [36m304[0m 0.684 ms - -[0m
[0mGET /styles/basic-preview/ [36m304[0m 1.505 ms - -[0m
[0mGET /maplibre-gl.css [36m304[0m 0.724 ms - -[0m
[0mGET /maplibre-gl-inspect.css [36m304[0m 0.636 ms - -[0m
[0mGET /leaflet.css [36m304[0m 0.644 ms - -[0m
[0mGET /maplibre-gl.js [36m304[0m 1.370 ms - -[0m
[0mGET /maplibre-gl-inspect.js [36m304[0m 0.789 ms - -[0m
[0mGET /leaflet.js [36m304[0m 0.598 ms - -[0m
[0mGET /leaflet-hash.js [36m304[0m 0.250 ms - -[0m
[0mGET /styles/basic-preview/style.json [36m304[0m 0.889 ms - -[0m
[0mGET /favicon.ico [36m304[0m 0.407 ms - -[0m
[0mGET /data/v3.json [36m304[0m 0.501 ms - -[0m
[0mGET /data/v3.json [36m304[0m 0.693 ms - -[0m
[0mGET /styles/basic-preview/ [36m304[0m 0.916 ms - -[0m
[0mGET /maplibre-gl.css [36m304[0m 0.928 ms - -[0m
[0mGET /maplibre-gl-inspect.css [36m304[0m 0.765 ms - -[0m
[0mGET /leaflet.css [36m304[0m 0.687 ms - -[0m
[0mGET /maplibre-gl.js [36m304[0m 0.940 ms - -[0m
[0mGET /maplibre-gl-inspect.js [36m304[0m 0.409 ms - -[0m
[0mGET /leaflet.js [36m304[0m 0.557 ms - -[0m
[0mGET /leaflet-hash.js [36m304[0m 0.278 ms - -[0m
[0mGET /styles/basic-preview/style.json [36m304[0m 1.089 ms - -[0m
[0mGET /favicon.ico [36m304[0m 0.594 ms - -[0m
[0mGET /data/v3.json [36m304[0m 0.761 ms - -[0m
[0mGET /data/v3.json [36m304[0m 0.657 ms - -[0m
[0mGET /styles/basic-preview/ [36m304[0m 0.961 ms - -[0m
[0mGET /maplibre-gl.css [36m304[0m 0.844 ms - -[0m
[0mGET /maplibre-gl-inspect.css [36m304[0m 0.798 ms - -[0m
[0mGET /leaflet.css [36m304[0m 0.883 ms - -[0m
[0mGET /maplibre-gl.js [36m304[0m 0.962 ms - -[0m
[0mGET /maplibre-gl-inspect.js [36m304[0m 1.252 ms - -[0m
[0mGET /leaflet.js [36m304[0m 0.709 ms - -[0m
[0mGET /leaflet-hash.js [36m304[0m 0.586 ms - -[0m
[0mGET /styles/basic-preview/style.json [36m304[0m 1.308 ms - -[0m
[0mGET /favicon.ico [36m304[0m 0.310 ms - -[0m
[0mGET /data/v3.json [36m304[0m 0.815 ms - -[0m
[0mGET /data/v3.json [36m304[0m 0.660 ms - -[0m
[0mGET /styles/basic-preview/ [36m304[0m 1.158 ms - -[0m
[0mGET /maplibre-gl.css [36m304[0m 0.930 ms - -[0m
[0mGET /maplibre-gl-inspect.css [36m304[0m 0.867 ms - -[0m
[0mGET /leaflet.css [36m304[0m 0.830 ms - -[0m
[0mGET /maplibre-gl.js [36m304[0m 1.103 ms - -[0m
[0mGET /maplibre-gl-inspect.js [36m304[0m 0.451 ms - -[0m
[0mGET /leaflet.js [36m304[0m 0.629 ms - -[0m
[0mGET /leaflet-hash.js [36m304[0m 0.410 ms - -[0m
[0mGET /styles/basic-preview/style.json [36m304[0m 1.270 ms - -[0m
[0mGET /favicon.ico [36m304[0m 0.385 ms - -[0m
[0mGET /data/v3.json [36m304[0m 0.421 ms - -[0m
[0mGET /data/v3.json [36m304[0m 0.669 ms - -[0m
[0mGET /styles/basic-preview/ [36m304[0m 1.270 ms - -[0m
[0mGET /maplibre-gl.css [36m304[0m 0.665 ms - -[0m
[0mGET /maplibre-gl-inspect.css [36m304[0m 0.658 ms - -[0m
[0mGET /leaflet.css [36m304[0m 0.693 ms - -[0m
[0mGET /maplibre-gl.js [36m304[0m 1.074 ms - -[0m
[0mGET /maplibre-gl-inspect.js [36m304[0m 0.610 ms - -[0m
[0mGET /leaflet.js [36m304[0m 0.376 ms - -[0m
[0mGET /leaflet-hash.js [36m304[0m 0.407 ms - -[0m
[0mGET /styles/basic-preview/style.json [36m304[0m 1.042 ms - -[0m
[0mGET /favicon.ico [36m304[0m 0.571 ms - -[0m
[0mGET /data/v3.json [36m304[0m 0.656 ms - -[0m
[0mGET /data/v3.json [36m304[0m 0.758 ms - -[0m
[0mGET /data/v3.json [36m304[0m 0.655 ms - -[0m
[0mGET /data/v3/12/1203/1993.pbf [32m200[0m 9.633 ms - 10632[0m
[0mGET /data/v3/12/1203/1994.pbf [32m200[0m 11.820 ms - 31824[0m
[0mGET /data/v3/12/1203/1995.pbf [32m200[0m 16.006 ms - 76695[0m
[0mGET /data/v3.json [36m304[0m 0.429 ms - -[0m
[0mGET /data/v3.json [36m304[0m 0.643 ms - -[0m
[0mGET /data/v3.json [36m304[0m 0.414 ms - -[0m
[0mGET /data/v3.json [36m304[0m 0.647 ms - -[0m
[0mGET /data/v3.json [36m304[0m 0.605 ms - -[0m
[0mGET /data/v3.json [36m304[0m 0.699 ms - -[0m
[0mGET /data/v3.json [36m304[0m 0.465 ms - -[0m
[0mGET /data/v3.json [36m304[0m 0.691 ms - -[0m
[0mGET /data/v3/8/75/123.pbf [32m200[0m 10.169 ms - 24339[0m
[0mGET /data/v3/8/76/123.pbf [32m200[0m 10.230 ms - 24723[0m
[0mGET /data/v3/8/74/123.pbf [32m200[0m 10.529 ms - 24210[0m
[0mGET /data/v3/8/77/123.pbf [32m200[0m 10.689 ms - 10065[0m
[0mGET /data/v3.json [36m304[0m 0.458 ms - -[0m
[0mGET /data/v3/7/39/62.pbf [32m200[0m 4.461 ms - 18610[0m
[0mGET /data/v3/7/39/61.pbf [32m200[0m 5.030 ms - 22589[0m
[0mGET /data/v3.json [36m304[0m 0.625 ms - -[0m
[0mGET /data/v3.json [36m304[0m 0.478 ms - -[0m
[0mGET /data/v3.json [36m304[0m 0.668 ms - -[0m
[0mGET /data/v3/5/10/14.pbf [32m200[0m 7.600 ms - 47082[0m
[0mGET /data/v3/5/9/14.pbf [32m200[0m 9.482 ms - 69163[0m
[0mGET /data/v3/5/8/14.pbf [32m200[0m 9.776 ms - 69154[0m
[0mGET /data/v3.json [36m304[0m 0.651 ms - -[0m
[0mGET /data/v3/5/11/14.pbf [32m200[0m 3.947 ms - 21830[0m
[0mGET /data/v3.json [36m304[0m 0.426 ms - -[0m
[0mGET /data/v3.json [36m304[0m 0.595 ms - -[0m
[0mGET /mapbox-gl-rtl-text.js [36m304[0m 1.240 ms - -[0m
[0mGET /data/v3.json [36m304[0m 0.632 ms - -[0m
[0mGET /data/v3.json [36m304[0m 0.621 ms - -[0m
[0mGET /data/v3.json [36m304[0m 0.634 ms - -[0m
[0mGET /data/v3.json [36m304[0m 0.529 ms - -[0m
[0mGET /data/v3/1/0/0.pbf [32m200[0m 15.821 ms - 88071[0m
[0mGET /data/v3/1/0/1.pbf [32m200[0m 16.281 ms - 83615[0m
[0mGET /data/v3/1/1/0.pbf [32m200[0m 16.921 ms - 91254[0m
[0mGET /data/v3/1/1/1.pbf [32m200[0m 17.299 ms - 83280[0m
[0mGET /data/v3.json [36m304[0m 0.600 ms - -[0m
[0mGET /data/v3.json [36m304[0m 0.617 ms - -[0m
[0mGET /data/v3/2/0/0.pbf [32m200[0m 14.921 ms - 35123[0m
[0mGET /data/v3/2/1/0.pbf [32m200[0m 18.172 ms - 91816[0m
[0mGET /data/v3/2/3/0.pbf [32m200[0m 17.812 ms - 71438[0m
[0mGET /data/v3/2/2/0.pbf [32m200[0m 19.106 ms - 96061[0m
[0mGET /data/v3.json [36m304[0m 0.447 ms - -[0m
[0mGET /data/v3/3/2/2.pbf [32m200[0m 27.432 ms - 106572[0m
[0mGET /data/v3/3/4/2.pbf [32m200[0m 30.541 ms - 147948[0m
[0mGET /data/v3/3/3/2.pbf [32m200[0m 31.683 ms - 149171[0m
[0mGET /data/v3/3/5/2.pbf [32m200[0m 32.229 ms - 161908[0m
[0mGET /data/v3/3/5/3.pbf [32m200[0m 37.396 ms - 192802[0m
[0mGET /fonts/Noto%20Sans%20Regular/3584-3839.pbf [32m200[0m 1.181 ms - 32[0m
[0mGET /fonts/Noto%20Sans%20Regular/2304-2559.pbf [32m200[0m 2.110 ms - 32[0m
[0mGET /fonts/Noto%20Sans%20Regular/5888-6143.pbf [32m200[0m 1.757 ms - 32[0m
[0mGET /fonts/Noto%20Sans%20Regular/6656-6911.pbf [32m200[0m 1.229 ms - 2996[0m
[0mGET /data/v3.json [36m304[0m 0.520 ms - -[0m
[0mGET /data/v3/4/6/5.pbf [32m200[0m 11.973 ms - 20377[0m
[0mGET /data/v3/4/7/5.pbf [32m200[0m 18.520 ms - 74162[0m
[0mGET /data/v3/4/7/6.pbf [32m200[0m 19.941 ms - 98708[0m
[0mGET /data/v3/4/8/5.pbf [32m200[0m 24.808 ms - 146848[0m
[0mGET /data/v3/4/9/5.pbf [32m200[0m 24.007 ms - 128551[0m
[0mGET /data/v3/4/8/6.pbf [32m200[0m 25.115 ms - 139126[0m
[0mGET /data/v3/4/6/6.pbf [32m200[0m 6.160 ms - 47657[0m
[0mGET /data/v3/4/9/6.pbf [32m200[0m 18.586 ms - 145806[0m
[0mGET /data/v3.json [36m304[0m 0.653 ms - -[0m
[0mGET /data/v3/5/15/12.pbf [32m200[0m 24.179 ms - 107867[0m
[0mGET /data/v3/5/16/12.pbf [32m200[0m 25.598 ms - 107836[0m
[0mGET /data/v3/5/15/11.pbf [32m200[0m 27.659 ms - 121026[0m
[0mGET /data/v3/5/15/10.pbf [32m200[0m 27.751 ms - 115153[0m
[0mGET /data/v3/5/16/10.pbf [32m200[0m 31.413 ms - 154879[0m
[0mGET /data/v3/5/16/11.pbf [32m200[0m 36.302 ms - 168283[0m
[0mGET /data/v3/5/14/11.pbf [32m200[0m 5.711 ms - 20931[0m
[0mGET /data/v3/5/14/10.pbf [32m200[0m 5.001 ms - 13456[0m
[0mGET /data/v3/5/14/12.pbf [32m200[0m 3.886 ms - 19995[0m
[0mGET /data/v3/5/17/11.pbf [32m200[0m 20.826 ms - 143808[0m
[0mGET /data/v3/5/17/12.pbf [32m200[0m 12.819 ms - 83009[0m
[0mGET /data/v3/5/17/10.pbf [32m200[0m 18.182 ms - 138256[0m
[0mGET /data/v3.json [36m304[0m 0.834 ms - -[0m
[0mGET /data/v3/6/31/22.pbf [32m200[0m 31.434 ms - 72911[0m
[0mGET /data/v3/6/33/23.pbf [32m200[0m 31.833 ms - 81083[0m
[0mGET /data/v3/6/32/23.pbf [32m200[0m 34.053 ms - 92369[0m
[0mGET /data/v3/6/31/23.pbf [32m200[0m 35.461 ms - 88224[0m
[0mGET /data/v3/6/32/22.pbf [32m200[0m 36.629 ms - 97970[0m
[0mGET /data/v3/6/30/22.pbf [32m200[0m 3.034 ms - 13749[0m
[0mGET /data/v3/6/33/22.pbf [32m200[0m 44.410 ms - 152543[0m
[0mGET /data/v3/6/30/23.pbf [32m200[0m 21.270 ms - 69472[0m
[0mGET /data/v3.json [36m304[0m 0.461 ms - -[0m
[0mGET /data/v3/6/31/21.pbf [32m200[0m 19.578 ms - 96292[0m
[0mGET /data/v3/6/32/21.pbf [32m200[0m 26.789 ms - 142161[0m
[0mGET /data/v3/6/33/21.pbf [32m200[0m 27.846 ms - 156494[0m
[0mGET /data/v3.json [36m304[0m 0.800 ms - -[0m
[0mGET /data/v3/7/63/43.pbf [32m200[0m 21.908 ms - 61815[0m
[0mGET /data/v3/7/63/44.pbf [32m200[0m 27.416 ms - 109570[0m
[0mGET /data/v3/7/65/44.pbf [32m200[0m 32.590 ms - 145470[0m
[0mGET /data/v3/7/64/43.pbf [32m200[0m 33.449 ms - 154399[0m
[0mGET /data/v3/7/65/43.pbf [32m200[0m 34.313 ms - 159849[0m
[0mGET /data/v3/7/64/44.pbf [32m200[0m 37.078 ms - 154644[0m
[0mGET /data/v3.json [36m304[0m 0.947 ms - -[0m
[0mGET /data/v3/8/130/88.pbf [32m200[0m 16.158 ms - 79106[0m
[0mGET /data/v3/8/128/88.pbf [32m200[0m 17.007 ms - 78296[0m
[0mGET /data/v3/8/128/87.pbf [32m200[0m 17.246 ms - 85984[0m
[0mGET /data/v3/8/130/87.pbf [32m200[0m 17.349 ms - 88563[0m
[0mGET /data/v3/8/129/87.pbf [32m200[0m 20.488 ms - 120161[0m
[0mGET /data/v3/8/129/88.pbf [32m200[0m 25.420 ms - 149341[0m
[0mGET /data/v3.json [36m304[0m 0.824 ms - -[0m
[0mGET /data/v3/9/260/176.pbf [32m200[0m 21.876 ms - 74150[0m
[0mGET /data/v3/9/258/176.pbf [32m200[0m 23.822 ms - 116690[0m
[0mGET /data/v3/9/260/175.pbf [32m200[0m 23.786 ms - 83548[0m
[0mGET /data/v3/9/258/175.pbf [32m200[0m 27.244 ms - 109524[0m
[0mGET /data/v3/9/259/175.pbf [32m200[0m 28.130 ms - 153705[0m
[0mGET /data/v3/9/257/176.pbf [32m200[0m 9.831 ms - 74618[0m
[0mGET /data/v3/9/257/175.pbf [32m200[0m 10.776 ms - 93738[0m
[0mGET /data/v3/9/259/176.pbf [32m200[0m 43.934 ms - 277522[0m
[0mGET /data/v3/10/517/351.pbf [32m200[0m 23.044 ms - 95329[0m
[0mGET /data/v3/10/517/352.pbf [32m200[0m 25.824 ms - 96221[0m
[0mGET /data/v3/10/519/351.pbf [32m200[0m 30.281 ms - 98570[0m
[0mGET /data/v3/10/518/351.pbf [32m200[0m 36.179 ms - 121156[0m
[0mGET /data/v3/10/519/352.pbf [32m200[0m 37.610 ms - 117000[0m
[0mGET /data/v3/10/520/352.pbf [32m200[0m 13.891 ms - 53707[0m
[0mGET /data/v3/10/520/351.pbf [32m200[0m 11.529 ms - 56151[0m
[0mGET /data/v3/10/518/352.pbf [32m200[0m 53.700 ms - 215364[0m
[0mGET /data/v3.json [36m304[0m 0.833 ms - -[0m
[0mGET /data/v3/11/1037/703.pbf [32m200[0m 19.633 ms - 87241[0m
[0mGET /data/v3/11/1036/705.pbf [32m200[0m 19.875 ms - 98293[0m
[0mGET /data/v3/11/1038/704.pbf [32m200[0m 21.131 ms - 99403[0m
[0mGET /data/v3/11/1037/705.pbf [32m200[0m 22.353 ms - 112007[0m
[0mGET /data/v3/11/1036/704.pbf [32m200[0m 23.403 ms - 122530[0m
[0mGET /data/v3/11/1037/704.pbf [32m200[0m 27.087 ms - 149318[0m
[0mGET /data/v3/11/1036/703.pbf [32m200[0m 10.711 ms - 80420[0m
[0mGET /data/v3/11/1038/705.pbf [32m200[0m 8.618 ms - 73309[0m
[0mGET /data/v3/11/1038/703.pbf [32m200[0m 8.707 ms - 81204[0m
[0mGET /data/v3.json [36m304[0m 0.553 ms - -[0m
[0mGET /data/v3/12/2073/1409.pbf [32m200[0m 31.517 ms - 122657[0m
[0mGET /data/v3/12/2075/1408.pbf [32m200[0m 32.513 ms - 123621[0m
[0mGET /data/v3/12/2075/1409.pbf [32m200[0m 34.532 ms - 119896[0m
[0mGET /data/v3/12/2073/1408.pbf [32m200[0m 33.387 ms - 138947[0m
[0mGET /data/v3/12/2074/1408.pbf [32m200[0m 36.439 ms - 147560[0m
[0mGET /data/v3/12/2074/1409.pbf [32m200[0m 38.879 ms - 156797[0m
[0mGET /data/v3/12/2076/1409.pbf [32m200[0m 19.042 ms - 122517[0m
[0mGET /data/v3/12/2076/1408.pbf [32m200[0m 18.977 ms - 101258[0m
[0mGET /data/v3.json [36m304[0m 0.785 ms - -[0m
[0mGET /data/v3/11/1035/704.pbf [32m200[0m 11.139 ms - 61110[0m
[0mGET /data/v3/11/1035/705.pbf [32m200[0m 11.263 ms - 64341[0m
[0mGET /data/v3.json [36m304[0m 0.611 ms - -[0m
[0mGET /data/v3/11/1035/703.pbf [32m200[0m 6.340 ms - 64544[0m
[0mGET /data/v3/13/4149/2819.pbf [32m200[0m 20.671 ms - 80768[0m
[0mGET /data/v3/13/4148/2817.pbf [32m200[0m 21.105 ms - 88858[0m
[0mGET /data/v3/13/4148/2818.pbf [32m200[0m 23.153 ms - 87026[0m
[0mGET /data/v3/13/4149/2818.pbf [32m200[0m 24.009 ms - 101059[0m
[0mGET /data/v3/13/4149/2817.pbf [32m200[0m 24.360 ms - 102691[0m
[0mGET /data/v3/13/4150/2818.pbf [32m200[0m 23.270 ms - 91306[0m
[0mGET /data/v3/13/4150/2817.pbf [32m200[0m 8.799 ms - 78503[0m
[0mGET /data/v3/13/4150/2819.pbf [32m200[0m 6.883 ms - 65375[0m
[0mGET /data/v3/13/4148/2819.pbf [32m200[0m 9.681 ms - 83559[0m
[0mGET /data/v3.json [36m304[0m 0.741 ms - -[0m
[0mGET /data/v3/14/8300/5637.pbf [32m200[0m 53.457 ms - 280105[0m
[0mGET /data/v3/14/8299/5637.pbf [32m200[0m 56.291 ms - 312935[0m
[0mGET /data/v3/14/8300/5636.pbf [32m200[0m 63.086 ms - 343625[0m
[0mGET /data/v3/14/8298/5637.pbf [32m200[0m 65.260 ms - 368884[0m
[0mGET /data/v3/14/8299/5636.pbf [32m200[0m 81.541 ms - 498662[0m
[0mGET /data/v3/14/8298/5636.pbf [32m200[0m 83.307 ms - 492052[0m
[0mGET /data/v3/14/8297/5636.pbf [32m200[0m 31.285 ms - 263458[0m
[0mGET /data/v3/14/8297/5637.pbf [32m200[0m 28.128 ms - 320198[0m
[0mGET /data/v3.json [36m304[0m 0.831 ms - -[0m
[0mGET /data/v3.json [36m304[0m 0.638 ms - -[0m
[0mGET /data/v3.json [36m304[0m 0.667 ms - -[0m
[0mGET /data/v3.json [36m304[0m 0.651 ms - -[0m
[0mGET /data/v3.json [36m304[0m 0.645 ms - -[0m
[0mGET /data/v3.json [36m304[0m 0.625 ms - -[0m
[0mGET /data/v3/13/4151/2818.pbf [0m-[0m - ms - -[0m
[0mGET /data/v3/13/4151/2819.pbf [0m-[0m - ms - -[0m
[0mGET /data/v3/13/4151/2817.pbf [0m-[0m - ms - -[0m
[0mGET /data/v3/11/1039/705.pbf [32m200[0m 7.208 ms - 35037[0m
[0mGET /data/v3/11/1039/703.pbf [32m200[0m 7.565 ms - 35676[0m
[0mGET /data/v3/11/1039/704.pbf [32m200[0m 8.866 ms - 53700[0m
[0mGET /data/v3.json [36m304[0m 0.599 ms - -[0m
[0mGET /data/v3.json [36m304[0m 0.628 ms - -[0m
[0mGET /data/v3/8/131/88.pbf [32m200[0m 11.900 ms - 81571[0m
[0mGET /data/v3/8/131/87.pbf [32m200[0m 12.785 ms - 80240[0m
[0mGET /data/v3.json [36m304[0m 0.624 ms - -[0m
[0mGET /data/v3/7/66/44.pbf [32m200[0m 20.997 ms - 171015[0m
[0mGET /data/v3/7/66/43.pbf [32m200[0m 22.865 ms - 175828[0m
[0mGET /data/v3.json [36m304[0m 0.990 ms - -[0m
[0mGET /data/v3/6/30/21.pbf [32m200[0m 11.416 ms - 26017[0m
[0mGET /data/v3/6/34/21.pbf [32m200[0m 17.595 ms - 122539[0m
[0mGET /data/v3/6/34/22.pbf [32m200[0m 18.575 ms - 121917[0m
[0mGET /data/v3.json [36m304[0m 0.900 ms - -[0m
[0mGET /data/v3.json [36m304[0m 0.613 ms - -[0m
[0mGET /data/v3.json [36m304[0m 0.664 ms - -[0m
[0mGET /data/v3.json [36m304[0m 0.627 ms - -[0m
[0mGET /data/v3/4/6/4.pbf [32m200[0m 13.086 ms - 13379[0m
[0mGET /data/v3/4/8/4.pbf [32m200[0m 17.958 ms - 78724[0m
[0mGET /data/v3/4/7/4.pbf [32m200[0m 18.477 ms - 45882[0m
[0mGET /data/v3/4/9/4.pbf [32m200[0m 20.254 ms - 86491[0m
[0mGET /data/v3.json [36m304[0m 0.623 ms - -[0m
[0mGET /data/v3.json [36m304[0m 0.413 ms - -[0m
[0mGET /data/v3.json [36m304[0m 0.652 ms - -[0m
[0mGET /data/v3.json [36m304[0m 0.628 ms - -[0m
[0mGET /data/v3/0/0/0.pbf [32m200[0m 3.599 ms - 38061[0m
[0mGET /data/v3.json [36m304[0m 0.409 ms - -[0m
[0mGET /data/v3.json [36m304[0m 0.636 ms - -[0m
[0mGET /data/v3.json [36m304[0m 0.649 ms - -[0m
[0mGET /data/v3/3/0/4.pbf [32m200[0m 11.063 ms - 25079[0m
[0mGET /data/v3/3/0/3.pbf [32m200[0m 11.964 ms - 41145[0m
[0mGET /data/v3/3/0/2.pbf [32m200[0m 11.294 ms - 44657[0m
[0mGET /data/v3/3/1/2.pbf [32m200[0m 15.897 ms - 90245[0m
[0mGET /data/v3.json [36m304[0m 0.674 ms - -[0m
[0mGET /data/v3.json [36m304[0m 0.614 ms - -[0m
[0mGET /data/v3/5/7/15.pbf [32m200[0m 7.148 ms - 21653[0m
[0mGET /data/v3/5/7/16.pbf [32m200[0m 7.796 ms - 7372[0m
[0mGET /data/v3/5/7/14.pbf [32m200[0m 12.321 ms - 67169[0m
[0mGET /data/v3.json [36m304[0m 0.468 ms - -[0m
[0mGET /data/v3.json [36m304[0m 0.587 ms - -[0m
[0mGET /data/v3.json [36m304[0m 0.738 ms - -[0m
[0mGET /data/v3/7/37/63.pbf [32m200[0m 2.944 ms - 27917[0m
[0mGET /data/v3/7/35/62.pbf [32m200[0m 5.138 ms - 8241[0m
[0mGET /data/v3/7/38/63.pbf [32m200[0m 7.454 ms - 27656[0m
[0mGET /data/v3/7/36/63.pbf [32m200[0m 8.250 ms - 43389[0m
[0mGET /data/v3/7/35/61.pbf [32m200[0m 7.199 ms - 17149[0m
[0mGET /data/v3/7/35/63.pbf [32m200[0m 5.790 ms - 22406[0m
[0mGET /data/v3.json [36m304[0m 0.696 ms - -[0m
[0mGET /data/v3.json [36m304[0m 0.632 ms - -[0m
[0mGET /data/v3.json [36m304[0m 0.750 ms - -[0m
[0mGET /data/v3.json [36m304[0m 0.657 ms - -[0m
[0mGET /data/v3/10/299/498.pbf [32m200[0m 8.122 ms - 14917[0m
[0mGET /data/v3/10/299/499.pbf [32m200[0m 8.176 ms - 17188[0m
[0mGET /data/v3.json [36m304[0m 0.581 ms - -[0m
[0mGET /data/v3/11/602/998.pbf [32m200[0m 2.899 ms - 22769[0m
[0mGET /data/v3/11/601/998.pbf [32m200[0m 6.524 ms - 13214[0m
[0mGET /data/v3/11/604/998.pbf [32m200[0m 5.994 ms - 9866[0m
[0mGET /data/v3.json [36m304[0m 0.610 ms - -[0m
[0mGET /data/v3/12/1206/1996.pbf [32m200[0m 10.438 ms - 11368[0m
[0mGET /data/v3/12/1205/1996.pbf [32m200[0m 11.412 ms - 34205[0m
[0mGET /data/v3/12/1203/1996.pbf [32m200[0m 11.145 ms - 18393[0m
[0mGET /data/v3/12/1204/1996.pbf [32m200[0m 14.690 ms - 83658[0m
[0mGET /data/v3.json [36m304[0m 0.969 ms - -[0m
[0mGET /data/v3/13/2411/3991.pbf [32m200[0m 11.777 ms - 4690[0m
[0mGET /data/v3/13/2411/3990.pbf [32m200[0m 12.819 ms - 8992[0m
[0mGET /data/v3/13/2410/3991.pbf [32m200[0m 15.783 ms - 45613[0m
[0mGET /data/v3/13/2409/3990.pbf [32m200[0m 15.989 ms - 47709[0m
[0mGET /data/v3/13/2410/3990.pbf [32m200[0m 18.163 ms - 58691[0m
[0mGET /data/v3/13/2409/3991.pbf [32m200[0m 18.328 ms - 58590[0m
[0mGET /data/v3/13/2408/3990.pbf [32m200[0m 7.654 ms - 60271[0m
[0mGET /data/v3/13/2408/3991.pbf [32m200[0m 9.554 ms - 55936[0m
[0mGET /data/v3.json [36m304[0m 0.860 ms - -[0m
[0mGET /data/v3/14/4821/7982.pbf [32m200[0m 27.523 ms - 95147[0m
[0mGET /data/v3/14/4819/7981.pbf [32m200[0m 28.797 ms - 104273[0m
[0mGET /data/v3/14/4819/7982.pbf [32m200[0m 33.769 ms - 141979[0m
[0mGET /data/v3/14/4821/7981.pbf [32m200[0m 34.717 ms - 152857[0m
[0mGET /data/v3/14/4820/7982.pbf [32m200[0m 41.667 ms - 188457[0m
[0mGET /data/v3/14/4822/7982.pbf [32m200[0m 8.055 ms - 2592[0m
[0mGET /data/v3/14/4822/7981.pbf [32m200[0m 2.835 ms - 4025[0m
[0mGET /data/v3/14/4820/7981.pbf [32m200[0m 48.351 ms - 224880[0m
[0mGET /data/v3.json [36m304[0m 0.774 ms - -[0m
[0mGET /data/v3.json [36m304[0m 0.401 ms - -[0m
[0mGET /data/v3/14/4821/7983.pbf [32m200[0m 9.722 ms - 16203[0m
[0mGET /data/v3/14/4820/7983.pbf [32m200[0m 15.043 ms - 86215[0m
[0mGET /data/v3/14/4819/7983.pbf [32m200[0m 18.557 ms - 127059[0m
[0mGET /data/v3.json [36m304[0m 0.648 ms - -[0m
[0mGET /data/v3/14/4822/7983.pbf [32m200[0m 5.880 ms - 3120[0m
[0mGET /data/v3.json [36m304[0m 0.676 ms - -[0m
[0mGET /data/v3/13/2411/3992.pbf [32m200[0m 8.007 ms - 4261[0m
[0mGET /data/v3/13/2410/3992.pbf [32m200[0m 9.705 ms - 23514[0m
[0mGET /data/v3/13/2409/3992.pbf [32m200[0m 11.274 ms - 42948[0m
[0mGET /data/v3.json [36m304[0m 0.512 ms - -[0m
[0mGET /data/v3/13/2408/3992.pbf [32m200[0m 3.896 ms - 31911[0m
[0mGET /data/v3.json [36m304[0m 0.723 ms - -[0m
[0mGET /data/v3.json [36m304[0m 0.697 ms - -[0m
[0mGET /data/v3/14/4822/7980.pbf [32m200[0m 11.975 ms - 7960[0m
[0mGET /data/v3/14/4819/7980.pbf [32m200[0m 20.053 ms - 88217[0m
[0mGET /data/v3/14/4820/7980.pbf [32m200[0m 28.086 ms - 225750[0m
[0mGET /data/v3/14/4821/7980.pbf [32m200[0m 30.213 ms - 233908[0m
[0mGET /data/v3.json [36m304[0m 0.613 ms - -[0m
[0mGET /data/v3.json [36m304[0m 0.585 ms - -[0m
[0mGET /data/v3.json [36m304[0m 0.647 ms - -[0m
[0mGET /styles/basic-preview/1/0/0.png [32m200[0m 159.806 ms - 21632[0m
[0mGET /styles/basic-preview/1/1/1.png [32m200[0m 167.694 ms - 13754[0m
[0mGET /styles/basic-preview/1/1/0.png [32m200[0m 171.950 ms - 23431[0m
[0mGET /styles/basic-preview/1/0/1.png [32m200[0m 220.803 ms - 9897[0m
[0mGET /styles/basic-preview/2/1/3.png [32m200[0m 290.591 ms - 7103[0m
[0mGET /styles/basic-preview/2/1/2.png [32m200[0m 303.752 ms - 14860[0m
[0mGET /styles/basic-preview/2/1/0.png [32m200[0m 308.910 ms - 12371[0m
[0mGET /styles/basic-preview/2/1/1.png [32m200[0m 308.568 ms - 25216[0m
[0mGET /styles/basic-preview/4/4/6.png [32m200[0m 275.971 ms - 21821[0m
[0mGET /styles/basic-preview/4/4/7.png [32m200[0m 278.979 ms - 24752[0m
[0mGET /styles/basic-preview/4/4/8.png [32m200[0m 182.320 ms - 17192[0m
[0mGET /styles/basic-preview/4/4/9.png [32m200[0m 186.206 ms - 12386[0m
[0mGET /styles/basic-preview/3/2/2.png [32m200[0m 232.512 ms - 16601[0m
[0mGET /styles/basic-preview/3/2/3.png [32m200[0m 211.898 ms - 19462[0m
[0mGET /styles/basic-preview/5/9/14.png [32m200[0m 170.220 ms - 21174[0m
[0mGET /styles/basic-preview/5/9/15.png [32m200[0m 170.773 ms - 24976[0m
[0mGET /styles/basic-preview/5/9/16.png [32m200[0m 140.918 ms - 20907[0m
[0mGET /styles/basic-preview/5/8/15.png [32m200[0m 158.677 ms - 11349[0m
[0mGET /styles/basic-preview/5/9/17.png [32m200[0m 170.127 ms - 15754[0m
[0mGET /styles/basic-preview/5/8/14.png [32m200[0m 159.756 ms - 26280[0m
[0mGET /styles/basic-preview/3/2/5.png [32m200[0m 153.098 ms - 8785[0m
[0mGET /styles/basic-preview/3/2/4.png [32m200[0m 155.743 ms - 19619[0m
[0mGET /styles/basic-preview/6/19/29.png [32m200[0m 96.315 ms - 11390[0m
[0mGET /styles/basic-preview/6/18/29.png [32m200[0m 119.119 ms - 4848[0m
[0mGET /styles/basic-preview/6/18/31.png [32m200[0m 122.768 ms - 33736[0m
[0mGET /styles/basic-preview/6/18/30.png [32m200[0m 117.720 ms - 28935[0m
[0mGET /styles/basic-preview/6/19/30.png [32m200[0m 131.174 ms - 29412[0m
[0mGET /styles/basic-preview/6/19/31.png [32m200[0m 148.048 ms - 13736[0m
[0mGET /styles/basic-preview/6/17/31.png [32m200[0m 103.385 ms - 5826[0m
[0mGET /styles/basic-preview/6/19/32.png [32m200[0m 124.556 ms - 12456[0m
[0mGET /styles/basic-preview/6/18/32.png [32m200[0m 143.482 ms - 17869[0m
[0mGET /styles/basic-preview/6/17/29.png [32m200[0m 126.563 ms - 15514[0m
[0mGET /styles/basic-preview/6/20/31.png [32m200[0m 117.079 ms - 10890[0m
[0mGET /styles/basic-preview/6/17/30.png [32m200[0m 131.135 ms - 21533[0m
[0mGET /styles/basic-preview/6/20/32.png [32m200[0m 69.523 ms - 7697[0m
[0mGET /styles/basic-preview/6/20/29.png [32m200[0m 100.079 ms - 6163[0m
[0mGET /styles/basic-preview/6/17/32.png [32m200[0m 91.240 ms - 24450[0m
[0mGET /styles/basic-preview/5/10/14.png [32m200[0m 96.923 ms - 18732[0m
[0mGET /styles/basic-preview/6/20/30.png [32m200[0m 106.620 ms - 28319[0m
[0mGET /styles/basic-preview/5/10/15.png [32m200[0m 107.970 ms - 25442[0m
[0mGET /styles/basic-preview/5/8/16.png [32m200[0m 126.820 ms - 10605[0m
[0mGET /styles/basic-preview/5/10/17.png [32m200[0m 114.900 ms - 16794[0m
[0mGET /styles/basic-preview/5/8/17.png [32m200[0m 123.690 ms - 2864[0m
[0mGET /styles/basic-preview/5/10/16.png [32m200[0m 124.420 ms - 19485[0m
[0mGET /styles/basic-preview/4/5/7.png [32m200[0m 146.700 ms - 15911[0m
[0mGET /styles/basic-preview/4/5/6.png [32m200[0m 153.649 ms - 3342[0m
[0mGET /styles/basic-preview/4/5/8.png [32m200[0m 83.849 ms - 22743[0m
[0mGET /styles/basic-preview/4/5/9.png [32m200[0m 82.655 ms - 24484[0m
[0mGET /styles/basic-preview/2/0/2.png [32m200[0m 35.412 ms - 1833[0m
[0mGET /styles/basic-preview/2/0/3.png [32m200[0m 37.902 ms - 6022[0m
[0mGET /styles/basic-preview/6/16/32.png [32m200[0m 19.754 ms - 3515[0m
[0mGET /styles/basic-preview/6/16/31.png [32m200[0m 100.364 ms - 2424[0m
[0mGET /styles/basic-preview/6/16/30.png [32m200[0m 142.929 ms - 7048[0m
[0mGET /styles/basic-preview/6/16/29.png [32m200[0m 143.901 ms - 37647[0m
[0mGET /styles/basic-preview/2/0/0.png [32m200[0m 147.088 ms - 7900[0m
[0mGET /styles/basic-preview/6/21/29.png [32m200[0m 126.114 ms - 15606[0m
[0mGET /styles/basic-preview/2/0/1.png [32m200[0m 144.815 ms - 16305[0m
[0mGET /styles/basic-preview/6/21/28.png [32m200[0m 72.528 ms - 4871[0m
[0mGET /styles/basic-preview/6/21/32.png [32m200[0m 90.598 ms - 13651[0m
[0mGET /styles/basic-preview/6/21/30.png [32m200[0m 93.705 ms - 22540[0m
[0mGET /styles/basic-preview/6/21/31.png [32m200[0m 91.677 ms - 15540[0m
[0mGET /styles/basic-preview/6/17/28.png [32m200[0m 90.840 ms - 10166[0m
[0mGET /styles/basic-preview/5/8/13.png [32m200[0m 97.241 ms - 23888[0m
[0mGET /styles/basic-preview/6/20/28.png [32m200[0m 59.102 ms - 17894[0m
[0mGET /styles/basic-preview/5/10/13.png [32m200[0m 53.089 ms - 1833[0m
[0mGET /styles/basic-preview/6/16/28.png [32m200[0m 73.220 ms - 22333[0m
[0mGET /styles/basic-preview/5/7/14.png [32m200[0m 64.504 ms - 22797[0m
[0mGET /styles/basic-preview/5/7/13.png [32m200[0m 88.326 ms - 23953[0m
[0mGET /styles/basic-preview/5/9/13.png [32m200[0m 86.447 ms - 6686[0m
[0mGET /styles/basic-preview/6/19/28.png [32m200[0m 28.069 ms - 30734[0m
[0mGET /styles/basic-preview/5/11/14.png [32m200[0m 8.051 ms - 1833[0m
[0mGET /styles/basic-preview/6/18/28.png [32m200[0m 46.861 ms - 25686[0m
[0mGET /styles/basic-preview/5/9/18.png [32m200[0m 47.611 ms - 15391[0m
[0mGET /styles/basic-preview/5/10/18.png [32m200[0m 57.630 ms - 20392[0m
[0mGET /styles/basic-preview/5/11/15.png [32m200[0m 62.002 ms - 11429[0m
[0mGET /styles/basic-preview/6/20/27.png [32m200[0m 47.975 ms - 1833[0m
[0mGET /styles/basic-preview/6/21/27.png [32m200[0m 69.575 ms - 1833[0m
[0mGET /styles/basic-preview/6/19/27.png [32m200[0m 106.087 ms - 3657[0m
[0mGET /styles/basic-preview/6/18/27.png [32m200[0m 106.693 ms - 11756[0m
[0mGET /styles/basic-preview/5/11/17.png [32m200[0m 112.003 ms - 27116[0m
[0mGET /styles/basic-preview/5/11/16.png [32m200[0m 113.382 ms - 18790[0m
[0mGET /styles/basic-preview/5/8/18.png [32m200[0m 83.186 ms - 2157[0m
[0mGET /styles/basic-preview/5/11/13.png [32m200[0m 82.914 ms - 1833[0m
[0mGET /styles/basic-preview/5/11/18.png [32m200[0m 77.287 ms - 27629[0m
[0mGET /styles/basic-preview/5/7/15.png [32m200[0m 124.099 ms - 2632[0m
[0mGET /styles/basic-preview/6/16/27.png [32m200[0m 128.757 ms - 3323[0m
[0mGET /styles/basic-preview/6/17/27.png [32m200[0m 170.738 ms - 28779[0m
[0mGET /styles/basic-preview/4/3/7.png [32m200[0m 195.089 ms - 9447[0m
[0mGET /styles/basic-preview/4/3/6.png [32m200[0m 199.173 ms - 24893[0m
[0mGET /styles/basic-preview/4/6/9.png [32m200[0m 147.390 ms - 4075[0m
[0mGET /styles/basic-preview/4/6/8.png [32m200[0m 151.542 ms - 12534[0m
[0mGET /styles/basic-preview/4/6/6.png [32m200[0m 211.686 ms - 2023[0m
[0mGET /styles/basic-preview/4/6/7.png [32m200[0m 194.373 ms - 2899[0m
[0mGET /styles/basic-preview/4/3/5.png [32m200[0m 100.429 ms - 21280[0m
[0mGET /styles/basic-preview/4/3/8.png [32m200[0m 111.376 ms - 2096[0m
[0mGET /styles/basic-preview/4/3/9.png [32m200[0m 111.927 ms - 1843[0m
[0mGET /styles/basic-preview/4/3/10.png [32m200[0m 73.697 ms - 1833[0m
[0mGET /styles/basic-preview/5/6/14.png [32m200[0m 57.135 ms - 10231[0m
[0mGET /styles/basic-preview/5/6/13.png [32m200[0m 119.686 ms - 22485[0m
[0mGET /styles/basic-preview/4/6/5.png [32m200[0m 170.007 ms - 1833[0m
[0mGET /styles/basic-preview/6/19/32.png [36m304[0m 2.050 ms - -[0m
[0mGET /styles/basic-preview/6/20/31.png [36m304[0m 1.039 ms - -[0m
[0mGET /styles/basic-preview/6/18/32.png [36m304[0m 0.721 ms - -[0m
[0mGET /styles/basic-preview/6/20/29.png [36m304[0m 1.969 ms - -[0m
[0mGET /styles/basic-preview/6/17/29.png [36m304[0m 1.760 ms - -[0m
[0mGET /styles/basic-preview/6/17/30.png [36m304[0m 2.180 ms - -[0m
[0mGET /styles/basic-preview/4/7/10.png [32m200[0m 126.516 ms - 1833[0m
[0mGET /styles/basic-preview/4/7/9.png [32m200[0m 164.041 ms - 1833[0m
[0mGET /styles/basic-preview/4/7/5.png [32m200[0m 196.835 ms - 11179[0m
[0mGET /styles/basic-preview/4/2/5.png [32m200[0m 157.988 ms - 19364[0m
[0mGET /styles/basic-preview/7/38/61.png [32m200[0m 115.728 ms - 20628[0m
[0mGET /styles/basic-preview/4/7/6.png [32m200[0m 258.892 ms - 14740[0m
[0mGET /styles/basic-preview/7/38/62.png [32m200[0m 74.159 ms - 9661[0m
[0mGET /styles/basic-preview/7/37/61.png [32m200[0m 126.574 ms - 22935[0m
[0mGET /styles/basic-preview/7/37/60.png [32m200[0m 122.997 ms - 30915[0m
[0mGET /styles/basic-preview/7/38/60.png [32m200[0m 131.767 ms - 19387[0m
[0mGET /styles/basic-preview/7/37/62.png [32m200[0m 136.267 ms - 30402[0m
[0mGET /styles/basic-preview/7/39/62.png [32m200[0m 24.369 ms - 12267[0m
[0mGET /styles/basic-preview/7/38/63.png [32m200[0m 114.276 ms - 11177[0m
[0mGET /styles/basic-preview/7/39/63.png [32m200[0m 45.991 ms - 12215[0m
[0mGET /styles/basic-preview/7/39/61.png [32m200[0m 85.025 ms - 14553[0m
[0mGET /styles/basic-preview/7/37/63.png [32m200[0m 183.363 ms - 12149[0m
[0mGET /styles/basic-preview/7/39/60.png [32m200[0m 132.286 ms - 20342[0m
[0mGET /styles/basic-preview/7/36/61.png [32m200[0m 107.732 ms - 17101[0m
[0mGET /styles/basic-preview/8/76/123.png [32m200[0m 109.655 ms - 27771[0m
[0mGET /styles/basic-preview/6/20/30.png [36m304[0m 0.838 ms - -[0m
[0mGET /styles/basic-preview/6/17/31.png [36m304[0m 1.393 ms - -[0m
[0mGET /styles/basic-preview/6/17/32.png [36m304[0m 1.981 ms - -[0m
[0mGET /styles/basic-preview/6/20/32.png [36m304[0m 3.861 ms - -[0m
[0mGET /styles/basic-preview/5/9/16.png [36m304[0m 1.747 ms - -[0m
[0mGET /styles/basic-preview/7/36/60.png [32m200[0m 76.732 ms - 10240[0m
[0mGET /styles/basic-preview/5/9/17.png [36m304[0m 0.923 ms - -[0m
[0mGET /styles/basic-preview/7/36/63.png [32m200[0m 78.518 ms - 23860[0m
[0mGET /styles/basic-preview/7/36/62.png [32m200[0m 148.692 ms - 18963[0m
[0mGET /styles/basic-preview/5/8/16.png [36m304[0m 1.044 ms - -[0m
[0mGET /styles/basic-preview/5/8/17.png [36m304[0m 1.005 ms - -[0m
[0mGET /styles/basic-preview/4/2/10.png [32m200[0m 62.697 ms - 1833[0m
[0mGET /styles/basic-preview/5/7/16.png [32m200[0m 159.235 ms - 2835[0m
[0mGET /styles/basic-preview/5/7/17.png [32m200[0m 159.376 ms - 1833[0m
[0mGET /styles/basic-preview/4/2/9.png [32m200[0m 165.239 ms - 1833[0m
[0mGET /styles/basic-preview/4/2/6.png [32m200[0m 168.253 ms - 12247[0m
[0mGET /styles/basic-preview/5/7/18.png [32m200[0m 155.605 ms - 1833[0m
[0mGET /styles/basic-preview/4/2/8.png [32m200[0m 50.446 ms - 1833[0m
[0mGET /styles/basic-preview/4/2/7.png [32m200[0m 60.615 ms - 1833[0m
[0mGET /styles/basic-preview/4/5/5.png [32m200[0m 27.073 ms - 13567[0m
[0mGET /styles/basic-preview/4/6/10.png [32m200[0m 27.114 ms - 2283[0m
[0mGET /styles/basic-preview/4/4/5.png [32m200[0m 52.001 ms - 23068[0m
[0mGET /styles/basic-preview/3/3/4.png [32m200[0m 110.094 ms - 5507[0m
[0mGET /styles/basic-preview/4/4/10.png [32m200[0m 101.089 ms - 17003[0m
[0mGET /styles/basic-preview/3/3/5.png [32m200[0m 138.313 ms - 2074[0m
[0mGET /styles/basic-preview/3/1/4.png [32m200[0m 131.782 ms - 1936[0m
[0mGET /styles/basic-preview/3/1/5.png [32m200[0m 142.080 ms - 1833[0m
[0mGET /styles/basic-preview/3/1/2.png [32m200[0m 98.401 ms - 17159[0m
[0mGET /styles/basic-preview/3/1/3.png [32m200[0m 107.560 ms - 16410[0m
[0mGET /styles/basic-preview/3/1/6.png [32m200[0m 63.781 ms - 7229[0m
[0mGET /styles/basic-preview/3/1/7.png [32m200[0m 92.928 ms - 2552[0m
[0mGET /styles/basic-preview/3/1/0.png [32m200[0m 96.193 ms - 3870[0m
[0mGET /styles/basic-preview/3/1/1.png [32m200[0m 90.532 ms - 14718[0m
[0mGET /styles/basic-preview/3/3/3.png [32m200[0m 145.724 ms - 15681[0m
[0mGET /styles/basic-preview/3/3/2.png [32m200[0m 198.379 ms - 10726[0m
[0mGET /styles/basic-preview/3/0/4.png [32m200[0m 20.707 ms - 1883[0m
[0mGET /styles/basic-preview/3/2/6.png [32m200[0m 51.954 ms - 11799[0m
[0mGET /styles/basic-preview/3/3/6.png [32m200[0m 99.214 ms - 6504[0m
[0mGET /styles/basic-preview/3/3/7.png [32m200[0m 80.209 ms - 4234[0m
[0mGET /styles/basic-preview/3/2/7.png [32m200[0m 81.577 ms - 6795[0m
[0mGET /styles/basic-preview/3/0/5.png [32m200[0m 100.742 ms - 1848[0m
[0mGET /styles/basic-preview/3/0/0.png [32m200[0m 77.433 ms - 1833[0m
[0mGET /styles/basic-preview/3/0/3.png [32m200[0m 86.407 ms - 2067[0m
[0mGET /styles/basic-preview/3/0/2.png [32m200[0m 94.176 ms - 8841[0m
[0mGET /styles/basic-preview/3/3/0.png [32m200[0m 179.093 ms - 9533[0m
[0mGET /styles/basic-preview/3/3/1.png [32m200[0m 113.051 ms - 10639[0m
[0mGET /styles/basic-preview/3/0/6.png [32m200[0m 30.033 ms - 6051[0m
[0mGET /styles/basic-preview/3/0/1.png [32m200[0m 78.237 ms - 4027[0m
[0mGET /styles/basic-preview/2/3/3.png [32m200[0m 120.638 ms - 4562[0m
[0mGET /styles/basic-preview/2/3/2.png [32m200[0m 145.450 ms - 10198[0m
[0mGET /styles/basic-preview/2/2/3.png [32m200[0m 145.283 ms - 3797[0m
[0mGET /styles/basic-preview/2/2/2.png [32m200[0m 145.859 ms - 11054[0m
[0mGET /styles/basic-preview/2/2/1.png [32m200[0m 155.273 ms - 38032[0m
[0mGET /styles/basic-preview/2/2/0.png [32m200[0m 157.709 ms - 6272[0m
[0mGET /styles/basic-preview/2/3/0.png [32m200[0m 44.370 ms - 4414[0m
[0mGET /styles/basic-preview/2/3/1.png [32m200[0m 48.695 ms - 17820[0m
[0mGET /styles/basic-preview/3/0/7.png [32m200[0m 17.681 ms - 6337[0m
[0mGET /styles/basic-preview/3/2/0.png [32m200[0m 43.808 ms - 13185[0m
[0mGET /styles/basic-preview/3/2/1.png [32m200[0m 45.080 ms - 16844[0m
[0mGET /styles/basic-preview/4/5/10.png [32m200[0m 21.825 ms - 5977[0m
[0mGET /styles/basic-preview/4/7/8.png [32m200[0m 47.306 ms - 1848[0m
[0mGET /styles/basic-preview/4/7/7.png [32m200[0m 71.945 ms - 20390[0m
[0mGET /styles/basic-preview/5/6/15.png [32m200[0m 25.627 ms - 2099[0m
[0mGET /styles/basic-preview/5/6/16.png [32m200[0m 27.092 ms - 1833[0m
[0mGET /styles/basic-preview/5/6/18.png [32m200[0m 54.595 ms - 2434[0m
[0mGET /styles/basic-preview/5/6/17.png [32m200[0m 69.594 ms - 1833[0m
[0mGET /styles/basic-preview/4/1/8.png [32m200[0m 76.455 ms - 1925[0m
[0mGET /styles/basic-preview/4/1/9.png [32m200[0m 96.187 ms - 1833[0m
[0mGET /styles/basic-preview/4/1/6.png [32m200[0m 98.953 ms - 1833[0m
[0mGET /styles/basic-preview/4/1/7.png [32m200[0m 99.235 ms - 2703[0m
[0mGET /styles/basic-preview/6/19/31.png [36m304[0m 1.866 ms - -[0m
[0mGET /styles/basic-preview/6/19/29.png [36m304[0m 2.800 ms - -[0m
[0mGET /styles/basic-preview/6/19/30.png [36m304[0m 3.370 ms - -[0m
[0mGET /styles/basic-preview/6/18/31.png [36m304[0m 4.319 ms - -[0m
[0mGET /styles/basic-preview/6/18/29.png [36m304[0m 2.105 ms - -[0m
[0mGET /styles/basic-preview/6/18/30.png [36m304[0m 1.189 ms - -[0m
[0mGET /styles/basic-preview/7/40/62.png [32m200[0m 61.220 ms - 8953[0m
[0mGET /styles/basic-preview/7/40/61.png [32m200[0m 67.073 ms - 18830[0m
[0mGET /styles/basic-preview/8/76/125.png [32m200[0m 47.714 ms - 6176[0m
[0mGET /styles/basic-preview/8/76/124.png [32m200[0m 65.682 ms - 21863[0m
[0mGET /styles/basic-preview/8/77/124.png [32m200[0m 80.088 ms - 9109[0m
[0mGET /styles/basic-preview/8/75/124.png [32m200[0m 105.144 ms - 31210[0m
[0mGET /styles/basic-preview/8/75/125.png [32m200[0m 99.642 ms - 30149[0m
[0mGET /styles/basic-preview/8/75/123.png [32m200[0m 89.403 ms - 20456[0m
[0mGET /styles/basic-preview/8/74/125.png [32m200[0m 12.234 ms - 21465[0m
[0mGET /styles/basic-preview/8/77/125.png [32m200[0m 97.468 ms - 19241[0m
[0mGET /styles/basic-preview/8/76/126.png [32m200[0m 90.879 ms - 27401[0m
[0mGET /styles/basic-preview/8/77/123.png [32m200[0m 99.158 ms - 5933[0m
[0mGET /styles/basic-preview/8/75/126.png [32m200[0m 89.020 ms - 22676[0m
[0mGET /styles/basic-preview/8/74/124.png [32m200[0m 88.826 ms - 32378[0m
[0mGET /styles/basic-preview/8/74/123.png [32m200[0m 17.249 ms - 19475[0m
[0mGET /styles/basic-preview/8/77/126.png [32m200[0m 73.217 ms - 25404[0m
[0mGET /styles/basic-preview/8/74/126.png [32m200[0m 89.803 ms - 20892[0m
[0mGET /styles/basic-preview/8/75/122.png [32m200[0m 149.863 ms - 20167[0m
[0mGET /styles/basic-preview/9/152/250.png [32m200[0m 81.453 ms - 7060[0m
[0mGET /styles/basic-preview/9/152/249.png [32m200[0m 82.727 ms - 15449[0m
[0mGET /styles/basic-preview/9/151/250.png [32m200[0m 89.004 ms - 14155[0m
[0mGET /styles/basic-preview/9/152/248.png [32m200[0m 115.577 ms - 22984[0m
[0mGET /styles/basic-preview/9/151/249.png [32m200[0m 168.563 ms - 28497[0m
[0mGET /styles/basic-preview/9/152/251.png [32m200[0m 116.640 ms - 5158[0m
[0mGET /styles/basic-preview/9/151/251.png [32m200[0m 113.717 ms - 13025[0m
[0mGET /styles/basic-preview/9/151/248.png [32m200[0m 123.561 ms - 25289[0m
[0mGET /styles/basic-preview/9/153/249.png [32m200[0m 82.760 ms - 19603[0m
[0mGET /styles/basic-preview/9/153/250.png [32m200[0m 114.149 ms - 3700[0m
[0mGET /styles/basic-preview/9/150/250.png [32m200[0m 102.637 ms - 38673[0m
[0mGET /styles/basic-preview/9/150/248.png [32m200[0m 108.997 ms - 17415[0m
[0mGET /styles/basic-preview/9/153/248.png [32m200[0m 111.799 ms - 15359[0m
[0mGET /styles/basic-preview/9/150/249.png [32m200[0m 123.974 ms - 31706[0m
[0mGET /styles/basic-preview/9/153/251.png [32m200[0m 38.249 ms - 11338[0m
[0mGET /styles/basic-preview/9/150/251.png [32m200[0m 79.686 ms - 22415[0m
[0mGET /styles/basic-preview/9/152/247.png [32m200[0m 87.327 ms - 27107[0m
[0mGET /styles/basic-preview/9/149/249.png [32m200[0m 56.052 ms - 22256[0m
[0mGET /styles/basic-preview/9/149/248.png [32m200[0m 68.437 ms - 17114[0m
[0mGET /styles/basic-preview/9/149/250.png [32m200[0m 56.298 ms - 16838[0m
[0mGET /styles/basic-preview/9/150/247.png [32m200[0m 48.278 ms - 14515[0m
[0mGET /styles/basic-preview/9/151/247.png [32m200[0m 61.398 ms - 23260[0m
[0mGET /styles/basic-preview/9/149/247.png [32m200[0m 50.215 ms - 17466[0m
[0mGET /styles/basic-preview/10/302/499.png [32m200[0m 96.160 ms - 35479[0m
[0mGET /styles/basic-preview/10/302/498.png [32m200[0m 128.900 ms - 38655[0m
[0mGET /styles/basic-preview/10/302/497.png [32m200[0m 131.232 ms - 40376[0m
[0mGET /styles/basic-preview/10/301/497.png [32m200[0m 133.146 ms - 35356[0m
[0mGET /styles/basic-preview/10/301/499.png [32m200[0m 169.249 ms - 42019[0m
[0mGET /styles/basic-preview/10/301/498.png [32m200[0m 170.584 ms - 57921[0m
[0mGET /styles/basic-preview/10/301/500.png [32m200[0m 49.023 ms - 35795[0m
[0mGET /styles/basic-preview/10/300/497.png [32m200[0m 105.129 ms - 25064[0m
[0mGET /styles/basic-preview/10/302/500.png [32m200[0m 102.956 ms - 26194[0m
[0mGET /styles/basic-preview/10/303/498.png [32m200[0m 107.168 ms - 33249[0m
[0mGET /styles/basic-preview/10/303/499.png [32m200[0m 115.424 ms - 19943[0m
[0mGET /styles/basic-preview/10/300/499.png [32m200[0m 211.892 ms - 30352[0m
[0mGET /styles/basic-preview/10/300/498.png [32m200[0m 215.835 ms - 40214[0m
[0mGET /styles/basic-preview/10/300/500.png [32m200[0m 66.853 ms - 28701[0m
[0mGET /styles/basic-preview/10/303/500.png [32m200[0m 115.765 ms - 16932[0m
[0mGET /styles/basic-preview/11/603/998.png [32m200[0m 73.842 ms - 24955[0m
[0mGET /styles/basic-preview/10/303/497.png [32m200[0m 151.993 ms - 32457[0m
[0mGET /styles/basic-preview/11/603/997.png [32m200[0m 122.734 ms - 33933[0m
[0mGET /styles/basic-preview/11/602/997.png [32m200[0m 129.559 ms - 54208[0m
[0mGET /styles/basic-preview/11/603/996.png [32m200[0m 153.156 ms - 34535[0m
[0mGET /styles/basic-preview/11/604/997.png [32m200[0m 64.946 ms - 28867[0m
[0mGET /styles/basic-preview/11/602/998.png [32m200[0m 97.204 ms - 35388[0m
[0mGET /styles/basic-preview/11/604/998.png [32m200[0m 88.091 ms - 32792[0m
[0mGET /styles/basic-preview/11/602/996.png [32m200[0m 135.714 ms - 40573[0m
[0mGET /styles/basic-preview/11/604/996.png [32m200[0m 82.028 ms - 36894[0m
[0mGET /styles/basic-preview/11/603/999.png [32m200[0m 108.075 ms - 23821[0m
[0mGET /styles/basic-preview/11/602/999.png [32m200[0m 114.392 ms - 29711[0m
[0mGET /styles/basic-preview/11/601/997.png [32m200[0m 111.863 ms - 37092[0m
[0mGET /styles/basic-preview/11/604/999.png [32m200[0m 20.672 ms - 16315[0m
[0mGET /styles/basic-preview/11/601/998.png [32m200[0m 87.479 ms - 25648[0m
[0mGET /styles/basic-preview/11/601/999.png [32m200[0m 110.692 ms - 14860[0m
[0mGET /styles/basic-preview/11/601/995.png [32m200[0m 109.160 ms - 14908[0m
[0mGET /styles/basic-preview/11/601/996.png [32m200[0m 132.851 ms - 23825[0m
[0mGET /styles/basic-preview/11/602/995.png [32m200[0m 113.848 ms - 29485[0m
[0mGET /styles/basic-preview/11/603/995.png [32m200[0m 131.138 ms - 35217[0m
[0mGET /styles/basic-preview/11/604/995.png [32m200[0m 105.304 ms - 36636[0m
[0mGET /styles/basic-preview/12/1204/1993.png [32m200[0m 114.571 ms - 29712[0m
[0mGET /styles/basic-preview/12/1205/1993.png [32m200[0m 143.833 ms - 29531[0m
[0mGET /styles/basic-preview/12/1206/1993.png [32m200[0m 111.397 ms - 34255[0m
[0mGET /styles/basic-preview/12/1205/1994.png [32m200[0m 176.342 ms - 49281[0m
[0mGET /styles/basic-preview/12/1205/1995.png [32m200[0m 177.115 ms - 45201[0m
[0mGET /styles/basic-preview/12/1204/1994.png [32m200[0m 205.383 ms - 48339[0m
[0mGET /styles/basic-preview/12/1206/1992.png [32m200[0m 49.007 ms - 27203[0m
[0mGET /styles/basic-preview/12/1204/1992.png [32m200[0m 49.658 ms - 25567[0m
[0mGET /styles/basic-preview/12/1206/1994.png [32m200[0m 126.345 ms - 30143[0m
[0mGET /styles/basic-preview/12/1205/1992.png [32m200[0m 138.623 ms - 41184[0m
[0mGET /styles/basic-preview/12/1203/1993.png [32m200[0m 106.562 ms - 25308[0m
[0mGET /styles/basic-preview/12/1203/1994.png [32m200[0m 129.123 ms - 24613[0m
[0mGET /styles/basic-preview/12/1206/1995.png [32m200[0m 133.911 ms - 29232[0m
[0mGET /styles/basic-preview/12/1203/1992.png [32m200[0m 130.569 ms - 26540[0m
[0mGET /styles/basic-preview/12/1203/1995.png [32m200[0m 131.833 ms - 43958[0m
[0mGET /styles/basic-preview/12/1204/1995.png [32m200[0m 270.232 ms - 54850[0m
[0mGET /styles/basic-preview/13/2410/3987.png [32m200[0m 142.224 ms - 24674[0m
[0mGET /styles/basic-preview/13/2409/3988.png [32m200[0m 175.071 ms - 37449[0m
[0mGET /styles/basic-preview/13/2410/3988.png [32m200[0m 217.844 ms - 35176[0m
[0mGET /styles/basic-preview/13/2410/3989.png [32m200[0m 206.777 ms - 45362[0m
[0mGET /styles/basic-preview/13/2409/3989.png [32m200[0m 215.807 ms - 39131[0m
[0mGET /styles/basic-preview/13/2411/3988.png [32m200[0m 237.205 ms - 30338[0m
[0mGET /styles/basic-preview/13/2409/3987.png [32m200[0m 150.299 ms - 19187[0m
[0mGET /styles/basic-preview/13/2411/3987.png [32m200[0m 144.920 ms - 30661[0m
[0mGET /styles/basic-preview/13/2410/3990.png [32m200[0m 187.742 ms - 39954[0m
[0mGET /styles/basic-preview/13/2411/3990.png [32m200[0m 142.733 ms - 24394[0m
[0mGET /styles/basic-preview/14/4820/7977.png [32m200[0m 132.698 ms - 48432[0m
[0mGET /styles/basic-preview/13/2411/3989.png [32m200[0m 381.757 ms - 27805[0m
[0mGET /styles/basic-preview/14/4820/7978.png [32m200[0m 155.794 ms - 57188[0m
[0mGET /styles/basic-preview/13/2409/3990.png [32m200[0m 308.229 ms - 38004[0m
[0mGET /styles/basic-preview/14/4821/7977.png [32m200[0m 175.932 ms - 52855[0m
[0mGET /styles/basic-preview/14/4821/7978.png [32m200[0m 167.350 ms - 53799[0m
[0mGET /styles/basic-preview/14/4820/7976.png [32m200[0m 23.506 ms - 53722[0m
[0mGET /styles/basic-preview/14/4819/7977.png [32m200[0m 114.714 ms - 52846[0m
[0mGET /styles/basic-preview/14/4820/7979.png [32m200[0m 177.294 ms - 57784[0m
[0mGET /styles/basic-preview/14/4821/7979.png [32m200[0m 183.975 ms - 54792[0m
[0mGET /styles/basic-preview/14/4821/7976.png [32m200[0m 172.905 ms - 54295[0m
[0mGET /styles/basic-preview/14/4822/7977.png [32m200[0m 150.364 ms - 44525[0m
[0mGET /styles/basic-preview/14/4819/7978.png [32m200[0m 180.997 ms - 51851[0m
[0mGET /styles/basic-preview/14/4822/7978.png [32m200[0m 100.583 ms - 47846[0m
[0mGET /styles/basic-preview/14/4822/7979.png [32m200[0m 80.526 ms - 21288[0m
[0mGET /styles/basic-preview/14/4822/7976.png [32m200[0m 87.622 ms - 52699[0m
[0mGET /styles/basic-preview/14/4819/7979.png [32m200[0m 145.471 ms - 48156[0m
[0mGET /styles/basic-preview/14/4819/7976.png [32m200[0m 119.272 ms - 51841[0m
[0mGET /styles/basic-preview/14/4818/7979.png [32m200[0m 78.583 ms - 52294[0m
[0mGET /styles/basic-preview/14/4818/7976.png [32m200[0m 111.067 ms - 43989[0m
[0mGET /styles/basic-preview/14/4818/7978.png [32m200[0m 122.079 ms - 48998[0m
[0mGET /styles/basic-preview/14/4818/7977.png [32m200[0m 123.492 ms - 55929[0m
[0mGET /styles/basic-preview/14/4823/7979.png [32m200[0m 83.108 ms - 32789[0m
[0mGET /styles/basic-preview/14/4823/7977.png [32m200[0m 89.541 ms - 13877[0m
[0mGET /styles/basic-preview/14/4823/7976.png [32m200[0m 90.016 ms - 26792[0m
[0mGET /styles/basic-preview/14/4823/7978.png [32m200[0m 91.253 ms - 20995[0m
[0mGET /styles/basic-preview/14/4822/7975.png [32m200[0m 70.285 ms - 48044[0m
[0mGET /styles/basic-preview/14/4820/7975.png [32m200[0m 124.338 ms - 43734[0m
[0mGET /styles/basic-preview/14/4819/7975.png [32m200[0m 87.273 ms - 50030[0m
[0mGET /styles/basic-preview/14/4821/7975.png [32m200[0m 113.495 ms - 47588[0m
[0mGET /styles/basic-preview/14/4823/7975.png [32m200[0m 106.414 ms - 23698[0m
[0mGET /styles/basic-preview/14/4818/7975.png [32m200[0m 108.460 ms - 40123[0m
[0mGET /styles/basic-preview/13/2408/3987.png [32m200[0m 43.167 ms - 18310[0m
[0mGET /styles/basic-preview/13/2408/3988.png [32m200[0m 91.113 ms - 33337[0m
[0mGET /styles/basic-preview/13/2408/3989.png [32m200[0m 93.910 ms - 28700[0m
[0mGET /styles/basic-preview/14/4817/7977.png [32m200[0m 45.752 ms - 52003[0m
[0mGET /styles/basic-preview/14/4817/7976.png [32m200[0m 61.381 ms - 21482[0m
[0mGET /styles/basic-preview/14/4817/7978.png [32m200[0m 78.855 ms - 52106[0m
[0mGET /styles/basic-preview/14/4817/7979.png [32m200[0m 81.262 ms - 46157[0m
[0mGET /styles/basic-preview/13/2408/3990.png [32m200[0m 105.849 ms - 31736[0m
[0mGET /styles/basic-preview/12/1202/1995.png [32m200[0m 18.402 ms - 31926[0m
[0mGET /styles/basic-preview/12/1202/1992.png [32m200[0m 137.358 ms - 23817[0m
[0mGET /styles/basic-preview/12/1207/1994.png [32m200[0m 110.056 ms - 27491[0m
[0mGET /styles/basic-preview/12/1202/1993.png [32m200[0m 145.789 ms - 20232[0m
[0mGET /styles/basic-preview/12/1207/1995.png [32m200[0m 113.304 ms - 22639[0m
[0mGET /styles/basic-preview/12/1207/1993.png [32m200[0m 114.380 ms - 24745[0m
[0mGET /styles/basic-preview/12/1202/1994.png [32m200[0m 151.008 ms - 20454[0m
[0mGET /styles/basic-preview/12/1207/1992.png [32m200[0m 111.638 ms - 20232[0m
[0mGET /styles/basic-preview/12/1203/1996.png [32m200[0m 127.930 ms - 25399[0m
[0mGET /styles/basic-preview/12/1205/1996.png [32m200[0m 129.805 ms - 35339[0m
[0mGET /styles/basic-preview/12/1204/1996.png [32m200[0m 132.805 ms - 41071[0m
[0mGET /styles/basic-preview/12/1202/1996.png [32m200[0m 132.927 ms - 17092[0m
[0mGET /styles/basic-preview/12/1206/1996.png [32m200[0m 135.099 ms - 26562[0m
[0mGET /styles/basic-preview/12/1207/1996.png [32m200[0m 135.107 ms - 13555[0m
[0mGET /styles/basic-preview/11/600/995.png [32m200[0m 145.233 ms - 19094[0m
[0mGET /styles/basic-preview/11/600/998.png [32m200[0m 140.177 ms - 15656[0m
[0mGET /styles/basic-preview/11/600/996.png [32m200[0m 146.097 ms - 27019[0m
[0mGET /styles/basic-preview/11/600/997.png [32m200[0m 146.132 ms - 27945[0m
[0mGET /styles/basic-preview/10/301/496.png [32m200[0m 148.194 ms - 33017[0m
[0mGET /styles/basic-preview/10/302/496.png [32m200[0m 134.531 ms - 30970[0m
[0mGET /styles/basic-preview/10/300/496.png [32m200[0m 146.601 ms - 16210[0m
[0mGET /styles/basic-preview/10/299/497.png [32m200[0m 142.285 ms - 25919[0m
[0mGET /styles/basic-preview/10/299/498.png [32m200[0m 143.451 ms - 34801[0m
[0mGET /styles/basic-preview/10/299/499.png [32m200[0m 174.902 ms - 35343[0m
[0mGET /styles/basic-preview/10/299/496.png [32m200[0m 168.283 ms - 25217[0m
[0mGET /styles/basic-preview/8/74/122.png [32m200[0m 98.643 ms - 17010[0m
[0mGET /styles/basic-preview/8/73/124.png [32m200[0m 124.382 ms - 11170[0m
[0mGET /styles/basic-preview/8/73/123.png [32m200[0m 132.692 ms - 13259[0m
[0mGET /styles/basic-preview/8/76/122.png [32m200[0m 145.146 ms - 29931[0m
[0mGET /styles/basic-preview/8/73/125.png [32m200[0m 111.309 ms - 27059[0m
[0mGET /styles/basic-preview/8/73/122.png [32m200[0m 110.707 ms - 24431[0m
[0mGET /styles/basic-preview/7/35/62.png [32m200[0m 70.812 ms - 2246[0m
[0mGET /styles/basic-preview/7/35/63.png [32m200[0m 84.828 ms - 12201[0m
[0mGET /styles/basic-preview/7/35/61.png [32m200[0m 96.668 ms - 12854[0m
[0mGET /styles/basic-preview/8/74/121.png [32m200[0m 102.068 ms - 27346[0m
[0mGET /styles/basic-preview/5/10/14.png [36m304[0m 3.817 ms - -[0m
[0mGET /styles/basic-preview/5/10/15.png [36m304[0m 4.319 ms - -[0m
[0mGET /styles/basic-preview/7/35/60.png [32m200[0m 98.248 ms - 15547[0m
[0mGET /styles/basic-preview/8/75/121.png [32m200[0m 116.754 ms - 21301[0m
[0mGET /styles/basic-preview/5/10/16.png [36m304[0m 0.554 ms - -[0m
[0mGET /styles/basic-preview/5/10/17.png [36m304[0m 0.618 ms - -[0m
[0mGET /styles/basic-preview/6/20/33.png [32m200[0m 58.110 ms - 14795[0m
[0mGET /styles/basic-preview/6/17/34.png [32m200[0m 92.716 ms - 3811[0m
[0mGET /styles/basic-preview/6/21/33.png [32m200[0m 89.182 ms - 6033[0m
[0mGET /styles/basic-preview/6/17/33.png [32m200[0m 113.715 ms - 10922[0m
[0mGET /styles/basic-preview/6/21/34.png [32m200[0m 110.437 ms - 8203[0m
[0mGET /styles/basic-preview/4/4/8.png [36m304[0m 3.740 ms - -[0m
[0mGET /styles/basic-preview/6/20/34.png [32m200[0m 118.527 ms - 14749[0m
[0mGET /styles/basic-preview/6/16/34.png [32m200[0m 29.188 ms - 1833[0m
[0mGET /styles/basic-preview/6/16/33.png [32m200[0m 54.281 ms - 2225[0m
[0mGET /styles/basic-preview/4/4/9.png [36m304[0m 0.578 ms - -[0m
[0mGET /styles/basic-preview/4/5/8.png [36m304[0m 1.063 ms - -[0m
[0mGET /styles/basic-preview/4/5/9.png [36m304[0m 0.582 ms - -[0m
[0mGET /styles/basic-preview/3/4/6.png [32m200[0m 64.793 ms - 5592[0m
[0mGET /styles/basic-preview/3/4/7.png [32m200[0m 71.004 ms - 2476[0m
[0mGET /styles/basic-preview/3/4/5.png [32m200[0m 156.497 ms - 1841[0m
[0mGET /styles/basic-preview/3/4/4.png [32m200[0m 159.052 ms - 21937[0m
[0mGET /styles/basic-preview/3/4/3.png [32m200[0m 162.031 ms - 29543[0m
[0mGET /styles/basic-preview/3/4/2.png [32m200[0m 164.854 ms - 34057[0m
[0mGET /styles/basic-preview/3/5/6.png [32m200[0m 16.223 ms - 5532[0m
[0mGET /styles/basic-preview/3/5/7.png [32m200[0m 12.197 ms - 2404[0m
[0mGET /styles/basic-preview/3/5/2.png [32m200[0m 21.479 ms - 10881[0m
[0mGET /styles/basic-preview/3/5/3.png [32m200[0m 21.836 ms - 24938[0m
[0mGET /styles/basic-preview/3/5/4.png [32m200[0m 204.055 ms - 4053[0m
[0mGET /styles/basic-preview/3/4/0.png [32m200[0m 111.196 ms - 4797[0m
[0mGET /styles/basic-preview/3/4/1.png [32m200[0m 110.824 ms - 8994[0m
[0mGET /styles/basic-preview/3/5/5.png [32m200[0m 213.544 ms - 2523[0m
[0mGET /styles/basic-preview/3/6/7.png [32m200[0m 97.063 ms - 2523[0m
[0mGET /styles/basic-preview/3/7/7.png [32m200[0m 90.853 ms - 4155[0m
[0mGET /styles/basic-preview/3/6/6.png [32m200[0m 115.107 ms - 3400[0m
[0mGET /styles/basic-preview/3/7/6.png [32m200[0m 110.093 ms - 7340[0m
[0mGET /styles/basic-preview/3/7/5.png [32m200[0m 117.644 ms - 3246[0m
[0mGET /styles/basic-preview/3/6/5.png [32m200[0m 142.248 ms - 3513[0m
[0mGET /styles/basic-preview/2/3/0.png [36m304[0m 2.771 ms - -[0m
[0mGET /styles/basic-preview/2/3/1.png [36m304[0m 2.966 ms - -[0m
[0mGET /styles/basic-preview/4/3/10.png [36m304[0m 0.711 ms - -[0m
[0mGET /styles/basic-preview/4/2/8.png [36m304[0m 0.915 ms - -[0m
[0mGET /styles/basic-preview/4/2/9.png [36m304[0m 0.419 ms - -[0m
[0mGET /styles/basic-preview/4/2/10.png [36m304[0m 0.592 ms - -[0m
[0mGET /styles/basic-preview/4/6/6.png [36m304[0m 0.752 ms - -[0m
[0mGET /styles/basic-preview/4/6/7.png [36m304[0m 0.672 ms - -[0m
[0mGET /styles/basic-preview/4/6/8.png [36m304[0m 0.451 ms - -[0m
[0mGET /styles/basic-preview/4/6/9.png [36m304[0m 0.491 ms - -[0m
[0mGET /styles/basic-preview/4/6/5.png [36m304[0m 0.580 ms - -[0m
[0mGET /styles/basic-preview/4/6/10.png [36m304[0m 0.491 ms - -[0m
[0mGET /styles/basic-preview/4/7/5.png [36m304[0m 1.174 ms - -[0m
[0mGET /styles/basic-preview/4/7/6.png [36m304[0m 1.065 ms - -[0m
[0mGET /styles/basic-preview/4/7/7.png [36m304[0m 1.151 ms - -[0m
[0mGET /styles/basic-preview/4/7/8.png [36m304[0m 0.795 ms - -[0m
[0mGET /styles/basic-preview/4/7/9.png [36m304[0m 0.669 ms - -[0m
[0mGET /styles/basic-preview/4/7/10.png [36m304[0m 0.431 ms - -[0m
[0mGET /styles/basic-preview/4/1/6.png [36m304[0m 0.593 ms - -[0m
[0mGET /styles/basic-preview/4/1/7.png [36m304[0m 0.613 ms - -[0m
[0mGET /styles/basic-preview/5/9/14.png [36m304[0m 1.230 ms - -[0m
[0mGET /styles/basic-preview/5/9/15.png [36m304[0m 1.638 ms - -[0m
[0mGET /styles/basic-preview/5/8/14.png [36m304[0m 2.035 ms - -[0m
[0mGET /styles/basic-preview/5/8/15.png [36m304[0m 1.033 ms - -[0m
[0mGET /styles/basic-preview/5/9/13.png [36m304[0m 0.699 ms - -[0m
[0mGET /styles/basic-preview/5/8/13.png [36m304[0m 0.846 ms - -[0m
[0mGET /styles/basic-preview/4/1/5.png [32m200[0m 22.595 ms - 1833[0m
[0mGET /styles/basic-preview/5/10/15.png [36m304[0m 0.831 ms - -[0m
[0mGET /styles/basic-preview/5/11/15.png [36m304[0m 1.309 ms - -[0m
[0mGET /styles/basic-preview/4/1/8.png [36m304[0m 0.746 ms - -[0m
[0mGET /styles/basic-preview/4/1/9.png [36m304[0m 0.738 ms - -[0m
[0mGET /styles/basic-preview/6/18/31.png [36m304[0m 0.583 ms - -[0m
[0mGET /styles/basic-preview/6/19/31.png [36m304[0m 0.579 ms - -[0m
[0mGET /styles/basic-preview/6/19/29.png [36m304[0m 1.276 ms - -[0m
[0mGET /styles/basic-preview/6/19/30.png [36m304[0m 0.484 ms - -[0m
[0mGET /styles/basic-preview/6/18/29.png [36m304[0m 0.569 ms - -[0m
[0mGET /styles/basic-preview/6/18/30.png [36m304[0m 0.833 ms - -[0m
[0mGET /styles/basic-preview/6/19/32.png [36m304[0m 1.439 ms - -[0m
[0mGET /styles/basic-preview/6/18/32.png [36m304[0m 1.946 ms - -[0m
[0mGET /styles/basic-preview/6/20/31.png [36m304[0m 0.654 ms - -[0m
[0mGET /styles/basic-preview/6/17/31.png [36m304[0m 0.759 ms - -[0m
[0mGET /styles/basic-preview/6/20/29.png [36m304[0m 0.760 ms - -[0m
[0mGET /styles/basic-preview/6/20/30.png [36m304[0m 1.359 ms - -[0m
[0mGET /styles/basic-preview/6/17/29.png [36m304[0m 1.278 ms - -[0m
[0mGET /styles/basic-preview/6/17/30.png [36m304[0m 1.465 ms - -[0m
[0mGET /styles/basic-preview/6/20/32.png [36m304[0m 1.610 ms - -[0m
[0mGET /styles/basic-preview/6/17/32.png [36m304[0m 1.717 ms - -[0m
[0mGET /styles/basic-preview/6/21/31.png [36m304[0m 0.806 ms - -[0m
[0mGET /styles/basic-preview/6/21/29.png [36m304[0m 0.912 ms - -[0m
[0mGET /styles/basic-preview/6/21/30.png [36m304[0m 0.524 ms - -[0m
[0mGET /styles/basic-preview/6/16/29.png [36m304[0m 0.661 ms - -[0m
[0mGET /styles/basic-preview/6/16/30.png [36m304[0m 0.714 ms - -[0m
[0mGET /styles/basic-preview/6/21/32.png [36m304[0m 0.578 ms - -[0m
[0mGET /styles/basic-preview/7/38/61.png [36m304[0m 0.744 ms - -[0m
[0mGET /styles/basic-preview/7/38/62.png [36m304[0m 0.889 ms - -[0m
[0mGET /styles/basic-preview/7/37/61.png [36m304[0m 1.973 ms - -[0m
[0mGET /styles/basic-preview/7/37/62.png [36m304[0m 1.609 ms - -[0m
[0mGET /styles/basic-preview/7/38/60.png [36m304[0m 2.169 ms - -[0m
[0mGET /styles/basic-preview/7/37/60.png [36m304[0m 1.645 ms - -[0m
[0mGET /styles/basic-preview/7/38/63.png [36m304[0m 3.185 ms - -[0m
[0mGET /styles/basic-preview/7/37/63.png [36m304[0m 0.901 ms - -[0m
[0mGET /styles/basic-preview/7/39/61.png [36m304[0m 2.128 ms - -[0m
[0mGET /styles/basic-preview/7/39/62.png [36m304[0m 2.405 ms - -[0m
[0mGET /styles/basic-preview/7/36/61.png [36m304[0m 4.447 ms - -[0m
[0mGET /styles/basic-preview/7/36/62.png [36m304[0m 2.828 ms - -[0m
[0mGET /styles/basic-preview/7/39/60.png [36m304[0m 3.093 ms - -[0m
[0mGET /styles/basic-preview/7/36/60.png [36m304[0m 4.441 ms - -[0m
[0mGET /styles/basic-preview/7/39/63.png [36m304[0m 2.250 ms - -[0m
[0mGET /styles/basic-preview/7/36/63.png [36m304[0m 1.952 ms - -[0m
[0mGET /styles/basic-preview/7/40/61.png [36m304[0m 2.587 ms - -[0m
[0mGET /styles/basic-preview/7/40/62.png [36m304[0m 3.515 ms - -[0m
[0mGET /styles/basic-preview/7/35/61.png [36m304[0m 1.086 ms - -[0m
[0mGET /styles/basic-preview/7/35/62.png [36m304[0m 1.191 ms - -[0m
[0mGET /styles/basic-preview/7/35/60.png [36m304[0m 1.157 ms - -[0m
[0mGET /styles/basic-preview/7/35/63.png [36m304[0m 5.731 ms - -[0m
[0mGET /styles/basic-preview/7/40/63.png [32m200[0m 54.889 ms - 10192[0m
[0mGET /styles/basic-preview/7/40/60.png [32m200[0m 62.345 ms - 20902[0m
[0mGET /styles/basic-preview/8/75/123.png [36m304[0m 0.918 ms - -[0m
[0mGET /styles/basic-preview/8/75/124.png [36m304[0m 1.452 ms - -[0m
[0mGET /styles/basic-preview/8/76/123.png [36m304[0m 2.218 ms - -[0m
[0mGET /styles/basic-preview/8/76/124.png [36m304[0m 0.779 ms - -[0m
[0mGET /styles/basic-preview/8/75/125.png [36m304[0m 0.460 ms - -[0m
[0mGET /styles/basic-preview/8/76/125.png [36m304[0m 0.506 ms - -[0m
[0mGET /styles/basic-preview/8/75/122.png [36m304[0m 0.436 ms - -[0m
[0mGET /styles/basic-preview/8/74/123.png [36m304[0m 1.771 ms - -[0m
[0mGET /styles/basic-preview/8/74/124.png [36m304[0m 1.332 ms - -[0m
[0mGET /styles/basic-preview/8/76/122.png [36m304[0m 1.323 ms - -[0m
[0mGET /styles/basic-preview/8/74/125.png [36m304[0m 1.458 ms - -[0m
[0mGET /styles/basic-preview/8/74/122.png [36m304[0m 2.233 ms - -[0m
[0mGET /styles/basic-preview/8/77/123.png [36m304[0m 2.766 ms - -[0m
[0mGET /styles/basic-preview/8/77/124.png [36m304[0m 1.999 ms - -[0m
[0mGET /styles/basic-preview/8/77/125.png [36m304[0m 0.585 ms - -[0m
[0mGET /styles/basic-preview/8/73/123.png [36m304[0m 3.060 ms - -[0m
[0mGET /styles/basic-preview/8/73/124.png [36m304[0m 4.762 ms - -[0m
[0mGET /styles/basic-preview/8/77/122.png [32m200[0m 18.404 ms - 21324[0m
[0mGET /styles/basic-preview/8/73/125.png [36m304[0m 1.148 ms - -[0m
[0mGET /styles/basic-preview/8/73/122.png [36m304[0m 1.294 ms - -[0m
[0mGET /styles/basic-preview/9/151/248.png [36m304[0m 1.507 ms - -[0m
[0mGET /styles/basic-preview/9/151/249.png [36m304[0m 1.484 ms - -[0m
[0mGET /styles/basic-preview/9/151/247.png [36m304[0m 1.759 ms - -[0m
[0mGET /styles/basic-preview/9/150/248.png [36m304[0m 0.743 ms - -[0m
[0mGET /styles/basic-preview/9/150/249.png [36m304[0m 0.780 ms - -[0m
[0mGET /styles/basic-preview/9/150/247.png [36m304[0m 1.279 ms - -[0m
[0mGET /styles/basic-preview/9/152/248.png [36m304[0m 1.666 ms - -[0m
[0mGET /styles/basic-preview/9/152/249.png [36m304[0m 1.099 ms - -[0m
[0mGET /styles/basic-preview/9/151/250.png [36m304[0m 1.366 ms - -[0m
[0mGET /styles/basic-preview/9/152/247.png [36m304[0m 0.584 ms - -[0m
[0mGET /styles/basic-preview/9/150/250.png [36m304[0m 0.845 ms - -[0m
[0mGET /styles/basic-preview/9/152/250.png [36m304[0m 0.591 ms - -[0m
[0mGET /styles/basic-preview/9/149/248.png [36m304[0m 0.510 ms - -[0m
[0mGET /styles/basic-preview/9/149/249.png [36m304[0m 0.467 ms - -[0m
[0mGET /styles/basic-preview/9/149/247.png [36m304[0m 2.318 ms - -[0m
[0mGET /styles/basic-preview/9/152/246.png [32m200[0m 61.407 ms - 14943[0m
[0mGET /styles/basic-preview/9/149/250.png [36m304[0m 18.165 ms - -[0m
[0mGET /styles/basic-preview/9/153/248.png [36m304[0m 18.412 ms - -[0m
[0mGET /styles/basic-preview/9/153/249.png [36m304[0m 18.278 ms - -[0m
[0mGET /styles/basic-preview/9/151/246.png [32m200[0m 84.293 ms - 12777[0m
[0mGET /styles/basic-preview/9/153/250.png [36m304[0m 4.565 ms - -[0m
[0mGET /styles/basic-preview/9/150/246.png [32m200[0m 92.190 ms - 16890[0m
[0mGET /styles/basic-preview/9/153/247.png [32m200[0m 127.546 ms - 25986[0m
[0mGET /styles/basic-preview/9/148/248.png [32m200[0m 159.534 ms - 21233[0m
[0mGET /styles/basic-preview/9/149/246.png [32m200[0m 161.319 ms - 9296[0m
[0mGET /styles/basic-preview/9/148/249.png [32m200[0m 160.013 ms - 29457[0m
[0mGET /styles/basic-preview/9/148/250.png [32m200[0m 151.371 ms - 16884[0m
[0mGET /styles/basic-preview/9/148/247.png [32m200[0m 155.650 ms - 22977[0m
[0mGET /styles/basic-preview/10/301/497.png [36m304[0m 1.316 ms - -[0m
[0mGET /styles/basic-preview/10/301/498.png [36m304[0m 0.809 ms - -[0m
[0mGET /styles/basic-preview/10/301/499.png [36m304[0m 0.767 ms - -[0m
[0mGET /styles/basic-preview/10/300/497.png [36m304[0m 1.136 ms - -[0m
[0mGET /styles/basic-preview/10/300/498.png [36m304[0m 2.783 ms - -[0m
[0mGET /styles/basic-preview/10/302/497.png [36m304[0m 1.495 ms - -[0m
[0mGET /styles/basic-preview/10/302/498.png [36m304[0m 1.694 ms - -[0m
[0mGET /styles/basic-preview/10/302/499.png [36m304[0m 2.247 ms - -[0m
[0mGET /styles/basic-preview/10/300/499.png [36m304[0m 1.206 ms - -[0m
[0mGET /styles/basic-preview/10/301/496.png [36m304[0m 1.253 ms - -[0m
[0mGET /styles/basic-preview/10/301/500.png [36m304[0m 1.133 ms - -[0m
[0mGET /styles/basic-preview/10/300/496.png [36m304[0m 1.295 ms - -[0m
[0mGET /styles/basic-preview/10/302/496.png [36m304[0m 1.592 ms - -[0m
[0mGET /styles/basic-preview/10/299/497.png [36m304[0m 0.933 ms - -[0m
[0mGET /styles/basic-preview/10/299/498.png [36m304[0m 0.984 ms - -[0m
[0mGET /styles/basic-preview/10/299/499.png [36m304[0m 1.086 ms - -[0m
[0mGET /styles/basic-preview/10/303/497.png [36m304[0m 1.206 ms - -[0m
[0mGET /styles/basic-preview/10/303/498.png [36m304[0m 1.321 ms - -[0m
[0mGET /styles/basic-preview/10/303/499.png [36m304[0m 2.040 ms - -[0m
[0mGET /styles/basic-preview/10/299/496.png [36m304[0m 1.688 ms - -[0m
[0mGET /styles/basic-preview/10/303/496.png [32m200[0m 32.954 ms - 36569[0m
[0mGET /styles/basic-preview/11/602/996.png [36m304[0m 2.094 ms - -[0m
[0mGET /styles/basic-preview/11/602/997.png [36m304[0m 1.170 ms - -[0m
[0mGET /styles/basic-preview/11/602/998.png [36m304[0m 1.584 ms - -[0m
[0mGET /styles/basic-preview/11/603/996.png [36m304[0m 0.945 ms - -[0m
[0mGET /styles/basic-preview/11/603/997.png [36m304[0m 1.084 ms - -[0m
[0mGET /styles/basic-preview/11/601/996.png [36m304[0m 2.073 ms - -[0m
[0mGET /styles/basic-preview/11/601/997.png [36m304[0m 1.611 ms - -[0m
[0mGET /styles/basic-preview/11/603/998.png [36m304[0m 1.282 ms - -[0m
[0mGET /styles/basic-preview/11/602/995.png [36m304[0m 0.753 ms - -[0m
[0mGET /styles/basic-preview/11/601/998.png [36m304[0m 1.181 ms - -[0m
[0mGET /styles/basic-preview/11/603/995.png [36m304[0m 1.072 ms - -[0m
[0mGET /styles/basic-preview/11/601/995.png [36m304[0m 1.386 ms - -[0m
[0mGET /styles/basic-preview/11/602/999.png [36m304[0m 1.893 ms - -[0m
[0mGET /styles/basic-preview/11/604/996.png [36m304[0m 1.333 ms - -[0m
[0mGET /styles/basic-preview/11/604/997.png [36m304[0m 1.891 ms - -[0m
[0mGET /styles/basic-preview/11/603/999.png [36m304[0m 1.936 ms - -[0m
[0mGET /styles/basic-preview/11/604/998.png [36m304[0m 1.940 ms - -[0m
[0mGET /styles/basic-preview/11/600/996.png [36m304[0m 1.983 ms - -[0m
[0mGET /styles/basic-preview/11/600/997.png [36m304[0m 1.365 ms - -[0m
[0mGET /styles/basic-preview/11/601/999.png [36m304[0m 1.568 ms - -[0m
[0mGET /styles/basic-preview/11/604/995.png [36m304[0m 1.838 ms - -[0m
[0mGET /styles/basic-preview/11/600/998.png [36m304[0m 3.474 ms - -[0m
[0mGET /styles/basic-preview/11/600/995.png [36m304[0m 3.184 ms - -[0m
[0mGET /styles/basic-preview/11/604/999.png [36m304[0m 2.262 ms - -[0m
[0mGET /styles/basic-preview/11/605/998.png [32m200[0m 70.105 ms - 18515[0m
[0mGET /styles/basic-preview/11/605/996.png [32m200[0m 123.540 ms - 18806[0m
[0mGET /styles/basic-preview/11/605/997.png [32m200[0m 120.884 ms - 16377[0m
[0mGET /styles/basic-preview/11/605/995.png [32m200[0m 121.162 ms - 24600[0m
[0mGET /styles/basic-preview/11/605/999.png [32m200[0m 121.399 ms - 19391[0m
[0mGET /styles/basic-preview/11/600/999.png [32m200[0m 131.475 ms - 20504[0m
[0mGET /styles/basic-preview/12/1204/1994.png [36m304[0m 1.235 ms - -[0m
[0mGET /styles/basic-preview/12/1204/1995.png [36m304[0m 2.218 ms - -[0m
[0mGET /styles/basic-preview/12/1205/1994.png [36m304[0m 1.346 ms - -[0m
[0mGET /styles/basic-preview/12/1205/1995.png [36m304[0m 1.091 ms - -[0m
[0mGET /styles/basic-preview/12/1204/1993.png [36m304[0m 2.852 ms - -[0m
[0mGET /styles/basic-preview/12/1205/1993.png [36m304[0m 2.784 ms - -[0m
[0mGET /styles/basic-preview/12/1204/1996.png [36m304[0m 2.722 ms - -[0m
[0mGET /styles/basic-preview/12/1205/1996.png [36m304[0m 0.745 ms - -[0m
[0mGET /styles/basic-preview/12/1203/1994.png [36m304[0m 0.779 ms - -[0m
[0mGET /styles/basic-preview/12/1203/1995.png [36m304[0m 1.251 ms - -[0m
[0mGET /styles/basic-preview/12/1206/1994.png [36m304[0m 3.080 ms - -[0m
[0mGET /styles/basic-preview/12/1206/1995.png [36m304[0m 2.307 ms - -[0m
[0mGET /styles/basic-preview/12/1203/1993.png [36m304[0m 1.787 ms - -[0m
[0mGET /styles/basic-preview/12/1206/1993.png [36m304[0m 1.707 ms - -[0m
[0mGET /styles/basic-preview/12/1204/1992.png [36m304[0m 1.059 ms - -[0m
[0mGET /styles/basic-preview/12/1205/1992.png [36m304[0m 1.004 ms - -[0m
[0mGET /styles/basic-preview/12/1203/1996.png [36m304[0m 0.728 ms - -[0m
[0mGET /styles/basic-preview/12/1206/1996.png [36m304[0m 1.534 ms - -[0m
[0mGET /styles/basic-preview/12/1202/1994.png [36m304[0m 1.048 ms - -[0m
[0mGET /styles/basic-preview/12/1202/1995.png [36m304[0m 1.026 ms - -[0m
[0mGET /styles/basic-preview/12/1202/1993.png [36m304[0m 1.198 ms - -[0m
[0mGET /styles/basic-preview/12/1207/1994.png [36m304[0m 1.165 ms - -[0m
[0mGET /styles/basic-preview/12/1207/1995.png [36m304[0m 2.179 ms - -[0m
[0mGET /styles/basic-preview/12/1207/1993.png [36m304[0m 2.539 ms - -[0m
[0mGET /styles/basic-preview/12/1202/1996.png [36m304[0m 2.960 ms - -[0m
[0mGET /styles/basic-preview/12/1207/1996.png [36m304[0m 0.884 ms - -[0m
[0mGET /styles/basic-preview/13/2409/3989.png [36m304[0m 1.159 ms - -[0m
[0mGET /styles/basic-preview/13/2409/3990.png [36m304[0m 1.586 ms - -[0m
[0mGET /styles/basic-preview/13/2410/3989.png [36m304[0m 1.968 ms - -[0m
[0mGET /styles/basic-preview/13/2410/3990.png [36m304[0m 1.175 ms - -[0m
[0mGET /styles/basic-preview/13/2408/3989.png [36m304[0m 5.087 ms - -[0m
[0mGET /styles/basic-preview/13/2408/3990.png [36m304[0m 4.928 ms - -[0m
[0mGET /styles/basic-preview/13/2409/3988.png [36m304[0m 2.121 ms - -[0m
[0mGET /styles/basic-preview/13/2410/3988.png [36m304[0m 2.597 ms - -[0m
[0mGET /styles/basic-preview/13/2408/3988.png [36m304[0m 2.128 ms - -[0m
[0mGET /styles/basic-preview/13/2411/3989.png [36m304[0m 4.036 ms - -[0m
[0mGET /styles/basic-preview/13/2411/3990.png [36m304[0m 5.119 ms - -[0m
[0mGET /styles/basic-preview/13/2411/3988.png [36m304[0m 0.519 ms - -[0m
[0mGET /styles/basic-preview/13/2410/3991.png [32m200[0m 134.632 ms - 36713[0m
[0mGET /styles/basic-preview/13/2411/3991.png [32m200[0m 143.198 ms - 19676[0m
[0mGET /styles/basic-preview/13/2410/3992.png [32m200[0m 160.257 ms - 21613[0m
[0mGET /styles/basic-preview/13/2409/3992.png [32m200[0m 197.997 ms - 33730[0m
[0mGET /styles/basic-preview/13/2409/3991.png [32m200[0m 248.666 ms - 40794[0m
[0mGET /styles/basic-preview/13/2407/3989.png [32m200[0m 115.781 ms - 6428[0m
[0mGET /styles/basic-preview/13/2408/3991.png [32m200[0m 233.305 ms - 38041[0m
[0mGET /styles/basic-preview/13/2411/3992.png [32m200[0m 8.319 ms - 15240[0m
[0mGET /styles/basic-preview/13/2412/3989.png [32m200[0m 58.441 ms - 24585[0m
[0mGET /styles/basic-preview/13/2407/3988.png [32m200[0m 73.404 ms - 20542[0m
[0mGET /styles/basic-preview/13/2412/3990.png [32m200[0m 72.859 ms - 16912[0m
[0mGET /styles/basic-preview/13/2407/3990.png [32m200[0m 152.331 ms - 32650[0m
[0mGET /styles/basic-preview/13/2408/3992.png [32m200[0m 115.088 ms - 23006[0m
[0mGET /styles/basic-preview/13/2407/3991.png [32m200[0m 111.307 ms - 44936[0m
[0mGET /styles/basic-preview/13/2412/3991.png [32m200[0m 72.072 ms - 22949[0m
[0mGET /styles/basic-preview/13/2412/3988.png [32m200[0m 61.244 ms - 22315[0m
[0mGET /styles/basic-preview/14/4819/7979.png [36m304[0m 2.603 ms - -[0m
[0mGET /styles/basic-preview/14/4818/7980.png [32m200[0m 127.008 ms - 49204[0m
[0mGET /styles/basic-preview/14/4820/7979.png [36m304[0m 29.618 ms - -[0m
[0mGET /styles/basic-preview/14/4819/7981.png [32m200[0m 165.281 ms - 49028[0m
[0mGET /styles/basic-preview/14/4820/7981.png [32m200[0m 162.991 ms - 55337[0m
[0mGET /styles/basic-preview/14/4819/7980.png [32m200[0m 166.225 ms - 49002[0m
[0mGET /styles/basic-preview/14/4818/7979.png [36m304[0m 2.847 ms - -[0m
[0mGET /styles/basic-preview/14/4819/7978.png [36m304[0m 1.002 ms - -[0m
[0mGET /styles/basic-preview/14/4820/7980.png [32m200[0m 180.123 ms - 56869[0m
[0mGET /styles/basic-preview/14/4818/7981.png [32m200[0m 173.869 ms - 58821[0m
[0mGET /styles/basic-preview/14/4820/7978.png [36m304[0m 1.043 ms - -[0m
[0mGET /styles/basic-preview/14/4821/7980.png [32m200[0m 19.555 ms - 51075[0m
[0mGET /styles/basic-preview/14/4818/7978.png [36m304[0m 2.334 ms - -[0m
[0mGET /styles/basic-preview/14/4820/7982.png [32m200[0m 139.308 ms - 56801[0m
[0mGET /styles/basic-preview/14/4821/7979.png [36m304[0m 1.052 ms - -[0m
[0mGET /styles/basic-preview/14/4817/7979.png [36m304[0m 14.353 ms - -[0m
[0mGET /styles/basic-preview/14/4821/7981.png [32m200[0m 133.486 ms - 38798[0m
[0mGET /styles/basic-preview/14/4818/7982.png [32m200[0m 158.270 ms - 60872[0m
[0mGET /styles/basic-preview/14/4819/7982.png [32m200[0m 159.230 ms - 60424[0m
[0mGET /styles/basic-preview/14/4817/7980.png [32m200[0m 135.729 ms - 55713[0m
[0mGET /styles/basic-preview/14/4817/7981.png [32m200[0m 142.057 ms - 53978[0m
[0mGET /styles/basic-preview/14/4821/7982.png [32m200[0m 65.434 ms - 31707[0m
[0mGET /styles/basic-preview/14/4817/7982.png [32m200[0m 71.141 ms - 58752[0m
[0mGET /styles/basic-preview/11/599/997.png [32m200[0m 66.778 ms - 15940[0m
[0mGET /styles/basic-preview/11/599/995.png [32m200[0m 98.375 ms - 17510[0m
[0mGET /styles/basic-preview/11/599/996.png [32m200[0m 106.032 ms - 19654[0m
[0mGET /styles/basic-preview/11/599/998.png [32m200[0m 102.407 ms - 20309[0m
[0mGET /styles/basic-preview/10/298/498.png [32m200[0m 81.100 ms - 28054[0m
[0mGET /styles/basic-preview/10/298/497.png [32m200[0m 113.734 ms - 27260[0m
[0mGET /styles/basic-preview/10/298/496.png [32m200[0m 104.591 ms - 24833[0m
[0mGET /styles/basic-preview/10/298/499.png [32m200[0m 120.636 ms - 28481[0m
[0mGET /styles/basic-preview/10/300/500.png [36m304[0m 0.823 ms - -[0m
[0mGET /styles/basic-preview/10/299/500.png [32m200[0m 36.004 ms - 23781[0m
[0mGET /styles/basic-preview/8/72/122.png [32m200[0m 47.361 ms - 17743[0m
[0mGET /styles/basic-preview/8/72/123.png [32m200[0m 61.769 ms - 6821[0m
[0mGET /styles/basic-preview/8/72/124.png [32m200[0m 50.983 ms - 6194[0m
[0mGET /styles/basic-preview/8/72/125.png [32m200[0m 23.809 ms - 7459[0m
[0mGET /styles/basic-preview/7/34/60.png [32m200[0m 17.350 ms - 20981[0m
[0mGET /styles/basic-preview/7/34/62.png [32m200[0m 37.071 ms - 2388[0m
[0mGET /styles/basic-preview/7/34/61.png [32m200[0m 51.736 ms - 7495[0m
[0mGET /styles/basic-preview/7/37/59.png [32m200[0m 82.466 ms - 6679[0m
[0mGET /styles/basic-preview/6/16/31.png [36m304[0m 3.849 ms - -[0m
[0mGET /styles/basic-preview/4/5/8.png [36m304[0m 5.027 ms - -[0m
[0mGET /styles/basic-preview/4/5/9.png [36m304[0m 4.713 ms - -[0m
[0mGET /styles/basic-preview/7/36/59.png [32m200[0m 92.952 ms - 1833[0m
[0mGET /styles/basic-preview/7/35/59.png [32m200[0m 89.121 ms - 3916[0m
[0mGET /styles/basic-preview/5/9/16.png [36m304[0m 0.958 ms - -[0m
[0mGET /styles/basic-preview/5/9/17.png [36m304[0m 1.272 ms - -[0m
[0mGET /styles/basic-preview/5/10/14.png [36m304[0m 0.866 ms - -[0m
[0mGET /styles/basic-preview/6/18/28.png [36m304[0m 0.798 ms - -[0m
[0mGET /styles/basic-preview/6/17/28.png [36m304[0m 0.498 ms - -[0m
[0mGET /styles/basic-preview/6/19/28.png [36m304[0m 0.583 ms - -[0m
[0mGET /styles/basic-preview/6/16/28.png [36m304[0m 0.955 ms - -[0m
[0mGET /styles/basic-preview/6/16/32.png [36m304[0m 0.920 ms - -[0m
[0mGET /styles/basic-preview/6/20/28.png [36m304[0m 1.048 ms - -[0m
[0mGET /styles/basic-preview/5/8/16.png [36m304[0m 0.612 ms - -[0m
[0mGET /styles/basic-preview/5/8/17.png [36m304[0m 0.959 ms - -[0m
[0mGET /styles/basic-preview/5/10/13.png [36m304[0m 0.933 ms - -[0m
[0mGET /styles/basic-preview/5/7/14.png [36m304[0m 1.063 ms - -[0m
[0mGET /styles/basic-preview/5/7/15.png [36m304[0m 1.189 ms - -[0m
[0mGET /styles/basic-preview/5/10/16.png [36m304[0m 0.678 ms - -[0m
[0mGET /styles/basic-preview/6/15/30.png [32m200[0m 47.381 ms - 1833[0m
[0mGET /styles/basic-preview/6/15/31.png [32m200[0m 65.738 ms - 3347[0m
[0mGET /styles/basic-preview/5/10/17.png [36m304[0m 0.757 ms - -[0m
[0mGET /styles/basic-preview/6/15/29.png [32m200[0m 71.797 ms - 17122[0m
[0mGET /styles/basic-preview/5/7/13.png [36m304[0m 1.341 ms - -[0m
[0mGET /styles/basic-preview/5/7/16.png [36m304[0m 1.148 ms - -[0m
[0mGET /styles/basic-preview/5/7/17.png [36m304[0m 1.251 ms - -[0m
[0mGET /styles/basic-preview/6/21/28.png [36m304[0m 0.810 ms - -[0m
[0mGET /styles/basic-preview/4/4/8.png [36m304[0m 0.913 ms - -[0m
[0mGET /styles/basic-preview/4/4/9.png [36m304[0m 1.737 ms - -[0m
[0mGET /styles/basic-preview/5/6/13.png [36m304[0m 1.161 ms - -[0m
[0mGET /styles/basic-preview/5/6/14.png [36m304[0m 1.219 ms - -[0m
[0mGET /styles/basic-preview/5/11/13.png [36m304[0m 0.816 ms - -[0m
[0mGET /styles/basic-preview/5/11/14.png [36m304[0m 0.458 ms - -[0m
[0mGET /styles/basic-preview/5/6/15.png [36m304[0m 0.718 ms - -[0m
[0mGET /styles/basic-preview/5/6/16.png [36m304[0m 1.243 ms - -[0m
[0mGET /styles/basic-preview/5/6/17.png [36m304[0m 0.674 ms - -[0m
[0mGET /styles/basic-preview/5/11/16.png [36m304[0m 0.552 ms - -[0m
[0mGET /styles/basic-preview/5/11/17.png [36m304[0m 0.894 ms - -[0m
[0mGET /styles/basic-preview/4/2/5.png [36m304[0m 0.874 ms - -[0m
[0mGET /styles/basic-preview/4/2/6.png [36m304[0m 0.957 ms - -[0m
[0mGET /styles/basic-preview/4/2/7.png [36m304[0m 0.997 ms - -[0m
[0mGET /styles/basic-preview/4/3/6.png [36m304[0m 1.050 ms - -[0m
[0mGET /styles/basic-preview/4/3/7.png [36m304[0m 0.784 ms - -[0m
[0mGET /styles/basic-preview/4/3/8.png [36m304[0m 1.053 ms - -[0m
[0mGET /styles/basic-preview/4/3/9.png [36m304[0m 0.940 ms - -[0m
[0mGET /styles/basic-preview/5/11/18.png [36m304[0m 0.746 ms - -[0m
[0mGET /styles/basic-preview/3/1/2.png [36m304[0m 0.916 ms - -[0m
[0mGET /styles/basic-preview/3/1/3.png [36m304[0m 0.637 ms - -[0m
[0mGET /styles/basic-preview/3/1/4.png [36m304[0m 1.078 ms - -[0m
[0mGET /styles/basic-preview/3/1/5.png [36m304[0m 1.034 ms - -[0m
[0mGET /styles/basic-preview/3/0/4.png [36m304[0m 0.588 ms - -[0m
[0mGET /styles/basic-preview/3/0/5.png [36m304[0m 0.873 ms - -[0m
[0mGET /styles/basic-preview/3/0/2.png [36m304[0m 0.862 ms - -[0m
[0mGET /styles/basic-preview/3/0/3.png [36m304[0m 0.692 ms - -[0m
[0mGET /styles/basic-preview/5/6/18.png [36m304[0m 0.661 ms - -[0m
[0mGET /styles/basic-preview/5/7/18.png [36m304[0m 0.700 ms - -[0m
[0mGET /styles/basic-preview/5/10/18.png [36m304[0m 0.611 ms - -[0m
[0mGET /styles/basic-preview/5/8/18.png [36m304[0m 1.746 ms - -[0m
[0mGET /styles/basic-preview/5/9/18.png [36m304[0m 0.776 ms - -[0m
[0mGET /styles/basic-preview/4/5/10.png [36m304[0m 0.690 ms - -[0m
[0mGET /styles/basic-preview/4/3/5.png [36m304[0m 0.970 ms - -[0m
[0mGET /styles/basic-preview/4/4/10.png [36m304[0m 1.464 ms - -[0m
[0mGET /styles/basic-preview/3/1/0.png [36m304[0m 1.590 ms - -[0m
[0mGET /styles/basic-preview/3/1/1.png [36m304[0m 1.073 ms - -[0m
[0mGET /styles/basic-preview/3/0/0.png [36m304[0m 0.761 ms - -[0m
[0mGET /styles/basic-preview/3/0/1.png [36m304[0m 1.827 ms - -[0m
[0mGET /styles/basic-preview/3/0/6.png [36m304[0m 2.208 ms - -[0m
[0mGET /styles/basic-preview/3/0/7.png [36m304[0m 2.422 ms - -[0m
[0mGET /styles/basic-preview/3/1/6.png [36m304[0m 0.770 ms - -[0m
[0mGET /styles/basic-preview/3/1/7.png [36m304[0m 1.184 ms - -[0m
[0mGET /styles/basic-preview/4/6/10.png [36m304[0m 0.718 ms - -[0m
[0mGET /styles/basic-preview/4/7/7.png [36m304[0m 0.625 ms - -[0m
[0mGET /styles/basic-preview/4/1/10.png [32m200[0m 24.792 ms - 1833[0m
[0mGET /styles/basic-preview/5/11/12.png [32m200[0m 23.886 ms - 1833[0m
[0mGET /styles/basic-preview/5/10/12.png [32m200[0m 17.801 ms - 3623[0m
[0mGET /styles/basic-preview/5/8/12.png [32m200[0m 93.625 ms - 50084[0m
[0mGET /styles/basic-preview/5/7/12.png [32m200[0m 99.728 ms - 32056[0m
[0mGET /styles/basic-preview/5/6/12.png [32m200[0m 102.404 ms - 25677[0m
[0mGET /styles/basic-preview/5/9/12.png [32m200[0m 129.786 ms - 24152[0m
[0mGET /styles/basic-preview/6/19/29.png [36m304[0m 0.930 ms - -[0m
[0mGET /styles/basic-preview/6/19/30.png [36m304[0m 1.942 ms - -[0m
[0mGET /styles/basic-preview/6/18/29.png [36m304[0m 3.140 ms - -[0m
[0mGET /styles/basic-preview/6/18/30.png [36m304[0m 2.276 ms - -[0m
[0mGET /styles/basic-preview/6/19/28.png [36m304[0m 2.447 ms - -[0m
[0mGET /styles/basic-preview/6/18/28.png [36m304[0m 1.272 ms - -[0m
[0mGET /styles/basic-preview/6/19/31.png [36m304[0m 1.064 ms - -[0m
[0mGET /styles/basic-preview/6/20/29.png [36m304[0m 0.784 ms - -[0m
[0mGET /styles/basic-preview/6/20/30.png [36m304[0m 0.673 ms - -[0m
[0mGET /styles/basic-preview/6/18/31.png [36m304[0m 1.256 ms - -[0m
[0mGET /styles/basic-preview/6/20/28.png [36m304[0m 4.766 ms - -[0m
[0mGET /styles/basic-preview/6/20/31.png [36m304[0m 3.421 ms - -[0m
[0mGET /styles/basic-preview/6/17/29.png [36m304[0m 3.612 ms - -[0m
[0mGET /styles/basic-preview/6/17/30.png [36m304[0m 3.300 ms - -[0m
[0mGET /styles/basic-preview/6/17/28.png [36m304[0m 0.755 ms - -[0m
[0mGET /styles/basic-preview/6/17/31.png [36m304[0m 1.123 ms - -[0m
[0mGET /styles/basic-preview/6/21/29.png [36m304[0m 1.322 ms - -[0m
[0mGET /styles/basic-preview/6/21/30.png [36m304[0m 1.412 ms - -[0m
[0mGET /styles/basic-preview/7/38/60.png [36m304[0m 0.849 ms - -[0m
[0mGET /styles/basic-preview/7/38/61.png [36m304[0m 1.557 ms - -[0m
[0mGET /styles/basic-preview/7/37/60.png [36m304[0m 5.795 ms - -[0m
[0mGET /styles/basic-preview/7/37/61.png [36m304[0m 6.159 ms - -[0m
[0mGET /styles/basic-preview/7/39/61.png [36m304[0m 3.817 ms - -[0m
[0mGET /styles/basic-preview/7/39/60.png [36m304[0m 1.976 ms - -[0m
[0mGET /styles/basic-preview/7/37/59.png [36m304[0m 3.726 ms - -[0m
[0mGET /styles/basic-preview/7/38/62.png [36m304[0m 1.503 ms - -[0m
[0mGET /styles/basic-preview/7/37/62.png [36m304[0m 1.727 ms - -[0m
[0mGET /styles/basic-preview/7/39/62.png [36m304[0m 2.985 ms - -[0m
[0mGET /styles/basic-preview/7/36/60.png [36m304[0m 4.007 ms - -[0m
[0mGET /styles/basic-preview/7/38/59.png [32m200[0m 40.145 ms - 11326[0m
[0mGET /styles/basic-preview/7/36/61.png [36m304[0m 21.634 ms - -[0m
[0mGET /styles/basic-preview/7/40/60.png [36m304[0m 0.985 ms - -[0m
[0mGET /styles/basic-preview/7/40/61.png [36m304[0m 1.244 ms - -[0m
[0mGET /styles/basic-preview/7/39/59.png [32m200[0m 48.488 ms - 16152[0m
[0mGET /styles/basic-preview/7/36/59.png [36m304[0m 1.034 ms - -[0m
[0mGET /styles/basic-preview/7/36/62.png [36m304[0m 0.869 ms - -[0m
[0mGET /styles/basic-preview/8/76/122.png [36m304[0m 4.300 ms - -[0m
[0mGET /styles/basic-preview/8/76/123.png [36m304[0m 5.440 ms - -[0m
[0mGET /styles/basic-preview/8/77/122.png [36m304[0m 6.054 ms - -[0m
[0mGET /styles/basic-preview/8/77/123.png [36m304[0m 6.175 ms - -[0m
[0mGET /styles/basic-preview/8/76/124.png [36m304[0m 2.741 ms - -[0m
[0mGET /styles/basic-preview/8/77/124.png [36m304[0m 1.811 ms - -[0m
[0mGET /styles/basic-preview/8/75/122.png [36m304[0m 1.206 ms - -[0m
[0mGET /styles/basic-preview/8/75/123.png [36m304[0m 1.894 ms - -[0m
[0mGET /styles/basic-preview/8/75/121.png [36m304[0m 4.986 ms - -[0m
[0mGET /styles/basic-preview/8/75/124.png [36m304[0m 17.449 ms - -[0m
[0mGET /styles/basic-preview/8/76/121.png [32m200[0m 74.406 ms - 17707[0m
[0mGET /styles/basic-preview/8/77/121.png [32m200[0m 110.466 ms - 15871[0m
[0mGET /styles/basic-preview/8/74/122.png [36m304[0m 1.996 ms - -[0m
[0mGET /styles/basic-preview/8/78/123.png [32m200[0m 99.591 ms - 8390[0m
[0mGET /styles/basic-preview/8/78/121.png [32m200[0m 98.764 ms - 17249[0m
[0mGET /styles/basic-preview/8/78/122.png [32m200[0m 105.294 ms - 9168[0m
[0mGET /styles/basic-preview/8/74/123.png [36m304[0m 4.443 ms - -[0m
[0mGET /styles/basic-preview/8/74/124.png [36m304[0m 4.581 ms - -[0m
[0mGET /styles/basic-preview/8/74/121.png [36m304[0m 1.056 ms - -[0m
[0mGET /styles/basic-preview/8/78/124.png [32m200[0m 31.868 ms - 5904[0m
[0mGET /styles/basic-preview/9/153/247.png [36m304[0m 0.630 ms - -[0m
[0mGET /styles/basic-preview/9/153/248.png [36m304[0m 0.809 ms - -[0m
[0mGET /styles/basic-preview/9/152/247.png [36m304[0m 1.150 ms - -[0m
[0mGET /styles/basic-preview/9/152/248.png [36m304[0m 2.130 ms - -[0m
[0mGET /styles/basic-preview/9/152/246.png [36m304[0m 2.879 ms - -[0m
[0mGET /styles/basic-preview/9/153/249.png [36m304[0m 4.893 ms - -[0m
[0mGET /styles/basic-preview/9/153/246.png [32m200[0m 63.836 ms - 27570[0m
[0mGET /styles/basic-preview/9/154/248.png [32m200[0m 62.466 ms - 11445[0m
[0mGET /styles/basic-preview/9/152/249.png [36m304[0m 1.079 ms - -[0m
[0mGET /styles/basic-preview/9/154/247.png [32m200[0m 83.605 ms - 11163[0m
[0mGET /styles/basic-preview/9/154/246.png [32m200[0m 98.626 ms - 8407[0m
[0mGET /styles/basic-preview/9/154/249.png [32m200[0m 97.238 ms - 15684[0m
[0mGET /styles/basic-preview/9/153/245.png [32m200[0m 105.448 ms - 20883[0m
[0mGET /styles/basic-preview/9/155/247.png [32m200[0m 87.519 ms - 10673[0m
[0mGET /styles/basic-preview/9/155/246.png [32m200[0m 108.807 ms - 11553[0m
[0mGET /styles/basic-preview/9/154/245.png [32m200[0m 130.344 ms - 18904[0m
[0mGET /styles/basic-preview/9/151/247.png [36m304[0m 6.072 ms - -[0m
[0mGET /styles/basic-preview/9/155/248.png [32m200[0m 117.073 ms - 13629[0m
[0mGET /styles/basic-preview/9/155/249.png [32m200[0m 108.563 ms - 6368[0m
[0mGET /styles/basic-preview/9/152/245.png [32m200[0m 139.480 ms - 24794[0m
[0mGET /styles/basic-preview/9/151/248.png [36m304[0m 3.302 ms - -[0m
[0mGET /styles/basic-preview/9/151/246.png [36m304[0m 2.579 ms - -[0m
[0mGET /styles/basic-preview/9/151/249.png [36m304[0m 0.990 ms - -[0m
[0mGET /styles/basic-preview/9/150/247.png [36m304[0m 1.728 ms - -[0m
[0mGET /styles/basic-preview/9/150/248.png [36m304[0m 0.861 ms - -[0m
[0mGET /styles/basic-preview/9/150/249.png [36m304[0m 0.514 ms - -[0m
[0mGET /styles/basic-preview/9/150/246.png [36m304[0m 0.738 ms - -[0m
[0mGET /styles/basic-preview/8/75/125.png [36m304[0m 0.888 ms - -[0m
[0mGET /styles/basic-preview/8/76/125.png [36m304[0m 0.681 ms - -[0m
[0mGET /styles/basic-preview/8/74/125.png [36m304[0m 3.516 ms - -[0m
[0mGET /styles/basic-preview/8/77/125.png [36m304[0m 1.075 ms - -[0m
[0mGET /styles/basic-preview/9/155/245.png [32m200[0m 82.850 ms - 16489[0m
[0mGET /styles/basic-preview/9/151/245.png [32m200[0m 87.836 ms - 17005[0m
[0mGET /styles/basic-preview/9/150/245.png [32m200[0m 92.307 ms - 14115[0m
[0mGET /styles/basic-preview/8/73/122.png [36m304[0m 1.471 ms - -[0m
[0mGET /styles/basic-preview/8/73/123.png [36m304[0m 1.723 ms - -[0m
[0mGET /styles/basic-preview/8/73/124.png [36m304[0m 1.571 ms - -[0m
[0mGET /styles/basic-preview/8/73/125.png [36m304[0m 1.931 ms - -[0m
[0mGET /styles/basic-preview/8/72/122.png [36m304[0m 0.487 ms - -[0m
[0mGET /styles/basic-preview/8/72/123.png [36m304[0m 0.504 ms - -[0m
[0mGET /styles/basic-preview/8/72/124.png [36m304[0m 0.473 ms - -[0m
[0mGET /styles/basic-preview/8/72/125.png [36m304[0m 0.530 ms - -[0m
[0mGET /styles/basic-preview/8/72/121.png [32m200[0m 34.375 ms - 14084[0m
[0mGET /styles/basic-preview/7/39/63.png [36m304[0m 0.795 ms - -[0m
[0mGET /styles/basic-preview/8/73/121.png [32m200[0m 20.239 ms - 9007[0m
[0mGET /styles/basic-preview/7/36/63.png [36m304[0m 0.649 ms - -[0m
[0mGET /styles/basic-preview/7/38/63.png [36m304[0m 0.717 ms - -[0m
[0mGET /styles/basic-preview/7/37/63.png [36m304[0m 0.410 ms - -[0m
[0mGET /styles/basic-preview/9/149/248.png [36m304[0m 0.573 ms - -[0m
[0mGET /styles/basic-preview/9/149/249.png [36m304[0m 0.274 ms - -[0m
[0mGET /styles/basic-preview/9/149/247.png [36m304[0m 0.207 ms - -[0m
[0mGET /styles/basic-preview/9/150/250.png [36m304[0m 0.581 ms - -[0m
[0mGET /styles/basic-preview/9/149/250.png [36m304[0m 0.415 ms - -[0m
[0mGET /styles/basic-preview/9/151/250.png [36m304[0m 0.760 ms - -[0m
[0mGET /styles/basic-preview/9/149/246.png [36m304[0m 0.745 ms - -[0m
[0mGET /styles/basic-preview/9/148/248.png [36m304[0m 0.883 ms - -[0m
[0mGET /styles/basic-preview/9/148/249.png [36m304[0m 0.801 ms - -[0m
[0mGET /styles/basic-preview/9/148/247.png [36m304[0m 0.754 ms - -[0m
[0mGET /styles/basic-preview/9/152/250.png [36m304[0m 0.870 ms - -[0m
[0mGET /styles/basic-preview/9/148/250.png [36m304[0m 0.971 ms - -[0m
[0mGET /styles/basic-preview/10/301/497.png [36m304[0m 0.954 ms - -[0m
[0mGET /styles/basic-preview/10/301/498.png [36m304[0m 1.092 ms - -[0m
[0mGET /styles/basic-preview/10/300/497.png [36m304[0m 1.579 ms - -[0m
[0mGET /styles/basic-preview/10/300/498.png [36m304[0m 0.744 ms - -[0m
[0mGET /styles/basic-preview/10/301/496.png [36m304[0m 1.097 ms - -[0m
[0mGET /styles/basic-preview/10/301/499.png [36m304[0m 0.559 ms - -[0m
[0mGET /styles/basic-preview/10/300/496.png [36m304[0m 0.622 ms - -[0m
[0mGET /styles/basic-preview/10/300/499.png [36m304[0m 1.598 ms - -[0m
[0mGET /styles/basic-preview/10/302/497.png [36m304[0m 1.368 ms - -[0m
[0mGET /styles/basic-preview/10/302/498.png [36m304[0m 1.289 ms - -[0m
[0mGET /styles/basic-preview/10/302/496.png [36m304[0m 1.280 ms - -[0m
[0mGET /styles/basic-preview/10/299/497.png [36m304[0m 0.453 ms - -[0m
[0mGET /styles/basic-preview/10/302/499.png [36m304[0m 1.069 ms - -[0m
[0mGET /styles/basic-preview/10/299/498.png [36m304[0m 0.973 ms - -[0m
[0mGET /styles/basic-preview/10/299/496.png [36m304[0m 1.237 ms - -[0m
[0mGET /styles/basic-preview/10/299/499.png [36m304[0m 0.878 ms - -[0m
[0mGET /styles/basic-preview/10/303/497.png [36m304[0m 1.346 ms - -[0m
[0mGET /styles/basic-preview/10/303/498.png [36m304[0m 0.972 ms - -[0m
[0mGET /styles/basic-preview/10/303/496.png [36m304[0m 0.556 ms - -[0m
[0mGET /styles/basic-preview/10/303/499.png [36m304[0m 0.848 ms - -[0m
[0mGET /styles/basic-preview/10/298/497.png [36m304[0m 1.291 ms - -[0m
[0mGET /styles/basic-preview/10/298/498.png [36m304[0m 0.791 ms - -[0m
[0mGET /styles/basic-preview/10/298/496.png [36m304[0m 1.284 ms - -[0m
[0mGET /styles/basic-preview/10/298/499.png [36m304[0m 0.940 ms - -[0m
[0mGET /styles/basic-preview/11/602/996.png [36m304[0m 0.665 ms - -[0m
[0mGET /styles/basic-preview/11/602/997.png [36m304[0m 0.828 ms - -[0m
[0mGET /styles/basic-preview/11/602/995.png [36m304[0m 1.258 ms - -[0m
[0mGET /styles/basic-preview/11/603/996.png [36m304[0m 0.533 ms - -[0m
[0mGET /styles/basic-preview/11/603/997.png [36m304[0m 0.405 ms - -[0m
[0mGET /styles/basic-preview/11/603/995.png [36m304[0m 1.715 ms - -[0m
[0mGET /styles/basic-preview/11/601/996.png [36m304[0m 2.110 ms - -[0m
[0mGET /styles/basic-preview/11/601/997.png [36m304[0m 2.616 ms - -[0m
[0mGET /styles/basic-preview/11/601/995.png [36m304[0m 0.739 ms - -[0m
[0mGET /styles/basic-preview/11/602/998.png [36m304[0m 0.439 ms - -[0m
[0mGET /styles/basic-preview/11/603/998.png [36m304[0m 4.452 ms - -[0m
[0mGET /styles/basic-preview/11/601/998.png [36m304[0m 5.095 ms - -[0m
[0mGET /styles/basic-preview/11/604/996.png [36m304[0m 0.750 ms - -[0m
[0mGET /styles/basic-preview/11/604/997.png [36m304[0m 1.498 ms - -[0m
[0mGET /styles/basic-preview/11/604/995.png [36m304[0m 4.786 ms - -[0m
[0mGET /styles/basic-preview/11/602/994.png [32m200[0m 59.982 ms - 15890[0m
[0mGET /styles/basic-preview/11/600/996.png [36m304[0m 18.639 ms - -[0m
[0mGET /styles/basic-preview/11/600/997.png [36m304[0m 18.912 ms - -[0m
[0mGET /styles/basic-preview/11/601/994.png [32m200[0m 62.902 ms - 10993[0m
[0mGET /styles/basic-preview/11/600/995.png [36m304[0m 0.982 ms - -[0m
[0mGET /styles/basic-preview/11/604/998.png [36m304[0m 1.015 ms - -[0m
[0mGET /styles/basic-preview/11/600/998.png [36m304[0m 0.642 ms - -[0m
[0mGET /styles/basic-preview/11/603/994.png [32m200[0m 71.280 ms - 23750[0m
[0mGET /styles/basic-preview/11/600/994.png [32m200[0m 48.641 ms - 17227[0m
[0mGET /styles/basic-preview/11/604/994.png [32m200[0m 50.042 ms - 24229[0m
[0mGET /styles/basic-preview/12/1205/1993.png [36m304[0m 0.680 ms - -[0m
[0mGET /styles/basic-preview/12/1205/1994.png [36m304[0m 0.645 ms - -[0m
[0mGET /styles/basic-preview/12/1204/1993.png [36m304[0m 1.033 ms - -[0m
[0mGET /styles/basic-preview/12/1204/1994.png [36m304[0m 0.623 ms - -[0m
[0mGET /styles/basic-preview/12/1205/1992.png [36m304[0m 1.610 ms - -[0m
[0mGET /styles/basic-preview/12/1204/1992.png [36m304[0m 1.047 ms - -[0m
[0mGET /styles/basic-preview/12/1205/1995.png [36m304[0m 0.889 ms - -[0m
[0mGET /styles/basic-preview/12/1206/1993.png [36m304[0m 1.874 ms - -[0m
[0mGET /styles/basic-preview/12/1206/1994.png [36m304[0m 1.700 ms - -[0m
[0mGET /styles/basic-preview/12/1204/1995.png [36m304[0m 1.796 ms - -[0m
[0mGET /styles/basic-preview/12/1206/1992.png [36m304[0m 2.151 ms - -[0m
[0mGET /styles/basic-preview/12/1203/1993.png [36m304[0m 1.162 ms - -[0m
[0mGET /styles/basic-preview/12/1203/1994.png [36m304[0m 1.321 ms - -[0m
[0mGET /styles/basic-preview/12/1203/1992.png [36m304[0m 2.829 ms - -[0m
[0mGET /styles/basic-preview/12/1206/1995.png [36m304[0m 0.976 ms - -[0m
[0mGET /styles/basic-preview/12/1203/1995.png [36m304[0m 1.414 ms - -[0m
[0mGET /styles/basic-preview/12/1207/1993.png [36m304[0m 0.674 ms - -[0m
[0mGET /styles/basic-preview/12/1207/1994.png [36m304[0m 19.098 ms - -[0m
[0mGET /styles/basic-preview/12/1207/1992.png [36m304[0m 19.273 ms - -[0m
[0mGET /styles/basic-preview/12/1205/1991.png [32m200[0m 80.885 ms - 26556[0m
[0mGET /styles/basic-preview/12/1202/1993.png [36m304[0m 27.529 ms - -[0m
[0mGET /styles/basic-preview/12/1204/1991.png [32m200[0m 94.944 ms - 20924[0m
[0mGET /styles/basic-preview/12/1202/1994.png [36m304[0m 1.177 ms - -[0m
[0mGET /styles/basic-preview/12/1202/1992.png [36m304[0m 1.660 ms - -[0m
[0mGET /styles/basic-preview/12/1203/1991.png [32m200[0m 92.092 ms - 13454[0m
[0mGET /styles/basic-preview/12/1207/1995.png [36m304[0m 13.231 ms - -[0m
[0mGET /styles/basic-preview/12/1202/1995.png [36m304[0m 2.958 ms - -[0m
[0mGET /styles/basic-preview/12/1206/1991.png [32m200[0m 95.078 ms - 28887[0m
[0mGET /styles/basic-preview/12/1202/1991.png [32m200[0m 53.249 ms - 14586[0m
[0mGET /styles/basic-preview/12/1207/1991.png [32m200[0m 58.246 ms - 27732[0m
[0mGET /styles/basic-preview/13/2410/3987.png [36m304[0m 0.762 ms - -[0m
[0mGET /styles/basic-preview/13/2410/3988.png [36m304[0m 1.202 ms - -[0m
[0mGET /styles/basic-preview/13/2409/3987.png [36m304[0m 0.628 ms - -[0m
[0mGET /styles/basic-preview/13/2409/3988.png [36m304[0m 0.778 ms - -[0m
[0mGET /styles/basic-preview/13/2410/3989.png [36m304[0m 4.546 ms - -[0m
[0mGET /styles/basic-preview/13/2411/3987.png [36m304[0m 0.691 ms - -[0m
[0mGET /styles/basic-preview/13/2411/3988.png [36m304[0m 0.769 ms - -[0m
[0mGET /styles/basic-preview/13/2409/3989.png [36m304[0m 0.608 ms - -[0m
[0mGET /styles/basic-preview/13/2408/3987.png [36m304[0m 1.612 ms - -[0m
[0mGET /styles/basic-preview/13/2408/3988.png [36m304[0m 3.050 ms - -[0m
[0mGET /styles/basic-preview/13/2411/3989.png [36m304[0m 2.212 ms - -[0m
[0mGET /styles/basic-preview/13/2408/3989.png [36m304[0m 1.259 ms - -[0m
[0mGET /styles/basic-preview/13/2409/3986.png [32m200[0m 56.858 ms - 25200[0m
[0mGET /styles/basic-preview/13/2412/3988.png [36m304[0m 3.210 ms - -[0m
[0mGET /styles/basic-preview/13/2410/3986.png [32m200[0m 96.926 ms - 17699[0m
[0mGET /styles/basic-preview/13/2412/3989.png [36m304[0m 31.179 ms - -[0m
[0mGET /styles/basic-preview/13/2412/3987.png [32m200[0m 78.270 ms - 17263[0m
[0mGET /styles/basic-preview/13/2408/3986.png [32m200[0m 101.340 ms - 9852[0m
[0mGET /styles/basic-preview/13/2411/3986.png [32m200[0m 116.416 ms - 22896[0m
[0mGET /styles/basic-preview/13/2412/3986.png [32m200[0m 55.852 ms - 19188[0m
[0mGET /styles/basic-preview/14/4820/7975.png [36m304[0m 0.924 ms - -[0m
[0mGET /styles/basic-preview/14/4820/7976.png [36m304[0m 1.095 ms - -[0m
[0mGET /styles/basic-preview/14/4820/7977.png [36m304[0m 1.283 ms - -[0m
[0mGET /styles/basic-preview/14/4819/7975.png [36m304[0m 0.620 ms - -[0m
[0mGET /styles/basic-preview/14/4819/7976.png [36m304[0m 0.623 ms - -[0m
[0mGET /styles/basic-preview/14/4819/7977.png [36m304[0m 0.662 ms - -[0m
[0mGET /styles/basic-preview/14/4821/7975.png [36m304[0m 0.799 ms - -[0m
[0mGET /styles/basic-preview/14/4821/7976.png [36m304[0m 0.370 ms - -[0m
[0mGET /styles/basic-preview/14/4821/7977.png [36m304[0m 0.935 ms - -[0m
[0mGET /styles/basic-preview/14/4820/7978.png [36m304[0m 0.791 ms - -[0m
[0mGET /styles/basic-preview/14/4819/7978.png [36m304[0m 0.445 ms - -[0m
[0mGET /styles/basic-preview/14/4821/7978.png [36m304[0m 1.044 ms - -[0m
[0mGET /styles/basic-preview/14/4818/7976.png [36m304[0m 1.124 ms - -[0m
[0mGET /styles/basic-preview/14/4818/7977.png [36m304[0m 0.593 ms - -[0m
[0mGET /styles/basic-preview/14/4818/7975.png [36m304[0m 0.335 ms - -[0m
[0mGET /styles/basic-preview/14/4819/7974.png [32m200[0m 73.373 ms - 9028[0m
[0mGET /styles/basic-preview/14/4818/7978.png [36m304[0m 2.058 ms - -[0m
[0mGET /styles/basic-preview/14/4822/7976.png [36m304[0m 3.204 ms - -[0m
[0mGET /styles/basic-preview/14/4822/7977.png [36m304[0m 3.180 ms - -[0m
[0mGET /styles/basic-preview/14/4822/7975.png [36m304[0m 2.671 ms - -[0m
[0mGET /styles/basic-preview/14/4821/7974.png [32m200[0m 66.878 ms - 27251[0m
[0mGET /styles/basic-preview/14/4822/7978.png [36m304[0m 1.364 ms - -[0m
[0mGET /styles/basic-preview/14/4820/7974.png [32m200[0m 85.124 ms - 12999[0m
[0mGET /styles/basic-preview/14/4817/7976.png [36m304[0m 0.577 ms - -[0m
[0mGET /styles/basic-preview/14/4817/7977.png [36m304[0m 0.662 ms - -[0m
[0mGET /styles/basic-preview/14/4817/7978.png [36m304[0m 0.609 ms - -[0m
[0mGET /styles/basic-preview/14/4817/7975.png [32m200[0m 34.056 ms - 19219[0m
[0mGET /styles/basic-preview/11/605/995.png [36m304[0m 0.853 ms - -[0m
[0mGET /styles/basic-preview/11/605/996.png [36m304[0m 1.767 ms - -[0m
[0mGET /styles/basic-preview/11/605/997.png [36m304[0m 2.388 ms - -[0m
[0mGET /styles/basic-preview/11/605/994.png [32m200[0m 33.747 ms - 25052[0m
[0mGET /styles/basic-preview/11/603/993.png [32m200[0m 60.684 ms - 14838[0m
[0mGET /styles/basic-preview/11/602/993.png [32m200[0m 63.419 ms - 10170[0m
[0mGET /styles/basic-preview/9/148/246.png [32m200[0m 34.713 ms - 19640[0m
[0mGET /styles/basic-preview/9/148/245.png [32m200[0m 51.532 ms - 19202[0m
[0mGET /styles/basic-preview/9/149/245.png [32m200[0m 52.365 ms - 12510[0m
[0mGET /styles/basic-preview/5/10/14.png [36m304[0m 0.648 ms - -[0m
[0mGET /styles/basic-preview/5/10/15.png [36m304[0m 0.928 ms - -[0m
[0mGET /styles/basic-preview/6/21/28.png [36m304[0m 0.661 ms - -[0m
[0mGET /styles/basic-preview/5/10/13.png [36m304[0m 1.105 ms - -[0m
[0mGET /styles/basic-preview/6/21/31.png [36m304[0m 0.925 ms - -[0m
[0mGET /styles/basic-preview/6/16/28.png [36m304[0m 0.558 ms - -[0m
[0mGET /styles/basic-preview/6/16/29.png [36m304[0m 0.562 ms - -[0m
[0mGET /styles/basic-preview/4/4/8.png [36m304[0m 0.785 ms - -[0m
[0mGET /styles/basic-preview/4/4/9.png [36m304[0m 1.024 ms - -[0m
[0mGET /styles/basic-preview/5/8/16.png [36m304[0m 0.808 ms - -[0m
[0mGET /styles/basic-preview/5/8/17.png [36m304[0m 0.894 ms - -[0m
[0mGET /styles/basic-preview/6/16/32.png [36m304[0m 0.652 ms - -[0m
[0mGET /styles/basic-preview/4/5/8.png [36m304[0m 1.120 ms - -[0m
[0mGET /styles/basic-preview/4/5/9.png [36m304[0m 0.784 ms - -[0m
[0mGET /styles/basic-preview/5/10/16.png [36m304[0m 0.831 ms - -[0m
[0mGET /styles/basic-preview/5/10/17.png [36m304[0m 0.599 ms - -[0m
[0mGET /styles/basic-preview/5/11/13.png [36m304[0m 0.852 ms - -[0m
[0mGET /styles/basic-preview/5/11/14.png [36m304[0m 1.231 ms - -[0m
[0mGET /styles/basic-preview/5/11/16.png [36m304[0m 1.894 ms - -[0m
[0mGET /styles/basic-preview/5/11/17.png [36m304[0m 1.319 ms - -[0m
[0mGET /styles/basic-preview/3/1/4.png [36m304[0m 3.132 ms - -[0m
[0mGET /styles/basic-preview/3/1/5.png [36m304[0m 2.251 ms - -[0m
[0mGET /styles/basic-preview/5/11/15.png [36m304[0m 0.765 ms - -[0m
[0mGET /styles/basic-preview/3/1/2.png [36m304[0m 1.042 ms - -[0m
[0mGET /styles/basic-preview/3/1/3.png [36m304[0m 1.545 ms - -[0m
[0mGET /styles/basic-preview/5/9/16.png [36m304[0m 0.556 ms - -[0m
[0mGET /styles/basic-preview/5/9/17.png [36m304[0m 0.485 ms - -[0m
[0mGET /styles/basic-preview/5/7/14.png [36m304[0m 0.808 ms - -[0m
[0mGET /styles/basic-preview/5/7/15.png [36m304[0m 1.091 ms - -[0m
[0mGET /styles/basic-preview/5/7/13.png [36m304[0m 1.134 ms - -[0m
[0mGET /styles/basic-preview/5/7/16.png [36m304[0m 1.246 ms - -[0m
[0mGET /styles/basic-preview/5/7/17.png [36m304[0m 0.804 ms - -[0m
[0mGET /styles/basic-preview/5/13/12.png [32m200[0m 93.583 ms - 6547[0m
[0mGET /styles/basic-preview/5/12/14.png [32m200[0m 126.066 ms - 1833[0m
[0mGET /styles/basic-preview/5/12/13.png [32m200[0m 125.484 ms - 1833[0m
[0mGET /styles/basic-preview/5/12/15.png [32m200[0m 126.311 ms - 1833[0m
[0mGET /styles/basic-preview/5/12/17.png [32m200[0m 128.484 ms - 20553[0m
[0mGET /styles/basic-preview/5/12/16.png [32m200[0m 131.135 ms - 21212[0m
[0mGET /styles/basic-preview/4/2/5.png [36m304[0m 1.372 ms - -[0m
[0mGET /styles/basic-preview/5/6/13.png [36m304[0m 1.545 ms - -[0m
[0mGET /styles/basic-preview/4/6/5.png [36m304[0m 0.825 ms - -[0m
[0mGET /styles/basic-preview/4/3/6.png [36m304[0m 1.731 ms - -[0m
[0mGET /styles/basic-preview/4/3/7.png [36m304[0m 1.560 ms - -[0m
[0mGET /styles/basic-preview/4/6/6.png [36m304[0m 1.834 ms - -[0m
[0mGET /styles/basic-preview/5/12/12.png [32m200[0m 51.448 ms - 1833[0m
[0mGET /styles/basic-preview/5/13/13.png [32m200[0m 59.838 ms - 1833[0m
[0mGET /styles/basic-preview/4/6/7.png [36m304[0m 0.669 ms - -[0m
[0mGET /styles/basic-preview/4/3/5.png [36m304[0m 0.861 ms - -[0m
[0mGET /styles/basic-preview/4/6/8.png [36m304[0m 0.708 ms - -[0m
[0mGET /styles/basic-preview/4/6/9.png [36m304[0m 0.882 ms - -[0m
[0mGET /styles/basic-preview/4/3/8.png [36m304[0m 0.639 ms - -[0m
[0mGET /styles/basic-preview/4/3/9.png [36m304[0m 0.841 ms - -[0m
[0mGET /styles/basic-preview/5/6/14.png [36m304[0m 1.369 ms - -[0m
[0mGET /styles/basic-preview/5/6/15.png [36m304[0m 1.687 ms - -[0m
[0mGET /styles/basic-preview/4/7/5.png [36m304[0m 1.880 ms - -[0m
[0mGET /styles/basic-preview/4/7/6.png [36m304[0m 1.985 ms - -[0m
[0mGET /styles/basic-preview/3/0/2.png [36m304[0m 0.739 ms - -[0m
[0mGET /styles/basic-preview/3/0/3.png [36m304[0m 0.472 ms - -[0m
[0mGET /styles/basic-preview/4/2/6.png [36m304[0m 0.774 ms - -[0m
[0mGET /styles/basic-preview/4/7/8.png [36m304[0m 0.853 ms - -[0m
[0mGET /styles/basic-preview/4/7/9.png [36m304[0m 0.538 ms - -[0m
[0mGET /styles/basic-preview/4/2/7.png [36m304[0m 0.764 ms - -[0m
[0mGET /styles/basic-preview/4/2/8.png [36m304[0m 1.312 ms - -[0m
[0mGET /styles/basic-preview/3/4/4.png [36m304[0m 0.877 ms - -[0m
[0mGET /styles/basic-preview/3/4/5.png [36m304[0m 0.526 ms - -[0m
[0mGET /styles/basic-preview/3/4/2.png [36m304[0m 0.738 ms - -[0m
[0mGET /styles/basic-preview/3/4/3.png [36m304[0m 1.380 ms - -[0m
[0mGET /styles/basic-preview/4/3/10.png [36m304[0m 1.163 ms - -[0m
[0mGET /styles/basic-preview/3/4/0.png [36m304[0m 4.788 ms - -[0m
[0mGET /styles/basic-preview/3/4/1.png [36m304[0m 0.740 ms - -[0m
[0mGET /styles/basic-preview/3/0/0.png [36m304[0m 0.642 ms - -[0m
[0mGET /styles/basic-preview/3/0/1.png [36m304[0m 0.796 ms - -[0m
[0mGET /styles/basic-preview/4/2/9.png [36m304[0m 0.393 ms - -[0m
[0mGET /styles/basic-preview/4/7/10.png [36m304[0m 0.458 ms - -[0m
[0mGET /styles/basic-preview/4/2/10.png [36m304[0m 0.462 ms - -[0m
[0mGET /styles/basic-preview/2/2/2.png [36m304[0m 0.727 ms - -[0m
[0mGET /styles/basic-preview/2/2/3.png [36m304[0m 0.591 ms - -[0m
[0mGET /styles/basic-preview/2/2/0.png [36m304[0m 0.810 ms - -[0m
[0mGET /styles/basic-preview/4/2/3.png [32m200[0m 34.547 ms - 8915[0m
[0mGET /styles/basic-preview/4/2/4.png [32m200[0m 50.378 ms - 15238[0m
[0mGET /styles/basic-preview/4/7/3.png [32m200[0m 43.993 ms - 2817[0m
[0mGET /styles/basic-preview/3/1/0.png [36m304[0m 1.629 ms - -[0m
[0mGET /styles/basic-preview/3/1/1.png [36m304[0m 1.357 ms - -[0m
[0mGET /styles/basic-preview/4/6/3.png [32m200[0m 29.534 ms - 11745[0m
[0mGET /styles/basic-preview/4/5/3.png [32m200[0m 27.366 ms - 9019[0m
[0mGET /styles/basic-preview/4/5/4.png [32m200[0m 58.186 ms - 10053[0m
[0mGET /styles/basic-preview/4/3/3.png [32m200[0m 74.381 ms - 10834[0m
[0mGET /styles/basic-preview/3/5/2.png [36m304[0m 4.594 ms - -[0m
[0mGET /styles/basic-preview/4/3/4.png [32m200[0m 81.638 ms - 10548[0m
[0mGET /styles/basic-preview/2/2/1.png [36m304[0m 9.927 ms - -[0m
[0mGET /styles/basic-preview/4/7/4.png [32m200[0m 145.765 ms - 9014[0m
[0mGET /styles/basic-preview/3/1/6.png [36m304[0m 0.916 ms - -[0m
[0mGET /styles/basic-preview/3/1/7.png [36m304[0m 1.065 ms - -[0m
[0mGET /styles/basic-preview/4/6/4.png [32m200[0m 158.431 ms - 6827[0m
[0mGET /styles/basic-preview/3/5/0.png [32m200[0m 160.181 ms - 5708[0m
[0mGET /styles/basic-preview/3/5/1.png [32m200[0m 131.155 ms - 9046[0m
[0mGET /styles/basic-preview/2/3/0.png [36m304[0m 0.937 ms - -[0m
[0mGET /styles/basic-preview/2/3/1.png [36m304[0m 0.908 ms - -[0m
[0mGET /styles/basic-preview/3/5/3.png [36m304[0m 0.688 ms - -[0m
[0mGET /styles/basic-preview/3/0/4.png [36m304[0m 0.465 ms - -[0m
[0mGET /styles/basic-preview/3/0/5.png [36m304[0m 0.912 ms - -[0m
[0mGET /styles/basic-preview/3/0/6.png [36m304[0m 0.594 ms - -[0m
[0mGET /styles/basic-preview/3/0/7.png [36m304[0m 0.595 ms - -[0m
[0mGET /styles/basic-preview/3/5/4.png [36m304[0m 4.868 ms - -[0m
[0mGET /styles/basic-preview/3/5/5.png [36m304[0m 4.579 ms - -[0m
[0mGET /styles/basic-preview/3/4/7.png [36m304[0m 1.387 ms - -[0m
[0mGET /styles/basic-preview/3/4/6.png [36m304[0m 1.318 ms - -[0m
[0mGET /styles/basic-preview/3/5/7.png [36m304[0m 1.385 ms - -[0m
[0mGET /styles/basic-preview/3/5/6.png [36m304[0m 1.512 ms - -[0m
[0mGET /styles/basic-preview/2/3/2.png [36m304[0m 0.634 ms - -[0m
[0mGET /styles/basic-preview/2/3/3.png [36m304[0m 1.472 ms - -[0m
[0mGET /styles/basic-preview/3/7/1.png [32m200[0m 103.754 ms - 5431[0m
[0mGET /styles/basic-preview/3/7/0.png [32m200[0m 146.420 ms - 1833[0m
[0mGET /styles/basic-preview/3/6/1.png [32m200[0m 148.435 ms - 6614[0m
[0mGET /styles/basic-preview/3/6/0.png [32m200[0m 149.645 ms - 4331[0m
[0mGET /styles/basic-preview/3/6/5.png [36m304[0m 3.399 ms - -[0m
[0mGET /styles/basic-preview/3/7/2.png [32m200[0m 150.141 ms - 6577[0m
[0mGET /styles/basic-preview/3/6/6.png [36m304[0m 16.345 ms - -[0m
[0mGET /styles/basic-preview/3/6/7.png [36m304[0m 1.710 ms - -[0m
[0mGET /styles/basic-preview/3/7/5.png [36m304[0m 3.100 ms - -[0m
[0mGET /styles/basic-preview/3/6/2.png [32m200[0m 204.266 ms - 8530[0m
[0mGET /styles/basic-preview/3/7/6.png [36m304[0m 1.335 ms - -[0m
[0mGET /styles/basic-preview/3/7/7.png [36m304[0m 0.396 ms - -[0m
[0mGET /styles/basic-preview/3/6/3.png [32m200[0m 173.636 ms - 22454[0m
[0mGET /styles/basic-preview/3/6/4.png [32m200[0m 161.121 ms - 9976[0m
[0mGET /styles/basic-preview/3/7/3.png [32m200[0m 146.768 ms - 2645[0m
[0mGET /styles/basic-preview/3/7/4.png [32m200[0m 144.828 ms - 12054[0m
[0mGET /styles/basic-preview/4/4/3.png [32m200[0m 29.640 ms - 12768[0m
[0mGET /styles/basic-preview/4/4/4.png [32m200[0m 31.151 ms - 8703[0m
[0mGET /styles/basic-preview/4/1/5.png [36m304[0m 0.646 ms - -[0m
[0mGET /styles/basic-preview/4/1/6.png [36m304[0m 0.700 ms - -[0m
[0mGET /styles/basic-preview/4/0/6.png [32m200[0m 65.894 ms - 1896[0m
[0mGET /styles/basic-preview/4/0/5.png [32m200[0m 85.020 ms - 3330[0m
[0mGET /styles/basic-preview/4/15/3.png [32m200[0m 155.104 ms - 4241[0m
[0mGET /styles/basic-preview/4/15/4.png [32m200[0m 156.200 ms - 5414[0m
[0mGET /styles/basic-preview/6/3/24.png [32m200[0m 116.847 ms - 1833[0m
[0mGET /styles/basic-preview/4/15/5.png [32m200[0m 198.055 ms - 5504[0m
[0mGET /styles/basic-preview/6/3/25.png [32m200[0m 101.240 ms - 1833[0m
[0mGET /styles/basic-preview/6/3/23.png [32m200[0m 129.271 ms - 1833[0m
[0mGET /styles/basic-preview/5/1/11.png [32m200[0m 66.792 ms - 1833[0m
[0mGET /styles/basic-preview/5/1/12.png [32m200[0m 107.086 ms - 1833[0m
[0mGET /styles/basic-preview/7/10/47.png [32m200[0m 85.821 ms - 1833[0m
[0mGET /styles/basic-preview/7/11/48.png [32m200[0m 82.382 ms - 1833[0m
[0mGET /styles/basic-preview/7/11/47.png [32m200[0m 84.587 ms - 1833[0m
[0mGET /styles/basic-preview/7/10/48.png [32m200[0m 89.608 ms - 1833[0m
[0mGET /styles/basic-preview/7/9/47.png [32m200[0m 62.285 ms - 1833[0m
[0mGET /styles/basic-preview/7/9/48.png [32m200[0m 56.381 ms - 1833[0m
[0mGET /styles/basic-preview/7/10/49.png [32m200[0m 69.916 ms - 1833[0m
[0mGET /styles/basic-preview/7/11/50.png [32m200[0m 80.889 ms - 1833[0m
[0mGET /styles/basic-preview/7/10/50.png [32m200[0m 84.706 ms - 1833[0m
[0mGET /styles/basic-preview/7/11/49.png [32m200[0m 84.950 ms - 1833[0m
[0mGET /styles/basic-preview/7/10/46.png [32m200[0m 55.669 ms - 1833[0m
[0mGET /styles/basic-preview/7/9/49.png [32m200[0m 55.664 ms - 1833[0m
[0mGET /styles/basic-preview/6/5/24.png [32m200[0m 58.337 ms - 1833[0m
[0mGET /styles/basic-preview/6/4/24.png [32m200[0m 75.128 ms - 1833[0m
[0mGET /styles/basic-preview/6/5/23.png [32m200[0m 93.832 ms - 1833[0m
[0mGET /styles/basic-preview/6/4/23.png [32m200[0m 83.889 ms - 1833[0m
[0mGET /styles/basic-preview/6/4/25.png [32m200[0m 50.049 ms - 1833[0m
[0mGET /styles/basic-preview/6/5/25.png [32m200[0m 51.005 ms - 1833[0m
[0mGET /styles/basic-preview/5/2/12.png [32m200[0m 48.481 ms - 1833[0m
[0mGET /styles/basic-preview/5/2/11.png [32m200[0m 92.864 ms - 1833[0m
[0mGET /styles/basic-preview/5/2/10.png [32m200[0m 71.782 ms - 2141[0m
[0mGET /styles/basic-preview/5/3/11.png [32m200[0m 93.271 ms - 1833[0m
[0mGET /styles/basic-preview/5/3/12.png [32m200[0m 93.371 ms - 1833[0m
[0mGET /styles/basic-preview/5/2/9.png [32m200[0m 73.224 ms - 17120[0m
[0mGET /styles/basic-preview/5/2/13.png [32m200[0m 20.328 ms - 1833[0m
[0mGET /styles/basic-preview/5/3/13.png [32m200[0m 28.964 ms - 1833[0m
[0mGET /styles/basic-preview/5/3/9.png [32m200[0m 84.784 ms - 17558[0m
[0mGET /styles/basic-preview/5/3/10.png [32m200[0m 87.180 ms - 1833[0m
[0mGET /styles/basic-preview/5/1/10.png [32m200[0m 79.120 ms - 6744[0m
[0mGET /styles/basic-preview/5/1/9.png [32m200[0m 84.200 ms - 11269[0m
[0mGET /styles/basic-preview/5/0/12.png [32m200[0m 53.947 ms - 1833[0m
[0mGET /styles/basic-preview/5/1/13.png [32m200[0m 92.113 ms - 3113[0m
[0mGET /styles/basic-preview/5/0/11.png [32m200[0m 97.299 ms - 1833[0m
[0mGET /styles/basic-preview/5/4/11.png [32m200[0m 149.101 ms - 6029[0m
[0mGET /styles/basic-preview/4/1/3.png [32m200[0m 109.735 ms - 5582[0m
[0mGET /styles/basic-preview/5/0/9.png [32m200[0m 74.153 ms - 3819[0m
[0mGET /styles/basic-preview/4/0/3.png [32m200[0m 116.452 ms - 4872[0m
[0mGET /styles/basic-preview/5/0/10.png [32m200[0m 91.628 ms - 5650[0m
[0mGET /styles/basic-preview/4/1/4.png [32m200[0m 163.833 ms - 15602[0m
[0mGET /styles/basic-preview/4/1/7.png [36m304[0m 2.764 ms - -[0m
[0mGET /styles/basic-preview/4/0/4.png [32m200[0m 100.505 ms - 7913[0m
[0mGET /styles/basic-preview/4/14/3.png [32m200[0m 80.181 ms - 4796[0m
[0mGET /styles/basic-preview/4/0/7.png [32m200[0m 106.217 ms - 2763[0m
[0mGET /styles/basic-preview/4/4/5.png [36m304[0m 21.532 ms - -[0m
[0mGET /styles/basic-preview/4/15/6.png [32m200[0m 148.938 ms - 1833[0m
[0mGET /styles/basic-preview/4/15/7.png [32m200[0m 144.039 ms - 1846[0m
[0mGET /styles/basic-preview/4/14/4.png [32m200[0m 141.494 ms - 4981[0m
[0mGET /styles/basic-preview/4/4/6.png [36m304[0m 1.520 ms - -[0m
[0mGET /styles/basic-preview/4/14/5.png [32m200[0m 141.080 ms - 8336[0m
[0mGET /styles/basic-preview/4/13/3.png [32m200[0m 75.305 ms - 6084[0m
[0mGET /styles/basic-preview/4/15/8.png [32m200[0m 108.677 ms - 7559[0m
[0mGET /styles/basic-preview/4/14/6.png [32m200[0m 191.290 ms - 4502[0m
[0mGET /styles/basic-preview/4/3/8.png [36m304[0m 4.995 ms - -[0m
[0mGET /styles/basic-preview/4/14/7.png [32m200[0m 166.346 ms - 1885[0m
[0mGET /styles/basic-preview/4/13/4.png [32m200[0m 169.894 ms - 5706[0m
[0mGET /styles/basic-preview/4/13/5.png [32m200[0m 170.164 ms - 8734[0m
[0mGET /styles/basic-preview/4/3/9.png [36m304[0m 0.636 ms - -[0m
[0mGET /styles/basic-preview/4/4/7.png [36m304[0m 0.414 ms - -[0m
[0mGET /styles/basic-preview/4/5/5.png [36m304[0m 0.320 ms - -[0m
[0mGET /styles/basic-preview/4/5/6.png [36m304[0m 0.363 ms - -[0m
[0mGET /styles/basic-preview/4/15/9.png [32m200[0m 100.537 ms - 5761[0m
[0mGET /styles/basic-preview/4/5/3.png [36m304[0m 0.496 ms - -[0m
[0mGET /styles/basic-preview/4/5/4.png [36m304[0m 0.537 ms - -[0m
[0mGET /styles/basic-preview/5/4/12.png [32m200[0m 32.795 ms - 4122[0m
[0mGET /styles/basic-preview/4/5/7.png [36m304[0m 1.293 ms - -[0m
[0mGET /styles/basic-preview/3/2/4.png [36m304[0m 2.077 ms - -[0m
[0mGET /styles/basic-preview/3/2/5.png [36m304[0m 2.513 ms - -[0m
[0mGET /styles/basic-preview/4/4/8.png [36m304[0m 0.678 ms - -[0m
[0mGET /styles/basic-preview/4/4/9.png [36m304[0m 0.687 ms - -[0m
[0mGET /styles/basic-preview/5/5/11.png [32m200[0m 88.910 ms - 22679[0m
[0mGET /styles/basic-preview/4/0/8.png [32m200[0m 114.251 ms - 5917[0m
[0mGET /styles/basic-preview/4/0/9.png [32m200[0m 113.719 ms - 1833[0m
[0mGET /styles/basic-preview/5/5/13.png [32m200[0m 148.112 ms - 6165[0m
[0mGET /styles/basic-preview/5/4/13.png [32m200[0m 147.354 ms - 1833[0m
[0mGET /styles/basic-preview/5/6/12.png [36m304[0m 3.588 ms - -[0m
[0mGET /styles/basic-preview/5/6/13.png [36m304[0m 9.469 ms - -[0m
[0mGET /styles/basic-preview/5/5/12.png [32m200[0m 158.190 ms - 29766[0m
[0mGET /styles/basic-preview/5/7/12.png [36m304[0m 1.467 ms - -[0m
[0mGET /styles/basic-preview/5/7/13.png [36m304[0m 1.070 ms - -[0m
[0mGET /styles/basic-preview/4/6/3.png [36m304[0m 1.168 ms - -[0m
[0mGET /styles/basic-preview/4/6/4.png [36m304[0m 2.913 ms - -[0m
[0mGET /styles/basic-preview/4/6/5.png [36m304[0m 1.163 ms - -[0m
[0mGET /styles/basic-preview/4/6/6.png [36m304[0m 1.311 ms - -[0m
[0mGET /styles/basic-preview/4/5/8.png [36m304[0m 2.146 ms - -[0m
[0mGET /styles/basic-preview/4/5/9.png [36m304[0m 1.113 ms - -[0m
[0mGET /styles/basic-preview/4/1/8.png [36m304[0m 0.658 ms - -[0m
[0mGET /styles/basic-preview/4/6/7.png [36m304[0m 1.026 ms - -[0m
[0mGET /styles/basic-preview/4/1/9.png [36m304[0m 6.697 ms - -[0m
[0mGET /styles/basic-preview/4/7/5.png [36m304[0m 1.606 ms - -[0m
[0mGET /styles/basic-preview/4/7/6.png [36m304[0m 1.583 ms - -[0m
[0mGET /styles/basic-preview/3/3/4.png [36m304[0m 17.575 ms - -[0m
[0mGET /styles/basic-preview/3/3/5.png [36m304[0m 17.581 ms - -[0m
[0mGET /styles/basic-preview/5/6/11.png [32m200[0m 101.034 ms - 19205[0m
[0mGET /styles/basic-preview/5/8/12.png [36m304[0m 2.641 ms - -[0m
[0mGET /styles/basic-preview/5/8/13.png [36m304[0m 4.529 ms - -[0m
[0mGET /styles/basic-preview/5/9/12.png [36m304[0m 3.971 ms - -[0m
[0mGET /styles/basic-preview/5/7/11.png [32m200[0m 93.518 ms - 27460[0m
[0mGET /styles/basic-preview/5/9/13.png [36m304[0m 2.292 ms - -[0m
[0mGET /styles/basic-preview/4/6/8.png [36m304[0m 0.956 ms - -[0m
[0mGET /styles/basic-preview/4/6/9.png [36m304[0m 1.266 ms - -[0m
[0mGET /styles/basic-preview/5/9/11.png [32m200[0m 81.355 ms - 36739[0m
[0mGET /styles/basic-preview/5/8/11.png [32m200[0m 88.179 ms - 37620[0m
[0mGET /styles/basic-preview/5/7/14.png [36m304[0m 0.484 ms - -[0m
[0mGET /styles/basic-preview/5/6/14.png [36m304[0m 0.554 ms - -[0m
[0mGET /styles/basic-preview/5/7/15.png [36m304[0m 0.501 ms - -[0m
[0mGET /styles/basic-preview/5/6/15.png [36m304[0m 0.576 ms - -[0m
[0mGET /styles/basic-preview/4/2/8.png [36m304[0m 0.625 ms - -[0m
[0mGET /styles/basic-preview/4/2/9.png [36m304[0m 0.675 ms - -[0m
[0mGET /styles/basic-preview/4/1/10.png [36m304[0m 0.845 ms - -[0m
[0mGET /styles/basic-preview/5/8/14.png [36m304[0m 0.792 ms - -[0m
[0mGET /styles/basic-preview/5/8/15.png [36m304[0m 0.945 ms - -[0m
[0mGET /styles/basic-preview/5/9/14.png [36m304[0m 0.823 ms - -[0m
[0mGET /styles/basic-preview/5/9/15.png [36m304[0m 0.523 ms - -[0m
[0mGET /styles/basic-preview/4/6/10.png [36m304[0m 0.616 ms - -[0m
[0mGET /styles/basic-preview/4/7/7.png [36m304[0m 0.525 ms - -[0m
[0mGET /styles/basic-preview/4/7/8.png [36m304[0m 0.524 ms - -[0m
[0mGET /styles/basic-preview/4/7/9.png [36m304[0m 0.527 ms - -[0m
[0mGET /styles/basic-preview/4/2/10.png [36m304[0m 0.563 ms - -[0m
[0mGET /styles/basic-preview/4/7/10.png [36m304[0m 0.431 ms - -[0m
[0mGET /styles/basic-preview/5/9/16.png [36m304[0m 0.827 ms - -[0m
[0mGET /styles/basic-preview/5/9/17.png [36m304[0m 0.871 ms - -[0m
[0mGET /styles/basic-preview/5/8/16.png [36m304[0m 0.938 ms - -[0m
[0mGET /styles/basic-preview/5/8/17.png [36m304[0m 0.606 ms - -[0m
[0mGET /styles/basic-preview/5/9/18.png [36m304[0m 0.590 ms - -[0m
[0mGET /styles/basic-preview/5/8/18.png [36m304[0m 0.598 ms - -[0m
[0mGET /styles/basic-preview/5/10/13.png [36m304[0m 1.174 ms - -[0m
[0mGET /styles/basic-preview/5/10/14.png [36m304[0m 1.223 ms - -[0m
[0mGET /styles/basic-preview/5/11/14.png [36m304[0m 0.841 ms - -[0m
[0mGET /styles/basic-preview/5/11/15.png [36m304[0m 2.414 ms - -[0m
[0mGET /styles/basic-preview/5/11/16.png [36m304[0m 1.964 ms - -[0m
[0mGET /styles/basic-preview/5/11/17.png [36m304[0m 1.904 ms - -[0m
[0mGET /styles/basic-preview/5/10/15.png [36m304[0m 0.484 ms - -[0m
[0mGET /styles/basic-preview/5/10/16.png [36m304[0m 0.815 ms - -[0m
[0mGET /styles/basic-preview/5/10/17.png [36m304[0m 1.347 ms - -[0m
[0mGET /styles/basic-preview/6/19/31.png [36m304[0m 1.084 ms - -[0m
[0mGET /styles/basic-preview/6/18/31.png [36m304[0m 1.038 ms - -[0m
[0mGET /styles/basic-preview/6/19/29.png [36m304[0m 1.552 ms - -[0m
[0mGET /styles/basic-preview/6/19/30.png [36m304[0m 5.373 ms - -[0m
[0mGET /styles/basic-preview/6/18/29.png [36m304[0m 5.191 ms - -[0m
[0mGET /styles/basic-preview/6/18/30.png [36m304[0m 2.263 ms - -[0m
[0mGET /styles/basic-preview/6/19/32.png [36m304[0m 2.211 ms - -[0m
[0mGET /styles/basic-preview/6/20/31.png [36m304[0m 1.812 ms - -[0m
[0mGET /styles/basic-preview/6/18/32.png [36m304[0m 1.797 ms - -[0m
[0mGET /styles/basic-preview/6/20/29.png [36m304[0m 1.041 ms - -[0m
[0mGET /styles/basic-preview/6/20/30.png [36m304[0m 1.690 ms - -[0m
[0mGET /styles/basic-preview/6/17/31.png [36m304[0m 2.474 ms - -[0m
[0mGET /styles/basic-preview/6/17/29.png [36m304[0m 1.206 ms - -[0m
[0mGET /styles/basic-preview/6/20/32.png [36m304[0m 2.525 ms - -[0m
[0mGET /styles/basic-preview/6/17/30.png [36m304[0m 3.114 ms - -[0m
[0mGET /styles/basic-preview/6/18/28.png [36m304[0m 1.751 ms - -[0m
[0mGET /styles/basic-preview/6/17/32.png [36m304[0m 2.880 ms - -[0m
[0mGET /styles/basic-preview/6/20/28.png [36m304[0m 1.769 ms - -[0m
[0mGET /styles/basic-preview/6/21/31.png [36m304[0m 1.452 ms - -[0m
[0mGET /styles/basic-preview/6/21/29.png [36m304[0m 1.256 ms - -[0m
[0mGET /styles/basic-preview/6/21/30.png [36m304[0m 1.183 ms - -[0m
[0mGET /styles/basic-preview/6/21/32.png [36m304[0m 1.548 ms - -[0m
[0mGET /styles/basic-preview/6/16/31.png [36m304[0m 1.105 ms - -[0m
[0mGET /styles/basic-preview/6/16/29.png [36m304[0m 0.774 ms - -[0m
[0mGET /styles/basic-preview/6/16/30.png [36m304[0m 0.835 ms - -[0m
[0mGET /styles/basic-preview/7/38/61.png [36m304[0m 0.656 ms - -[0m
[0mGET /styles/basic-preview/7/38/62.png [36m304[0m 1.238 ms - -[0m
[0mGET /styles/basic-preview/7/37/61.png [36m304[0m 2.392 ms - -[0m
[0mGET /styles/basic-preview/7/37/62.png [36m304[0m 3.044 ms - -[0m
[0mGET /styles/basic-preview/7/38/60.png [36m304[0m 2.298 ms - -[0m
[0mGET /styles/basic-preview/7/38/63.png [36m304[0m 3.316 ms - -[0m
[0mGET /styles/basic-preview/7/39/61.png [36m304[0m 3.533 ms - -[0m
[0mGET /styles/basic-preview/7/39/62.png [36m304[0m 1.827 ms - -[0m
[0mGET /styles/basic-preview/7/37/60.png [36m304[0m 1.248 ms - -[0m
[0mGET /styles/basic-preview/7/37/63.png [36m304[0m 1.113 ms - -[0m
[0mGET /styles/basic-preview/7/39/60.png [36m304[0m 1.113 ms - -[0m
[0mGET /styles/basic-preview/7/39/63.png [36m304[0m 1.137 ms - -[0m
[0mGET /styles/basic-preview/7/36/61.png [36m304[0m 1.863 ms - -[0m
[0mGET /styles/basic-preview/7/36/62.png [36m304[0m 2.428 ms - -[0m
[0mGET /styles/basic-preview/8/76/123.png [36m304[0m 0.767 ms - -[0m
[0mGET /styles/basic-preview/8/76/124.png [36m304[0m 1.202 ms - -[0m
[0mGET /styles/basic-preview/8/77/123.png [36m304[0m 1.003 ms - -[0m
[0mGET /styles/basic-preview/8/77/124.png [36m304[0m 1.204 ms - -[0m
[0mGET /styles/basic-preview/8/76/125.png [36m304[0m 1.179 ms - -[0m
[0mGET /styles/basic-preview/8/76/122.png [36m304[0m 1.335 ms - -[0m
[0mGET /styles/basic-preview/8/77/125.png [36m304[0m 1.199 ms - -[0m
[0mGET /styles/basic-preview/8/75/124.png [36m304[0m 0.394 ms - -[0m
[0mGET /styles/basic-preview/8/75/123.png [36m304[0m 1.125 ms - -[0m
[0mGET /styles/basic-preview/8/78/123.png [36m304[0m 1.811 ms - -[0m
[0mGET /styles/basic-preview/8/78/124.png [36m304[0m 1.977 ms - -[0m
[0mGET /styles/basic-preview/8/77/122.png [36m304[0m 1.689 ms - -[0m
[0mGET /styles/basic-preview/8/75/125.png [36m304[0m 6.650 ms - -[0m
[0mGET /styles/basic-preview/8/75/122.png [36m304[0m 5.781 ms - -[0m
[0mGET /styles/basic-preview/9/153/248.png [36m304[0m 0.926 ms - -[0m
[0mGET /styles/basic-preview/9/153/249.png [36m304[0m 1.553 ms - -[0m
[0mGET /styles/basic-preview/9/153/247.png [36m304[0m 1.698 ms - -[0m
[0mGET /styles/basic-preview/9/152/248.png [36m304[0m 1.391 ms - -[0m
[0mGET /styles/basic-preview/9/152/249.png [36m304[0m 1.398 ms - -[0m
[0mGET /styles/basic-preview/9/154/248.png [36m304[0m 1.649 ms - -[0m
[0mGET /styles/basic-preview/9/154/249.png [36m304[0m 2.155 ms - -[0m
[0mGET /styles/basic-preview/9/152/247.png [36m304[0m 2.904 ms - -[0m
[0mGET /styles/basic-preview/9/153/250.png [36m304[0m 0.676 ms - -[0m
[0mGET /styles/basic-preview/9/154/247.png [36m304[0m 0.898 ms - -[0m
[0mGET /styles/basic-preview/8/78/125.png [32m200[0m 54.346 ms - 24891[0m
[0mGET /styles/basic-preview/9/152/250.png [36m304[0m 4.315 ms - -[0m
[0mGET /styles/basic-preview/9/153/246.png [36m304[0m 7.726 ms - -[0m
[0mGET /styles/basic-preview/9/151/248.png [36m304[0m 6.964 ms - -[0m
[0mGET /styles/basic-preview/9/151/249.png [36m304[0m 5.688 ms - -[0m
[0mGET /styles/basic-preview/9/152/246.png [36m304[0m 4.423 ms - -[0m
[0mGET /styles/basic-preview/9/151/247.png [36m304[0m 1.716 ms - -[0m
[0mGET /styles/basic-preview/9/154/246.png [36m304[0m 0.623 ms - -[0m
[0mGET /styles/basic-preview/9/155/248.png [36m304[0m 1.418 ms - -[0m
[0mGET /styles/basic-preview/9/155/249.png [36m304[0m 1.081 ms - -[0m
[0mGET /styles/basic-preview/9/155/247.png [36m304[0m 1.102 ms - -[0m
[0mGET /styles/basic-preview/9/151/250.png [36m304[0m 1.263 ms - -[0m
[0mGET /styles/basic-preview/9/151/246.png [36m304[0m 3.446 ms - -[0m
[0mGET /styles/basic-preview/9/155/246.png [36m304[0m 4.383 ms - -[0m
[0mGET /styles/basic-preview/9/154/250.png [32m200[0m 74.778 ms - 4662[0m
[0mGET /styles/basic-preview/9/150/248.png [36m304[0m 10.068 ms - -[0m
[0mGET /styles/basic-preview/9/150/249.png [36m304[0m 4.067 ms - -[0m
[0mGET /styles/basic-preview/9/150/247.png [36m304[0m 1.035 ms - -[0m
[0mGET /styles/basic-preview/9/150/250.png [36m304[0m 1.220 ms - -[0m
[0mGET /styles/basic-preview/9/150/246.png [36m304[0m 1.056 ms - -[0m
[0mGET /styles/basic-preview/8/78/122.png [36m304[0m 2.393 ms - -[0m
[0mGET /styles/basic-preview/9/155/250.png [32m200[0m 57.699 ms - 15141[0m
[0mGET /styles/basic-preview/8/74/122.png [36m304[0m 1.185 ms - -[0m
[0mGET /styles/basic-preview/8/74/123.png [36m304[0m 2.786 ms - -[0m
[0mGET /styles/basic-preview/8/74/124.png [36m304[0m 1.859 ms - -[0m
[0mGET /styles/basic-preview/8/74/125.png [36m304[0m 2.207 ms - -[0m
[0mGET /styles/basic-preview/9/149/248.png [36m304[0m 1.389 ms - -[0m
[0mGET /styles/basic-preview/9/149/249.png [36m304[0m 2.939 ms - -[0m
[0mGET /styles/basic-preview/9/149/247.png [36m304[0m 2.844 ms - -[0m
[0mGET /styles/basic-preview/9/149/250.png [36m304[0m 1.393 ms - -[0m
[0mGET /styles/basic-preview/9/148/248.png [36m304[0m 1.648 ms - -[0m
[0mGET /styles/basic-preview/9/148/249.png [36m304[0m 2.508 ms - -[0m
[0mGET /styles/basic-preview/9/148/247.png [36m304[0m 1.431 ms - -[0m
[0mGET /styles/basic-preview/9/148/250.png [36m304[0m 1.388 ms - -[0m
[0mGET /styles/basic-preview/9/149/246.png [36m304[0m 1.898 ms - -[0m
[0mGET /styles/basic-preview/9/148/246.png [36m304[0m 2.100 ms - -[0m
[0mGET /styles/basic-preview/7/36/60.png [36m304[0m 1.439 ms - -[0m
[0mGET /styles/basic-preview/8/73/123.png [36m304[0m 1.661 ms - -[0m
[0mGET /styles/basic-preview/8/73/124.png [36m304[0m 1.895 ms - -[0m
[0mGET /styles/basic-preview/8/73/125.png [36m304[0m 2.668 ms - -[0m
[0mGET /styles/basic-preview/8/73/122.png [36m304[0m 3.047 ms - -[0m
[0mGET /styles/basic-preview/9/150/251.png [36m304[0m 1.474 ms - -[0m
[0mGET /styles/basic-preview/9/151/251.png [36m304[0m 2.962 ms - -[0m
[0mGET /styles/basic-preview/9/152/251.png [36m304[0m 3.177 ms - -[0m
[0mGET /styles/basic-preview/9/148/251.png [32m200[0m 54.290 ms - 17485[0m
[0mGET /styles/basic-preview/9/149/251.png [32m200[0m 60.805 ms - 16894[0m
[0mGET /styles/basic-preview/9/147/248.png [32m200[0m 90.540 ms - 10064[0m
[0mGET /styles/basic-preview/9/147/249.png [32m200[0m 106.766 ms - 14129[0m
[0mGET /styles/basic-preview/9/147/247.png [32m200[0m 105.303 ms - 12947[0m
[0mGET /styles/basic-preview/9/147/250.png [32m200[0m 106.396 ms - 18660[0m
[0mGET /styles/basic-preview/9/147/251.png [32m200[0m 112.885 ms - 32782[0m
[0mGET /styles/basic-preview/9/146/248.png [32m200[0m 79.087 ms - 9928[0m
[0mGET /styles/basic-preview/9/146/247.png [32m200[0m 138.989 ms - 11945[0m
[0mGET /styles/basic-preview/9/146/249.png [32m200[0m 99.551 ms - 11136[0m
[0mGET /styles/basic-preview/9/146/251.png [32m200[0m 99.093 ms - 13268[0m
[0mGET /styles/basic-preview/9/146/250.png [32m200[0m 105.611 ms - 20722[0m
[0mGET /styles/basic-preview/10/299/498.png [36m304[0m 1.374 ms - -[0m
[0mGET /styles/basic-preview/10/299/499.png [36m304[0m 1.437 ms - -[0m
[0mGET /styles/basic-preview/10/300/498.png [36m304[0m 1.350 ms - -[0m
[0mGET /styles/basic-preview/10/300/499.png [36m304[0m 2.435 ms - -[0m
[0mGET /styles/basic-preview/10/299/500.png [36m304[0m 4.174 ms - -[0m
[0mGET /styles/basic-preview/10/300/500.png [36m304[0m 2.656 ms - -[0m
[0mGET /styles/basic-preview/10/299/497.png [36m304[0m 3.162 ms - -[0m
[0mGET /styles/basic-preview/10/298/498.png [36m304[0m 0.763 ms - -[0m
[0mGET /styles/basic-preview/10/298/499.png [36m304[0m 0.474 ms - -[0m
[0mGET /styles/basic-preview/10/300/497.png [36m304[0m 1.182 ms - -[0m
[0mGET /styles/basic-preview/10/298/497.png [36m304[0m 3.055 ms - -[0m
[0mGET /styles/basic-preview/10/301/498.png [36m304[0m 2.942 ms - -[0m
[0mGET /styles/basic-preview/10/301/499.png [36m304[0m 2.839 ms - -[0m
[0mGET /styles/basic-preview/10/301/500.png [36m304[0m 0.950 ms - -[0m
[0mGET /styles/basic-preview/10/301/497.png [36m304[0m 1.319 ms - -[0m
[0mGET /styles/basic-preview/10/298/500.png [32m200[0m 48.367 ms - 23453[0m
[0mGET /styles/basic-preview/10/299/501.png [32m200[0m 73.154 ms - 24428[0m
[0mGET /styles/basic-preview/10/300/501.png [32m200[0m 79.436 ms - 28787[0m
[0mGET /styles/basic-preview/10/297/500.png [32m200[0m 125.795 ms - 20173[0m
[0mGET /styles/basic-preview/10/298/501.png [32m200[0m 162.079 ms - 23289[0m
[0mGET /styles/basic-preview/10/301/501.png [32m200[0m 139.228 ms - 30650[0m
[0mGET /styles/basic-preview/10/297/498.png [32m200[0m 170.592 ms - 37326[0m
[0mGET /styles/basic-preview/10/302/498.png [36m304[0m 5.174 ms - -[0m
[0mGET /styles/basic-preview/10/302/499.png [36m304[0m 5.409 ms - -[0m
[0mGET /styles/basic-preview/10/302/500.png [36m304[0m 2.551 ms - -[0m
[0mGET /styles/basic-preview/10/302/497.png [36m304[0m 3.112 ms - -[0m
[0mGET /styles/basic-preview/10/297/497.png [32m200[0m 164.315 ms - 26376[0m
[0mGET /styles/basic-preview/10/297/499.png [32m200[0m 182.304 ms - 27767[0m
[0mGET /styles/basic-preview/10/302/501.png [32m200[0m 64.553 ms - 19123[0m
[0mGET /styles/basic-preview/10/297/501.png [32m200[0m 102.221 ms - 17742[0m
[0mGET /styles/basic-preview/11/599/998.png [36m304[0m 1.699 ms - -[0m
[0mGET /styles/basic-preview/11/600/998.png [36m304[0m 4.253 ms - -[0m
[0mGET /styles/basic-preview/11/600/999.png [36m304[0m 3.482 ms - -[0m
[0mGET /styles/basic-preview/11/599/997.png [36m304[0m 3.437 ms - -[0m
[0mGET /styles/basic-preview/11/600/997.png [36m304[0m 2.095 ms - -[0m
[0mGET /styles/basic-preview/11/601/998.png [36m304[0m 1.318 ms - -[0m
[0mGET /styles/basic-preview/11/601/999.png [36m304[0m 1.009 ms - -[0m
[0mGET /styles/basic-preview/11/599/999.png [32m200[0m 104.474 ms - 15277[0m
[0mGET /styles/basic-preview/11/600/1000.png [32m200[0m 110.380 ms - 15917[0m
[0mGET /styles/basic-preview/11/601/997.png [36m304[0m 3.857 ms - -[0m
[0mGET /styles/basic-preview/11/599/1000.png [32m200[0m 162.551 ms - 20172[0m
[0mGET /styles/basic-preview/11/598/998.png [32m200[0m 152.149 ms - 28488[0m
[0mGET /styles/basic-preview/11/599/996.png [36m304[0m 1.416 ms - -[0m
[0mGET /styles/basic-preview/11/600/996.png [36m304[0m 7.687 ms - -[0m
[0mGET /styles/basic-preview/11/598/999.png [32m200[0m 159.040 ms - 34035[0m
[0mGET /styles/basic-preview/11/598/997.png [32m200[0m 138.125 ms - 24083[0m
[0mGET /styles/basic-preview/11/601/996.png [36m304[0m 1.585 ms - -[0m
[0mGET /styles/basic-preview/11/602/998.png [36m304[0m 4.837 ms - -[0m
[0mGET /styles/basic-preview/11/602/999.png [36m304[0m 1.633 ms - -[0m
[0mGET /styles/basic-preview/11/601/1000.png [32m200[0m 79.338 ms - 16941[0m
[0mGET /styles/basic-preview/11/598/1000.png [32m200[0m 122.236 ms - 17697[0m
[0mGET /styles/basic-preview/11/602/997.png [36m304[0m 1.466 ms - -[0m
[0mGET /styles/basic-preview/11/597/998.png [32m200[0m 125.318 ms - 15604[0m
[0mGET /styles/basic-preview/11/597/999.png [32m200[0m 131.826 ms - 20935[0m
[0mGET /styles/basic-preview/11/597/997.png [32m200[0m 114.775 ms - 20449[0m
[0mGET /styles/basic-preview/11/598/996.png [32m200[0m 137.835 ms - 33785[0m
[0mGET /styles/basic-preview/11/597/1000.png [32m200[0m 57.705 ms - 10702[0m
[0mGET /styles/basic-preview/11/602/1000.png [32m200[0m 59.681 ms - 29318[0m
[0mGET /styles/basic-preview/11/596/1000.png [32m200[0m 81.454 ms - 15591[0m
[0mGET /styles/basic-preview/11/600/1001.png [32m200[0m 102.346 ms - 21072[0m
[0mGET /styles/basic-preview/11/596/997.png [32m200[0m 129.377 ms - 15678[0m
[0mGET /styles/basic-preview/11/596/998.png [32m200[0m 131.740 ms - 23912[0m
[0mGET /styles/basic-preview/11/599/1001.png [32m200[0m 116.253 ms - 14944[0m
[0mGET /styles/basic-preview/11/596/999.png [32m200[0m 132.554 ms - 22708[0m
[0mGET /styles/basic-preview/11/597/1001.png [32m200[0m 31.566 ms - 18667[0m
[0mGET /styles/basic-preview/11/598/1001.png [32m200[0m 65.183 ms - 14396[0m
[0mGET /styles/basic-preview/11/601/1001.png [32m200[0m 74.346 ms - 14501[0m
[0mGET /styles/basic-preview/11/596/1001.png [32m200[0m 67.705 ms - 12771[0m
[0mGET /styles/basic-preview/11/602/1001.png [32m200[0m 29.670 ms - 23342[0m
[0mGET /styles/basic-preview/12/1198/1999.png [32m200[0m 82.972 ms - 10899[0m
[0mGET /styles/basic-preview/12/1199/1999.png [32m200[0m 130.131 ms - 12371[0m
[0mGET /styles/basic-preview/12/1199/1998.png [32m200[0m 130.814 ms - 5206[0m
[0mGET /styles/basic-preview/12/1198/1998.png [32m200[0m 135.385 ms - 11413[0m
[0mGET /styles/basic-preview/12/1199/2000.png [32m200[0m 134.611 ms - 14976[0m
[0mGET /styles/basic-preview/12/1198/2000.png [32m200[0m 135.703 ms - 17681[0m
[0mGET /styles/basic-preview/12/1199/1997.png [32m200[0m 86.613 ms - 8460[0m
[0mGET /styles/basic-preview/12/1198/1997.png [32m200[0m 132.499 ms - 11627[0m
[0mGET /styles/basic-preview/12/1200/1999.png [32m200[0m 133.970 ms - 16144[0m
[0mGET /styles/basic-preview/12/1200/1998.png [32m200[0m 135.258 ms - 15526[0m
[0mGET /styles/basic-preview/12/1197/1999.png [32m200[0m 138.194 ms - 21505[0m
[0mGET /styles/basic-preview/12/1197/1998.png [32m200[0m 157.178 ms - 19539[0m
[0mGET /styles/basic-preview/12/1197/2000.png [32m200[0m 110.678 ms - 19601[0m
[0mGET /styles/basic-preview/13/2397/3998.png [32m200[0m 81.767 ms - 4497[0m
[0mGET /styles/basic-preview/13/2397/3999.png [32m200[0m 98.652 ms - 11808[0m
[0mGET /styles/basic-preview/12/1200/2000.png [32m200[0m 99.672 ms - 13862[0m
[0mGET /styles/basic-preview/13/2397/4000.png [32m200[0m 98.995 ms - 13561[0m
[0mGET /styles/basic-preview/13/2398/3999.png [32m200[0m 92.373 ms - 6753[0m
[0mGET /styles/basic-preview/13/2398/4000.png [32m200[0m 69.778 ms - 9109[0m
[0mGET /styles/basic-preview/13/2396/3999.png [32m200[0m 77.538 ms - 7682[0m
[0mGET /styles/basic-preview/13/2398/3998.png [32m200[0m 83.467 ms - 5957[0m
[0mGET /styles/basic-preview/13/2396/4000.png [32m200[0m 93.033 ms - 18082[0m
[0mGET /styles/basic-preview/13/2396/3998.png [32m200[0m 88.775 ms - 9147[0m
[0mGET /styles/basic-preview/13/2397/4001.png [32m200[0m 102.155 ms - 2481[0m
[0mGET /styles/basic-preview/13/2397/3997.png [32m200[0m 40.645 ms - 6102[0m
[0mGET /styles/basic-preview/13/2398/4001.png [32m200[0m 89.802 ms - 5032[0m
[0mGET /styles/basic-preview/13/2398/3997.png [32m200[0m 78.877 ms - 2796[0m
[0mGET /styles/basic-preview/13/2399/3999.png [32m200[0m 84.729 ms - 8045[0m
[0mGET /styles/basic-preview/13/2399/4000.png [32m200[0m 80.752 ms - 8912[0m
[0mGET /styles/basic-preview/13/2399/3998.png [32m200[0m 68.977 ms - 10239[0m
[0mGET /styles/basic-preview/13/2396/4001.png [32m200[0m 25.730 ms - 7036[0m
[0mGET /styles/basic-preview/13/2396/3997.png [32m200[0m 48.043 ms - 6781[0m
[0mGET /styles/basic-preview/13/2399/3997.png [32m200[0m 53.582 ms - 2647[0m
[0mGET /styles/basic-preview/13/2395/4000.png [32m200[0m 68.595 ms - 13472[0m
[0mGET /styles/basic-preview/13/2399/4001.png [32m200[0m 73.884 ms - 10080[0m
[0mGET /styles/basic-preview/13/2395/3999.png [32m200[0m 69.604 ms - 15281[0m
[0mGET /styles/basic-preview/13/2395/3998.png [32m200[0m 67.411 ms - 6001[0m
[0mGET /styles/basic-preview/13/2395/4001.png [32m200[0m 49.475 ms - 14985[0m
[0mGET /styles/basic-preview/13/2395/3997.png [32m200[0m 50.407 ms - 4987[0m
[0mGET /styles/basic-preview/13/2394/3999.png [32m200[0m 56.604 ms - 9670[0m
[0mGET /styles/basic-preview/13/2394/3997.png [32m200[0m 62.648 ms - 16309[0m
[0mGET /styles/basic-preview/13/2394/3998.png [32m200[0m 64.802 ms - 18403[0m
[0mGET /styles/basic-preview/13/2394/4001.png [32m200[0m 67.103 ms - 7369[0m
[0mGET /styles/basic-preview/13/2394/4000.png [32m200[0m 71.247 ms - 10305[0m
[0mGET /styles/basic-preview/14/4795/7999.png [32m200[0m 82.840 ms - 15731[0m
[0mGET /styles/basic-preview/14/4794/7999.png [32m200[0m 128.013 ms - 6719[0m
[0mGET /styles/basic-preview/14/4795/7998.png [32m200[0m 123.791 ms - 10932[0m
[0mGET /styles/basic-preview/14/4795/8001.png [32m200[0m 138.572 ms - 9039[0m
[0mGET /styles/basic-preview/14/4794/8000.png [32m200[0m 139.471 ms - 34590[0m
[0mGET /styles/basic-preview/14/4795/8000.png [32m200[0m 141.344 ms - 27587[0m
[0mGET /styles/basic-preview/14/4794/7998.png [32m200[0m 47.772 ms - 8652[0m
[0mGET /styles/basic-preview/14/4796/7999.png [32m200[0m 88.548 ms - 5320[0m
[0mGET /styles/basic-preview/14/4793/7999.png [32m200[0m 89.063 ms - 6250[0m
[0mGET /styles/basic-preview/14/4796/8000.png [32m200[0m 90.395 ms - 10608[0m
[0mGET /styles/basic-preview/14/4794/8001.png [32m200[0m 109.012 ms - 7240[0m
[0mGET /styles/basic-preview/14/4793/8000.png [32m200[0m 96.920 ms - 19386[0m
[0mGET /styles/basic-preview/14/4797/8000.png [32m200[0m 31.042 ms - 3002[0m
[0mGET /styles/basic-preview/14/4796/8001.png [32m200[0m 91.952 ms - 6196[0m
[0mGET /styles/basic-preview/14/4793/7998.png [32m200[0m 80.585 ms - 1833[0m
[0mGET /styles/basic-preview/14/4796/7998.png [32m200[0m 99.624 ms - 15519[0m
[0mGET /styles/basic-preview/14/4793/8001.png [32m200[0m 82.852 ms - 8019[0m
[0mGET /styles/basic-preview/14/4797/7999.png [32m200[0m 100.907 ms - 5166[0m
[0mGET /styles/basic-preview/14/4797/8001.png [32m200[0m 97.390 ms - 11800[0m
[0mGET /styles/basic-preview/14/4797/7998.png [32m200[0m 53.291 ms - 3995[0m
[0mGET /styles/basic-preview/14/4798/7999.png [32m200[0m 41.389 ms - 5104[0m
[0mGET /styles/basic-preview/14/4798/8000.png [32m200[0m 48.853 ms - 7349[0m
[0mGET /styles/basic-preview/14/4798/7998.png [32m200[0m 38.302 ms - 3546[0m
[0mGET /styles/basic-preview/14/4798/8001.png [32m200[0m 18.493 ms - 9122[0m
[0mGET /styles/basic-preview/14/4799/7998.png [32m200[0m 60.827 ms - 13871[0m
[0mGET /styles/basic-preview/14/4799/8001.png [32m200[0m 77.896 ms - 11282[0m
[0mGET /styles/basic-preview/14/4799/8000.png [32m200[0m 78.866 ms - 5583[0m
[0mGET /styles/basic-preview/14/4799/7999.png [32m200[0m 85.520 ms - 4452[0m
[0mGET /styles/basic-preview/13/2400/3998.png [32m200[0m 54.156 ms - 10215[0m
[0mGET /styles/basic-preview/13/2400/3999.png [32m200[0m 58.644 ms - 12586[0m
[0mGET /styles/basic-preview/13/2400/4001.png [32m200[0m 46.255 ms - 5159[0m
[0mGET /styles/basic-preview/13/2400/4000.png [32m200[0m 52.966 ms - 12338[0m
[0mGET /styles/basic-preview/12/1198/2001.png [32m200[0m 22.246 ms - 18352[0m
[0mGET /styles/basic-preview/12/1199/2001.png [32m200[0m 71.302 ms - 16785[0m
[0mGET /styles/basic-preview/12/1197/1997.png [32m200[0m 53.748 ms - 13534[0m
[0mGET /styles/basic-preview/12/1201/1999.png [32m200[0m 95.473 ms - 10241[0m
[0mGET /styles/basic-preview/12/1200/1997.png [32m200[0m 101.315 ms - 9358[0m
[0mGET /styles/basic-preview/12/1201/1998.png [32m200[0m 101.612 ms - 19600[0m
[0mGET /styles/basic-preview/11/603/998.png [36m304[0m 1.458 ms - -[0m
[0mGET /styles/basic-preview/11/603/999.png [36m304[0m 2.171 ms - -[0m
[0mGET /styles/basic-preview/11/603/997.png [36m304[0m 1.961 ms - -[0m
[0mGET /styles/basic-preview/11/603/1000.png [32m200[0m 21.517 ms - 17916[0m
[0mGET /styles/basic-preview/11/602/996.png [36m304[0m 1.589 ms - -[0m
[0mGET /styles/basic-preview/11/603/996.png [36m304[0m 0.984 ms - -[0m
[0mGET /styles/basic-preview/11/604/998.png [36m304[0m 2.879 ms - -[0m
[0mGET /styles/basic-preview/11/604/999.png [36m304[0m 2.416 ms - -[0m
[0mGET /styles/basic-preview/11/604/997.png [36m304[0m 0.903 ms - -[0m
[0mGET /styles/basic-preview/11/604/996.png [36m304[0m 1.256 ms - -[0m
[0mGET /styles/basic-preview/11/602/995.png [36m304[0m 0.934 ms - -[0m
[0mGET /styles/basic-preview/11/601/995.png [36m304[0m 0.970 ms - -[0m
[0mGET /styles/basic-preview/11/603/995.png [36m304[0m 1.278 ms - -[0m
[0mGET /styles/basic-preview/11/600/995.png [36m304[0m 1.797 ms - -[0m
[0mGET /styles/basic-preview/11/604/995.png [36m304[0m 2.970 ms - -[0m
[0mGET /styles/basic-preview/11/599/995.png [36m304[0m 0.971 ms - -[0m
[0mGET /styles/basic-preview/12/1204/1993.png [36m304[0m 1.119 ms - -[0m
[0mGET /styles/basic-preview/12/1204/1994.png [36m304[0m 1.976 ms - -[0m
[0mGET /styles/basic-preview/12/1204/1995.png [36m304[0m 4.499 ms - -[0m
[0mGET /styles/basic-preview/12/1205/1993.png [36m304[0m 3.653 ms - -[0m
[0mGET /styles/basic-preview/12/1205/1994.png [36m304[0m 3.927 ms - -[0m
[0mGET /styles/basic-preview/12/1205/1995.png [36m304[0m 3.465 ms - -[0m
[0mGET /styles/basic-preview/12/1203/1993.png [36m304[0m 3.634 ms - -[0m
[0mGET /styles/basic-preview/12/1203/1994.png [36m304[0m 3.443 ms - -[0m
[0mGET /styles/basic-preview/12/1204/1992.png [36m304[0m 1.512 ms - -[0m
[0mGET /styles/basic-preview/12/1203/1995.png [36m304[0m 1.742 ms - -[0m
[0mGET /styles/basic-preview/12/1205/1992.png [36m304[0m 2.775 ms - -[0m
[0mGET /styles/basic-preview/12/1203/1992.png [36m304[0m 2.183 ms - -[0m
[0mGET /styles/basic-preview/12/1204/1996.png [36m304[0m 2.394 ms - -[0m
[0mGET /styles/basic-preview/12/1206/1993.png [36m304[0m 1.850 ms - -[0m
[0mGET /styles/basic-preview/12/1206/1994.png [36m304[0m 3.733 ms - -[0m
[0mGET /styles/basic-preview/12/1206/1995.png [36m304[0m 4.498 ms - -[0m
[0mGET /styles/basic-preview/12/1202/1993.png [36m304[0m 5.432 ms - -[0m
[0mGET /styles/basic-preview/12/1202/1994.png [36m304[0m 5.869 ms - -[0m
[0mGET /styles/basic-preview/12/1206/1992.png [36m304[0m 2.034 ms - -[0m
[0mGET /styles/basic-preview/12/1202/1995.png [36m304[0m 2.110 ms - -[0m
[0mGET /styles/basic-preview/12/1202/1992.png [36m304[0m 2.480 ms - -[0m
[0mGET /styles/basic-preview/12/1207/1993.png [36m304[0m 5.325 ms - -[0m
[0mGET /styles/basic-preview/12/1207/1994.png [36m304[0m 2.817 ms - -[0m
[0mGET /styles/basic-preview/12/1207/1995.png [36m304[0m 2.718 ms - -[0m
[0mGET /styles/basic-preview/13/2409/3988.png [36m304[0m 2.595 ms - -[0m
[0mGET /styles/basic-preview/13/2409/3989.png [36m304[0m 2.354 ms - -[0m
[0mGET /styles/basic-preview/13/2409/3987.png [36m304[0m 2.605 ms - -[0m
[0mGET /styles/basic-preview/13/2410/3988.png [36m304[0m 3.829 ms - -[0m
[0mGET /styles/basic-preview/13/2410/3989.png [36m304[0m 2.505 ms - -[0m
[0mGET /styles/basic-preview/13/2410/3987.png [36m304[0m 3.143 ms - -[0m
[0mGET /styles/basic-preview/13/2408/3989.png [36m304[0m 2.345 ms - -[0m
[0mGET /styles/basic-preview/13/2408/3988.png [36m304[0m 2.887 ms - -[0m
[0mGET /styles/basic-preview/13/2408/3987.png [36m304[0m 2.542 ms - -[0m
[0mGET /styles/basic-preview/13/2409/3990.png [36m304[0m 2.541 ms - -[0m
[0mGET /styles/basic-preview/13/2410/3990.png [36m304[0m 2.352 ms - -[0m
[0mGET /styles/basic-preview/13/2409/3986.png [36m304[0m 3.262 ms - -[0m
[0mGET /styles/basic-preview/13/2410/3986.png [36m304[0m 1.412 ms - -[0m
[0mGET /styles/basic-preview/13/2411/3988.png [36m304[0m 1.440 ms - -[0m
[0mGET /styles/basic-preview/13/2411/3989.png [36m304[0m 2.328 ms - -[0m
[0mGET /styles/basic-preview/13/2408/3990.png [36m304[0m 2.681 ms - -[0m
[0mGET /styles/basic-preview/13/2411/3987.png [36m304[0m 2.912 ms - -[0m
[0mGET /styles/basic-preview/13/2408/3986.png [36m304[0m 3.011 ms - -[0m
[0mGET /styles/basic-preview/13/2411/3990.png [36m304[0m 2.058 ms - -[0m
[0mGET /styles/basic-preview/13/2407/3988.png [36m304[0m 1.835 ms - -[0m
[0mGET /styles/basic-preview/13/2407/3989.png [36m304[0m 2.043 ms - -[0m
[0mGET /styles/basic-preview/13/2411/3986.png [36m304[0m 1.218 ms - -[0m
[0mGET /styles/basic-preview/13/2407/3990.png [36m304[0m 3.459 ms - -[0m
[0mGET /styles/basic-preview/13/2412/3988.png [36m304[0m 7.034 ms - -[0m
[0mGET /styles/basic-preview/13/2412/3987.png [36m304[0m 4.689 ms - -[0m
[0mGET /styles/basic-preview/13/2412/3989.png [36m304[0m 6.014 ms - -[0m
[0mGET /styles/basic-preview/13/2412/3990.png [36m304[0m 1.501 ms - -[0m
[0mGET /styles/basic-preview/13/2412/3986.png [36m304[0m 2.103 ms - -[0m
[0mGET /styles/basic-preview/13/2407/3987.png [32m200[0m 68.654 ms - 10292[0m
[0mGET /styles/basic-preview/13/2407/3986.png [32m200[0m 65.834 ms - 17629[0m
[0mGET /styles/basic-preview/14/4819/7976.png [36m304[0m 1.309 ms - -[0m
[0mGET /styles/basic-preview/14/4819/7977.png [36m304[0m 1.652 ms - -[0m
[0mGET /styles/basic-preview/14/4820/7976.png [36m304[0m 2.540 ms - -[0m
[0mGET /styles/basic-preview/14/4820/7977.png [36m304[0m 1.910 ms - -[0m
[0mGET /styles/basic-preview/14/4819/7978.png [36m304[0m 1.403 ms - -[0m
[0mGET /styles/basic-preview/14/4820/7978.png [36m304[0m 1.852 ms - -[0m
[0mGET /styles/basic-preview/14/4819/7975.png [36m304[0m 2.167 ms - -[0m
[0mGET /styles/basic-preview/14/4820/7975.png [36m304[0m 1.432 ms - -[0m
[0mGET /styles/basic-preview/14/4818/7976.png [36m304[0m 1.354 ms - -[0m
[0mGET /styles/basic-preview/14/4818/7977.png [36m304[0m 2.600 ms - -[0m
[0mGET /styles/basic-preview/14/4818/7978.png [36m304[0m 2.531 ms - -[0m
[0mGET /styles/basic-preview/14/4821/7976.png [36m304[0m 3.769 ms - -[0m
[0mGET /styles/basic-preview/14/4821/7977.png [36m304[0m 1.678 ms - -[0m
[0mGET /styles/basic-preview/14/4821/7978.png [36m304[0m 1.229 ms - -[0m
[0mGET /styles/basic-preview/14/4818/7975.png [36m304[0m 3.370 ms - -[0m
[0mGET /styles/basic-preview/14/4821/7975.png [36m304[0m 5.782 ms - -[0m
[0mGET /styles/basic-preview/14/4817/7976.png [36m304[0m 5.954 ms - -[0m
[0mGET /styles/basic-preview/14/4817/7977.png [36m304[0m 5.962 ms - -[0m
[0mGET /styles/basic-preview/14/4822/7976.png [36m304[0m 1.065 ms - -[0m
[0mGET /styles/basic-preview/14/4822/7977.png [36m304[0m 1.108 ms - -[0m
[0mGET /styles/basic-preview/14/4822/7978.png [36m304[0m 1.324 ms - -[0m
[0mGET /styles/basic-preview/14/4817/7978.png [36m304[0m 1.687 ms - -[0m
[0mGET /styles/basic-preview/14/4822/7975.png [36m304[0m 0.760 ms - -[0m
[0mGET /styles/basic-preview/14/4817/7975.png [36m304[0m 0.922 ms - -[0m
[0mGET /styles/basic-preview/14/4819/7979.png [36m304[0m 2.835 ms - -[0m
[0mGET /styles/basic-preview/14/4820/7979.png [36m304[0m 2.941 ms - -[0m
[0mGET /styles/basic-preview/14/4818/7979.png [36m304[0m 2.733 ms - -[0m
[0mGET /styles/basic-preview/14/4821/7979.png [36m304[0m 2.374 ms - -[0m
[0mGET /styles/basic-preview/14/4817/7979.png [36m304[0m 2.861 ms - -[0m
[0mGET /styles/basic-preview/13/2409/3985.png [32m200[0m 66.875 ms - 17738[0m
[0mGET /styles/basic-preview/12/1204/1991.png [36m304[0m 0.832 ms - -[0m
[0mGET /styles/basic-preview/12/1205/1991.png [36m304[0m 4.839 ms - -[0m
[0mGET /styles/basic-preview/12/1203/1991.png [36m304[0m 5.239 ms - -[0m
[0mGET /styles/basic-preview/13/2408/3985.png [32m200[0m 95.824 ms - 14576[0m
[0mGET /styles/basic-preview/12/1206/1991.png [36m304[0m 29.646 ms - -[0m
[0mGET /styles/basic-preview/12/1202/1991.png [36m304[0m 17.365 ms - -[0m
[0mGET /styles/basic-preview/13/2411/3985.png [32m200[0m 93.125 ms - 28788[0m
[0mGET /styles/basic-preview/13/2410/3985.png [32m200[0m 103.277 ms - 34912[0m
[0mGET /styles/basic-preview/11/602/994.png [36m304[0m 1.310 ms - -[0m
[0mGET /styles/basic-preview/11/601/994.png [36m304[0m 3.324 ms - -[0m
[0mGET /styles/basic-preview/10/301/496.png [36m304[0m 3.553 ms - -[0m
[0mGET /styles/basic-preview/10/300/496.png [36m304[0m 4.992 ms - -[0m
[0mGET /styles/basic-preview/11/603/994.png [36m304[0m 0.949 ms - -[0m
[0mGET /styles/basic-preview/11/600/994.png [36m304[0m 1.040 ms - -[0m
[0mGET /styles/basic-preview/10/299/496.png [36m304[0m 0.753 ms - -[0m
[0mGET /styles/basic-preview/10/302/496.png [36m304[0m 1.260 ms - -[0m
[0mGET /styles/basic-preview/10/300/495.png [32m200[0m 51.328 ms - 16245[0m
[0mGET /styles/basic-preview/10/298/496.png [36m304[0m 1.568 ms - -[0m
[0mGET /styles/basic-preview/10/301/495.png [32m200[0m 107.589 ms - 30941[0m
[0mGET /styles/basic-preview/10/302/495.png [32m200[0m 113.342 ms - 32461[0m
[0mGET /styles/basic-preview/10/299/495.png [32m200[0m 113.859 ms - 24743[0m
[0mGET /styles/basic-preview/8/74/121.png [36m304[0m 2.788 ms - -[0m
[0mGET /styles/basic-preview/8/75/121.png [36m304[0m 2.683 ms - -[0m
[0mGET /styles/basic-preview/8/73/121.png [36m304[0m 2.176 ms - -[0m
[0mGET /styles/basic-preview/8/76/121.png [36m304[0m 0.700 ms - -[0m
[0mGET /styles/basic-preview/8/72/122.png [36m304[0m 0.525 ms - -[0m
[0mGET /styles/basic-preview/8/72/123.png [36m304[0m 0.689 ms - -[0m
[0mGET /styles/basic-preview/8/72/121.png [36m304[0m 0.996 ms - -[0m
[0mGET /styles/basic-preview/8/72/124.png [36m304[0m 1.164 ms - -[0m
[0mGET /styles/basic-preview/7/37/59.png [36m304[0m 0.902 ms - -[0m
[0mGET /styles/basic-preview/7/36/59.png [36m304[0m 1.152 ms - -[0m
[0mGET /styles/basic-preview/7/38/59.png [36m304[0m 1.130 ms - -[0m
[0mGET /styles/basic-preview/7/35/60.png [36m304[0m 1.294 ms - -[0m
[0mGET /styles/basic-preview/7/35/61.png [36m304[0m 2.156 ms - -[0m
[0mGET /styles/basic-preview/7/35/59.png [36m304[0m 1.698 ms - -[0m
[0mGET /styles/basic-preview/7/35/62.png [36m304[0m 0.962 ms - -[0m
[0mGET /styles/basic-preview/7/39/59.png [36m304[0m 1.295 ms - -[0m
[0mGET /styles/basic-preview/7/34/60.png [36m304[0m 1.190 ms - -[0m
[0mGET /styles/basic-preview/7/34/61.png [36m304[0m 1.021 ms - -[0m
[0mGET /styles/basic-preview/7/34/62.png [36m304[0m 4.733 ms - -[0m
[0mGET /styles/basic-preview/7/34/59.png [32m200[0m 37.323 ms - 12433[0m
[0mGET /styles/basic-preview/6/19/28.png [36m304[0m 4.079 ms - -[0m
[0mGET /styles/basic-preview/6/17/28.png [36m304[0m 5.208 ms - -[0m
[0mGET /styles/basic-preview/7/36/58.png [32m200[0m 50.982 ms - 2600[0m
[0mGET /styles/basic-preview/7/37/58.png [32m200[0m 54.417 ms - 1833[0m
[0mGET /styles/basic-preview/6/16/28.png [36m304[0m 1.004 ms - -[0m
[0mGET /styles/basic-preview/3/1/2.png [36m304[0m 0.887 ms - -[0m
[0mGET /styles/basic-preview/3/1/3.png [36m304[0m 1.013 ms - -[0m
[0mGET /styles/basic-preview/4/3/6.png [36m304[0m 0.908 ms - -[0m
[0mGET /styles/basic-preview/4/3/7.png [36m304[0m 0.841 ms - -[0m
[0mGET /styles/basic-preview/5/7/16.png [36m304[0m 2.212 ms - -[0m
[0mGET /styles/basic-preview/5/7/17.png [36m304[0m 2.796 ms - -[0m
[0mGET /styles/basic-preview/5/10/12.png [36m304[0m 0.978 ms - -[0m
[0mGET /styles/basic-preview/5/11/13.png [36m304[0m 0.991 ms - -[0m
[0mGET /styles/basic-preview/5/11/12.png [36m304[0m 0.591 ms - -[0m
[0mGET /styles/basic-preview/5/6/16.png [36m304[0m 0.877 ms - -[0m
[0mGET /styles/basic-preview/5/6/17.png [36m304[0m 1.162 ms - -[0m
[0mGET /styles/basic-preview/4/2/5.png [36m304[0m 1.374 ms - -[0m
[0mGET /styles/basic-preview/4/2/6.png [36m304[0m 2.776 ms - -[0m
[0mGET /styles/basic-preview/4/3/5.png [36m304[0m 1.658 ms - -[0m
[0mGET /styles/basic-preview/3/1/4.png [36m304[0m 0.839 ms - -[0m
[0mGET /styles/basic-preview/3/1/5.png [36m304[0m 1.421 ms - -[0m
[0mGET /styles/basic-preview/3/0/2.png [36m304[0m 1.016 ms - -[0m
[0mGET /styles/basic-preview/3/0/3.png [36m304[0m 0.765 ms - -[0m
[0mGET /styles/basic-preview/4/2/7.png [36m304[0m 1.041 ms - -[0m
[0mGET /styles/basic-preview/6/18/27.png [36m304[0m 0.738 ms - -[0m
[0mGET /styles/basic-preview/6/19/27.png [36m304[0m 1.507 ms - -[0m
[0mGET /styles/basic-preview/7/38/58.png [32m200[0m 36.568 ms - 1833[0m
[0mGET /styles/basic-preview/8/75/119.png [32m200[0m 36.071 ms - 9811[0m
[0mGET /styles/basic-preview/8/74/120.png [32m200[0m 75.678 ms - 24694[0m
[0mGET /styles/basic-preview/8/75/120.png [32m200[0m 81.921 ms - 20953[0m
[0mGET /styles/basic-preview/8/77/121.png [36m304[0m 1.367 ms - -[0m
[0mGET /styles/basic-preview/8/74/119.png [32m200[0m 125.915 ms - 2656[0m
[0mGET /styles/basic-preview/8/76/119.png [32m200[0m 158.425 ms - 13132[0m
[0mGET /styles/basic-preview/8/73/120.png [32m200[0m 126.192 ms - 2771[0m
[0mGET /styles/basic-preview/8/76/120.png [32m200[0m 178.069 ms - 15113[0m
[0mGET /styles/basic-preview/8/77/120.png [32m200[0m 129.237 ms - 17023[0m
[0mGET /styles/basic-preview/8/73/119.png [32m200[0m 128.742 ms - 1833[0m
[0mGET /styles/basic-preview/8/72/119.png [32m200[0m 34.552 ms - 1833[0m
[0mGET /styles/basic-preview/8/72/120.png [32m200[0m 65.409 ms - 1998[0m
[0mGET /styles/basic-preview/8/77/119.png [32m200[0m 87.394 ms - 9343[0m
[0mGET /styles/basic-preview/7/39/58.png [32m200[0m 37.856 ms - 1833[0m
[0mGET /styles/basic-preview/8/73/118.png [32m200[0m 20.168 ms - 1833[0m
[0mGET /styles/basic-preview/8/75/118.png [32m200[0m 72.146 ms - 1833[0m
[0mGET /styles/basic-preview/8/74/118.png [32m200[0m 111.873 ms - 1833[0m
[0mGET /styles/basic-preview/8/72/118.png [32m200[0m 99.254 ms - 1833[0m
[0mGET /styles/basic-preview/8/77/118.png [32m200[0m 115.483 ms - 3137[0m
[0mGET /styles/basic-preview/8/76/118.png [32m200[0m 116.715 ms - 2223[0m
[0mGET /styles/basic-preview/9/150/240.png [32m200[0m 107.225 ms - 19735[0m
[0mGET /styles/basic-preview/9/151/241.png [32m200[0m 147.579 ms - 16099[0m
[0mGET /styles/basic-preview/9/150/241.png [32m200[0m 145.823 ms - 11145[0m
[0mGET /styles/basic-preview/9/151/240.png [32m200[0m 146.323 ms - 28944[0m
[0mGET /styles/basic-preview/9/151/242.png [32m200[0m 153.977 ms - 21713[0m
[0mGET /styles/basic-preview/9/150/242.png [32m200[0m 153.281 ms - 13633[0m
[0mGET /styles/basic-preview/9/152/241.png [32m200[0m 99.325 ms - 9881[0m
[0mGET /styles/basic-preview/9/152/240.png [32m200[0m 113.083 ms - 12816[0m
[0mGET /styles/basic-preview/9/152/242.png [32m200[0m 114.795 ms - 11377[0m
[0mGET /styles/basic-preview/9/152/243.png [32m200[0m 117.281 ms - 17882[0m
[0mGET /styles/basic-preview/9/151/243.png [32m200[0m 130.468 ms - 20306[0m
[0mGET /styles/basic-preview/9/150/243.png [32m200[0m 131.303 ms - 22257[0m
[0mGET /styles/basic-preview/9/149/241.png [32m200[0m 102.588 ms - 18723[0m
[0mGET /styles/basic-preview/9/149/240.png [32m200[0m 113.822 ms - 22965[0m
[0mGET /styles/basic-preview/9/149/242.png [32m200[0m 115.364 ms - 23045[0m
[0mGET /styles/basic-preview/10/302/483.png [32m200[0m 140.677 ms - 22477[0m
[0mGET /styles/basic-preview/10/303/483.png [32m200[0m 142.643 ms - 17050[0m
[0mGET /styles/basic-preview/10/302/484.png [32m200[0m 149.136 ms - 29095[0m
[0mGET /styles/basic-preview/11/605/967.png [32m200[0m 79.708 ms - 18309[0m
[0mGET /styles/basic-preview/11/605/968.png [32m200[0m 130.356 ms - 13458[0m
[0mGET /styles/basic-preview/11/606/967.png [32m200[0m 126.883 ms - 9752[0m
[0mGET /styles/basic-preview/10/303/484.png [32m200[0m 178.669 ms - 21408[0m
[0mGET /styles/basic-preview/11/605/966.png [32m200[0m 128.472 ms - 7520[0m
[0mGET /styles/basic-preview/11/606/968.png [32m200[0m 132.526 ms - 10089[0m
[0mGET /styles/basic-preview/11/606/966.png [32m200[0m 83.779 ms - 7252[0m
[0mGET /styles/basic-preview/11/605/969.png [32m200[0m 106.769 ms - 18019[0m
[0mGET /styles/basic-preview/11/604/966.png [32m200[0m 98.736 ms - 9509[0m
[0mGET /styles/basic-preview/11/606/969.png [32m200[0m 106.379 ms - 18215[0m
[0mGET /styles/basic-preview/11/604/968.png [32m200[0m 107.331 ms - 18165[0m
[0mGET /styles/basic-preview/11/604/967.png [32m200[0m 109.082 ms - 20824[0m
[0mGET /styles/basic-preview/9/149/243.png [32m200[0m 42.632 ms - 22791[0m
[0mGET /styles/basic-preview/7/35/58.png [32m200[0m 36.532 ms - 4808[0m
[0mGET /styles/basic-preview/7/37/57.png [32m200[0m 58.268 ms - 10594[0m
[0mGET /styles/basic-preview/7/36/57.png [32m200[0m 90.202 ms - 12783[0m
[0mGET /styles/basic-preview/7/39/57.png [32m200[0m 94.458 ms - 19031[0m
[0mGET /styles/basic-preview/7/38/57.png [32m200[0m 95.426 ms - 24586[0m
[0mGET /styles/basic-preview/6/21/27.png [36m304[0m 3.014 ms - -[0m
[0mGET /styles/basic-preview/6/21/28.png [36m304[0m 5.229 ms - -[0m
[0mGET /styles/basic-preview/6/16/27.png [36m304[0m 0.633 ms - -[0m
[0mGET /styles/basic-preview/6/20/27.png [36m304[0m 0.727 ms - -[0m
[0mGET /styles/basic-preview/6/17/27.png [36m304[0m 1.529 ms - -[0m
[0mGET /styles/basic-preview/7/40/60.png [36m304[0m 3.177 ms - -[0m
[0mGET /styles/basic-preview/7/40/61.png [36m304[0m 3.718 ms - -[0m
[0mGET /styles/basic-preview/7/41/59.png [32m200[0m 96.862 ms - 5966[0m
[0mGET /styles/basic-preview/7/40/58.png [32m200[0m 97.527 ms - 1833[0m
[0mGET /styles/basic-preview/7/40/59.png [32m200[0m 116.922 ms - 3079[0m
[0mGET /styles/basic-preview/7/41/60.png [32m200[0m 114.957 ms - 26358[0m
[0mGET /styles/basic-preview/8/78/121.png [36m304[0m 0.498 ms - -[0m
[0mGET /styles/basic-preview/7/41/61.png [32m200[0m 119.125 ms - 15447[0m
[0mGET /styles/basic-preview/8/79/122.png [32m200[0m 111.039 ms - 14469[0m
[0mGET /styles/basic-preview/8/78/120.png [32m200[0m 125.645 ms - 15685[0m
[0mGET /styles/basic-preview/8/79/119.png [32m200[0m 117.905 ms - 9515[0m
[0mGET /styles/basic-preview/8/79/121.png [32m200[0m 129.518 ms - 13559[0m
[0mGET /styles/basic-preview/8/79/120.png [32m200[0m 149.732 ms - 21976[0m
[0mGET /styles/basic-preview/8/80/120.png [32m200[0m 121.010 ms - 25644[0m
[0mGET /styles/basic-preview/8/78/119.png [32m200[0m 94.753 ms - 20770[0m
[0mGET /styles/basic-preview/8/80/119.png [32m200[0m 108.308 ms - 3683[0m
[0mGET /styles/basic-preview/8/80/121.png [32m200[0m 118.457 ms - 14720[0m
[0mGET /styles/basic-preview/8/80/122.png [32m200[0m 109.736 ms - 17847[0m
[0mGET /styles/basic-preview/8/81/121.png [32m200[0m 114.769 ms - 12206[0m
[0mGET /styles/basic-preview/8/81/120.png [32m200[0m 130.627 ms - 14200[0m
[0mGET /styles/basic-preview/8/81/119.png [32m200[0m 68.122 ms - 2796[0m
[0mGET /styles/basic-preview/8/81/122.png [32m200[0m 116.546 ms - 12991[0m
[0mGET /styles/basic-preview/9/159/242.png [32m200[0m 134.932 ms - 8015[0m
[0mGET /styles/basic-preview/9/159/243.png [32m200[0m 135.275 ms - 9470[0m
[0mGET /styles/basic-preview/9/160/242.png [32m200[0m 141.990 ms - 15830[0m
[0mGET /styles/basic-preview/9/160/243.png [32m200[0m 131.199 ms - 9983[0m
[0mGET /styles/basic-preview/9/159/244.png [32m200[0m 166.821 ms - 18805[0m
[0mGET /styles/basic-preview/9/158/243.png [32m200[0m 178.869 ms - 8598[0m
[0mGET /styles/basic-preview/9/158/242.png [32m200[0m 180.445 ms - 10528[0m
[0mGET /styles/basic-preview/9/160/244.png [32m200[0m 176.630 ms - 12184[0m
[0mGET /styles/basic-preview/9/159/241.png [32m200[0m 194.104 ms - 21368[0m
[0mGET /styles/basic-preview/9/160/241.png [32m200[0m 180.481 ms - 24361[0m
[0mGET /styles/basic-preview/9/161/241.png [32m200[0m 15.313 ms - 18464[0m
[0mGET /styles/basic-preview/9/158/244.png [32m200[0m 128.403 ms - 10552[0m
[0mGET /styles/basic-preview/9/161/242.png [32m200[0m 151.743 ms - 13339[0m
[0mGET /styles/basic-preview/9/161/244.png [32m200[0m 142.520 ms - 10825[0m
[0mGET /styles/basic-preview/9/161/243.png [32m200[0m 143.176 ms - 10534[0m
[0mGET /styles/basic-preview/9/158/241.png [32m200[0m 158.050 ms - 14261[0m
[0mGET /styles/basic-preview/9/157/242.png [32m200[0m 128.896 ms - 16893[0m
[0mGET /styles/basic-preview/9/157/241.png [32m200[0m 79.610 ms - 16662[0m
[0mGET /styles/basic-preview/9/157/244.png [32m200[0m 109.065 ms - 10472[0m
[0mGET /styles/basic-preview/9/162/242.png [32m200[0m 126.254 ms - 9699[0m
[0mGET /styles/basic-preview/9/157/243.png [32m200[0m 134.072 ms - 8728[0m
[0mGET /styles/basic-preview/9/162/243.png [32m200[0m 129.366 ms - 7904[0m
[0mGET /styles/basic-preview/5/12/12.png [36m304[0m 1.059 ms - -[0m
[0mGET /styles/basic-preview/5/12/13.png [36m304[0m 0.844 ms - -[0m
[0mGET /styles/basic-preview/6/15/29.png [36m304[0m 0.885 ms - -[0m
[0mGET /styles/basic-preview/6/15/28.png [32m200[0m 86.288 ms - 19908[0m
[0mGET /styles/basic-preview/7/33/57.png [32m200[0m 83.061 ms - 2513[0m
[0mGET /styles/basic-preview/7/32/57.png [32m200[0m 116.484 ms - 21002[0m
[0mGET /styles/basic-preview/6/15/27.png [32m200[0m 142.304 ms - 2332[0m
[0mGET /styles/basic-preview/7/33/58.png [32m200[0m 124.166 ms - 19693[0m
[0mGET /styles/basic-preview/8/66/117.png [32m200[0m 91.450 ms - 19810[0m
[0mGET /styles/basic-preview/8/66/116.png [32m200[0m 127.765 ms - 18072[0m
[0mGET /styles/basic-preview/7/32/58.png [32m200[0m 211.780 ms - 30201[0m
[0mGET /styles/basic-preview/8/66/115.png [32m200[0m 122.820 ms - 2350[0m
[0mGET /styles/basic-preview/8/67/116.png [32m200[0m 122.983 ms - 8568[0m
[0mGET /styles/basic-preview/7/33/59.png [32m200[0m 170.057 ms - 30216[0m
[0mGET /styles/basic-preview/8/67/115.png [32m200[0m 67.791 ms - 2074[0m
[0mGET /styles/basic-preview/7/34/57.png [32m200[0m 85.062 ms - 3671[0m
[0mGET /styles/basic-preview/8/67/117.png [32m200[0m 99.634 ms - 14021[0m
[0mGET /styles/basic-preview/7/34/58.png [32m200[0m 99.758 ms - 16827[0m
[0mGET /styles/basic-preview/8/65/117.png [32m200[0m 104.050 ms - 28698[0m
[0mGET /styles/basic-preview/8/65/116.png [32m200[0m 116.940 ms - 21696[0m
[0mGET /styles/basic-preview/9/133/233.png [32m200[0m 112.829 ms - 14584[0m
[0mGET /styles/basic-preview/9/133/232.png [32m200[0m 119.429 ms - 11443[0m
[0mGET /styles/basic-preview/9/132/233.png [32m200[0m 113.087 ms - 15466[0m
[0mGET /styles/basic-preview/9/134/233.png [32m200[0m 116.506 ms - 9003[0m
[0mGET /styles/basic-preview/9/132/234.png [32m200[0m 119.125 ms - 10804[0m
[0mGET /styles/basic-preview/9/133/234.png [32m200[0m 128.729 ms - 15355[0m
[0mGET /styles/basic-preview/10/266/467.png [32m200[0m 108.012 ms - 14963[0m
[0mGET /styles/basic-preview/10/266/468.png [32m200[0m 150.871 ms - 5563[0m
[0mGET /styles/basic-preview/10/267/467.png [32m200[0m 151.011 ms - 8292[0m
[0mGET /styles/basic-preview/10/267/468.png [32m200[0m 147.070 ms - 11220[0m
[0mGET /styles/basic-preview/10/266/469.png [32m200[0m 146.824 ms - 14909[0m
[0mGET /styles/basic-preview/10/267/469.png [32m200[0m 146.684 ms - 19544[0m
[0mGET /styles/basic-preview/10/267/466.png [32m200[0m 24.909 ms - 17664[0m
[0mGET /styles/basic-preview/10/265/467.png [32m200[0m 149.270 ms - 15557[0m
[0mGET /styles/basic-preview/10/266/466.png [32m200[0m 198.881 ms - 11330[0m
[0mGET /styles/basic-preview/10/268/467.png [32m200[0m 180.178 ms - 11477[0m
[0mGET /styles/basic-preview/10/265/468.png [32m200[0m 198.013 ms - 8228[0m
[0mGET /styles/basic-preview/10/268/468.png [32m200[0m 161.580 ms - 13864[0m
[0mGET /styles/basic-preview/10/265/469.png [32m200[0m 189.902 ms - 11634[0m
[0mGET /styles/basic-preview/10/268/469.png [32m200[0m 128.696 ms - 6394[0m
[0mGET /styles/basic-preview/10/268/466.png [32m200[0m 168.219 ms - 18381[0m
[0mGET /styles/basic-preview/10/265/466.png [32m200[0m 169.929 ms - 18734[0m
[0mGET /styles/basic-preview/9/134/234.png [32m200[0m 163.515 ms - 9698[0m
[0mGET /styles/basic-preview/10/264/468.png [32m200[0m 165.171 ms - 9380[0m
[0mGET /styles/basic-preview/10/264/467.png [32m200[0m 166.793 ms - 13632[0m
[0mGET /styles/basic-preview/8/65/115.png [32m200[0m 155.002 ms - 18662[0m
[0mGET /styles/basic-preview/8/68/116.png [32m200[0m 153.116 ms - 8687[0m
[0mGET /styles/basic-preview/8/67/118.png [32m200[0m 168.140 ms - 19126[0m
[0mGET /styles/basic-preview/8/65/118.png [32m200[0m 156.793 ms - 33444[0m
[0mGET /styles/basic-preview/8/66/118.png [32m200[0m 169.547 ms - 34164[0m
[0mGET /styles/basic-preview/8/68/117.png [32m200[0m 163.554 ms - 19340[0m
[0mGET /styles/basic-preview/6/15/30.png [36m304[0m 4.479 ms - -[0m
[0mGET /styles/basic-preview/7/33/56.png [32m200[0m 40.328 ms - 11777[0m
[0mGET /styles/basic-preview/8/64/117.png [32m200[0m 38.819 ms - 34563[0m
[0mGET /styles/basic-preview/7/32/59.png [32m200[0m 132.420 ms - 17428[0m
[0mGET /styles/basic-preview/8/64/118.png [32m200[0m 138.090 ms - 23063[0m
[0mGET /styles/basic-preview/6/14/28.png [32m200[0m 93.793 ms - 34598[0m
[0mGET /styles/basic-preview/6/14/30.png [32m200[0m 92.816 ms - 1833[0m
[0mGET /styles/basic-preview/6/14/29.png [32m200[0m 131.028 ms - 5260[0m
[0mGET /styles/basic-preview/6/14/27.png [32m200[0m 159.369 ms - 28047[0m
[0mGET /styles/basic-preview/6/18/26.png [32m200[0m 154.247 ms - 2341[0m
[0mGET /styles/basic-preview/6/19/26.png [32m200[0m 257.169 ms - 1833[0m
[0mGET /styles/basic-preview/6/17/26.png [32m200[0m 259.013 ms - 33107[0m
[0mGET /styles/basic-preview/6/16/26.png [32m200[0m 260.262 ms - 22331[0m
[0mGET /styles/basic-preview/6/14/26.png [32m200[0m 215.796 ms - 29388[0m
[0mGET /styles/basic-preview/6/15/26.png [32m200[0m 218.341 ms - 26607[0m
[0mGET /styles/basic-preview/7/31/57.png [32m200[0m 108.965 ms - 18935[0m
[0mGET /styles/basic-preview/7/34/56.png [32m200[0m 120.525 ms - 7885[0m
[0mGET /styles/basic-preview/7/31/56.png [32m200[0m 121.071 ms - 9958[0m
[0mGET /styles/basic-preview/7/32/56.png [32m200[0m 130.061 ms - 22563[0m
[0mGET /styles/basic-preview/8/68/115.png [32m200[0m 35.298 ms - 3557[0m
[0mGET /styles/basic-preview/9/132/232.png [32m200[0m 34.659 ms - 8104[0m
[0mGET /styles/basic-preview/9/133/235.png [32m200[0m 55.198 ms - 9674[0m
[0mGET /styles/basic-preview/9/134/232.png [32m200[0m 76.257 ms - 5154[0m
[0mGET /styles/basic-preview/9/132/235.png [32m200[0m 30.990 ms - 13477[0m
[0mGET /styles/basic-preview/9/134/235.png [32m200[0m 31.911 ms - 14065[0m
[0mGET /styles/basic-preview/9/131/233.png [32m200[0m 142.865 ms - 17741[0m
[0mGET /styles/basic-preview/9/131/232.png [32m200[0m 169.291 ms - 4286[0m
[0mGET /styles/basic-preview/9/131/234.png [32m200[0m 170.395 ms - 12608[0m
[0mGET /styles/basic-preview/9/131/235.png [32m200[0m 180.652 ms - 17720[0m
[0mGET /styles/basic-preview/11/533/935.png [32m200[0m 117.802 ms - 4008[0m
[0mGET /styles/basic-preview/11/534/935.png [32m200[0m 130.864 ms - 4341[0m
[0mGET /styles/basic-preview/11/533/936.png [32m200[0m 132.416 ms - 1833[0m
[0mGET /styles/basic-preview/11/533/937.png [32m200[0m 134.197 ms - 3431[0m
[0mGET /styles/basic-preview/11/533/938.png [32m200[0m 128.233 ms - 11944[0m
[0mGET /styles/basic-preview/11/534/936.png [32m200[0m 137.926 ms - 7000[0m
[0mGET /styles/basic-preview/11/534/937.png [32m200[0m 76.891 ms - 8493[0m
[0mGET /styles/basic-preview/11/532/936.png [32m200[0m 108.679 ms - 1833[0m
[0mGET /styles/basic-preview/11/533/934.png [32m200[0m 117.616 ms - 15064[0m
[0mGET /styles/basic-preview/11/532/935.png [32m200[0m 112.628 ms - 5674[0m
[0mGET /styles/basic-preview/11/534/934.png [32m200[0m 106.374 ms - 6461[0m
[0mGET /styles/basic-preview/11/534/938.png [32m200[0m 109.099 ms - 5219[0m
[0mGET /styles/basic-preview/11/532/937.png [32m200[0m 59.522 ms - 5411[0m
[0mGET /styles/basic-preview/11/535/935.png [32m200[0m 65.719 ms - 2770[0m
[0mGET /styles/basic-preview/11/532/934.png [32m200[0m 108.147 ms - 10696[0m
[0mGET /styles/basic-preview/11/535/936.png [32m200[0m 110.938 ms - 7943[0m
[0mGET /styles/basic-preview/11/532/938.png [32m200[0m 117.642 ms - 10655[0m
[0mGET /styles/basic-preview/11/535/937.png [32m200[0m 111.347 ms - 5801[0m
[0mGET /styles/basic-preview/11/535/934.png [32m200[0m 75.635 ms - 6346[0m
[0mGET /styles/basic-preview/11/535/938.png [32m200[0m 117.843 ms - 17112[0m
[0mGET /styles/basic-preview/11/531/935.png [32m200[0m 78.710 ms - 7448[0m
[0mGET /styles/basic-preview/11/531/937.png [32m200[0m 113.351 ms - 4292[0m
[0mGET /styles/basic-preview/11/531/936.png [32m200[0m 114.010 ms - 4430[0m
[0mGET /styles/basic-preview/11/531/938.png [32m200[0m 117.235 ms - 7134[0m
[0mGET /styles/basic-preview/11/531/934.png [32m200[0m 70.628 ms - 11529[0m
[0mGET /styles/basic-preview/11/536/937.png [32m200[0m 80.849 ms - 10657[0m
[0mGET /styles/basic-preview/11/536/938.png [32m200[0m 103.173 ms - 6769[0m
[0mGET /styles/basic-preview/11/536/936.png [32m200[0m 104.870 ms - 8763[0m
[0mGET /styles/basic-preview/11/536/935.png [32m200[0m 105.939 ms - 5881[0m
[0mGET /styles/basic-preview/11/536/934.png [32m200[0m 108.640 ms - 10664[0m
[0mGET /styles/basic-preview/10/269/467.png [32m200[0m 53.327 ms - 3406[0m
[0mGET /styles/basic-preview/10/269/468.png [32m200[0m 53.415 ms - 9250[0m
[0mGET /styles/basic-preview/9/135/233.png [32m200[0m 103.233 ms - 10082[0m
[0mGET /styles/basic-preview/10/264/469.png [32m200[0m 197.558 ms - 12896[0m
[0mGET /styles/basic-preview/9/135/232.png [32m200[0m 129.146 ms - 4372[0m
[0mGET /styles/basic-preview/9/135/234.png [32m200[0m 176.470 ms - 16830[0m
[0mGET /styles/basic-preview/9/135/235.png [32m200[0m 147.149 ms - 10495[0m
[0mGET /styles/basic-preview/7/35/57.png [32m200[0m 32.200 ms - 4050[0m
[0mGET /styles/basic-preview/3/0/4.png [36m304[0m 0.669 ms - -[0m
[0mGET /styles/basic-preview/3/0/5.png [36m304[0m 0.632 ms - -[0m
[0mGET /styles/basic-preview/4/3/3.png [36m304[0m 1.139 ms - -[0m
[0mGET /styles/basic-preview/4/3/4.png [36m304[0m 0.872 ms - -[0m
[0mGET /styles/basic-preview/3/0/0.png [36m304[0m 1.151 ms - -[0m
[0mGET /styles/basic-preview/3/0/1.png [36m304[0m 0.727 ms - -[0m
[0mGET /styles/basic-preview/4/5/10.png [36m304[0m 0.713 ms - -[0m
[0mGET /styles/basic-preview/3/1/0.png [36m304[0m 0.829 ms - -[0m
[0mGET /styles/basic-preview/3/1/1.png [36m304[0m 1.495 ms - -[0m
[0mGET /styles/basic-preview/4/2/3.png [36m304[0m 1.733 ms - -[0m
[0mGET /styles/basic-preview/4/2/4.png [36m304[0m 1.959 ms - -[0m
[0mGET /styles/basic-preview/2/3/0.png [36m304[0m 0.531 ms - -[0m
[0mGET /styles/basic-preview/2/3/1.png [36m304[0m 0.665 ms - -[0m
[0mGET /styles/basic-preview/2/2/0.png [36m304[0m 0.998 ms - -[0m
[0mGET /styles/basic-preview/2/2/1.png [36m304[0m 0.859 ms - -[0m
[0mGET /styles/basic-preview/3/4/0.png [36m304[0m 1.127 ms - -[0m
[0mGET /styles/basic-preview/3/4/1.png [36m304[0m 1.298 ms - -[0m
[0mGET /styles/basic-preview/3/4/2.png [36m304[0m 0.611 ms - -[0m
[0mGET /styles/basic-preview/5/5/14.png [32m200[0m 24.530 ms - 2129[0m
[0mGET /styles/basic-preview/5/4/15.png [32m200[0m 87.932 ms - 1833[0m
[0mGET /styles/basic-preview/5/5/15.png [32m200[0m 96.178 ms - 1833[0m
[0mGET /styles/basic-preview/5/4/14.png [32m200[0m 94.840 ms - 1833[0m
[0mGET /styles/basic-preview/5/10/11.png [32m200[0m 54.874 ms - 17032[0m
[0mGET /styles/basic-preview/5/11/11.png [32m200[0m 62.121 ms - 6647[0m
[0mGET /styles/basic-preview/6/17/25.png [32m200[0m 260.316 ms - 45987[0m
[0mGET /styles/basic-preview/6/18/25.png [32m200[0m 224.754 ms - 18006[0m
[0mGET /styles/basic-preview/6/16/25.png [32m200[0m 279.459 ms - 38927[0m
[0mGET /styles/basic-preview/6/17/24.png [32m200[0m 261.698 ms - 35702[0m
[0mGET /styles/basic-preview/6/15/25.png [32m200[0m 262.372 ms - 27952[0m
[0mGET /styles/basic-preview/6/16/24.png [32m200[0m 297.602 ms - 36707[0m
[0mGET /styles/basic-preview/6/19/25.png [32m200[0m 250.022 ms - 1833[0m
[0mGET /styles/basic-preview/6/15/24.png [32m200[0m 268.248 ms - 26279[0m
[0mGET /styles/basic-preview/6/18/24.png [32m200[0m 301.205 ms - 47224[0m
[0mGET /styles/basic-preview/6/14/25.png [32m200[0m 242.875 ms - 28026[0m
[0mGET /styles/basic-preview/6/19/24.png [32m200[0m 276.042 ms - 3628[0m
[0mGET /styles/basic-preview/6/14/24.png [32m200[0m 248.026 ms - 18107[0m
[0mGET /styles/basic-preview/6/15/23.png [32m200[0m 162.791 ms - 22070[0m
[0mGET /styles/basic-preview/6/17/23.png [32m200[0m 223.922 ms - 33164[0m
[0mGET /styles/basic-preview/6/16/23.png [32m200[0m 213.430 ms - 31532[0m
[0mGET /styles/basic-preview/6/18/23.png [32m200[0m 182.099 ms - 30728[0m
[0mGET /styles/basic-preview/6/14/23.png [32m200[0m 198.773 ms - 14488[0m
[0mGET /styles/basic-preview/6/19/23.png [32m200[0m 206.023 ms - 36425[0m
[0mGET /styles/basic-preview/6/17/22.png [32m200[0m 26.149 ms - 18421[0m
[0mGET /styles/basic-preview/5/9/9.png [32m200[0m 71.813 ms - 9390[0m
[0mGET /styles/basic-preview/5/8/9.png [32m200[0m 82.521 ms - 3456[0m
[0mGET /styles/basic-preview/5/8/10.png [32m200[0m 122.120 ms - 7292[0m
[0mGET /styles/basic-preview/6/18/22.png [32m200[0m 41.744 ms - 17332[0m
[0mGET /styles/basic-preview/6/17/21.png [32m200[0m 113.285 ms - 7499[0m
[0mGET /styles/basic-preview/5/9/10.png [32m200[0m 155.313 ms - 12474[0m
[0mGET /styles/basic-preview/6/18/21.png [32m200[0m 145.904 ms - 9047[0m
[0mGET /styles/basic-preview/6/16/21.png [32m200[0m 97.499 ms - 7503[0m
[0mGET /styles/basic-preview/6/19/21.png [32m200[0m 72.779 ms - 8495[0m
[0mGET /styles/basic-preview/5/7/9.png [32m200[0m 100.009 ms - 9004[0m
[0mGET /styles/basic-preview/5/10/9.png [32m200[0m 99.261 ms - 9242[0m
[0mGET /styles/basic-preview/6/16/22.png [32m200[0m 174.829 ms - 16855[0m
[0mGET /styles/basic-preview/5/10/10.png [32m200[0m 119.388 ms - 13002[0m
[0mGET /styles/basic-preview/6/19/22.png [32m200[0m 182.854 ms - 19172[0m
[0mGET /styles/basic-preview/5/7/10.png [32m200[0m 142.042 ms - 17436[0m
[0mGET /styles/basic-preview/5/6/9.png [32m200[0m 11.545 ms - 15490[0m
[0mGET /styles/basic-preview/5/11/9.png [32m200[0m 40.451 ms - 4271[0m
[0mGET /styles/basic-preview/5/11/10.png [32m200[0m 45.198 ms - 4946[0m
[0mGET /styles/basic-preview/5/6/10.png [32m200[0m 56.727 ms - 13513[0m
[0mGET /styles/basic-preview/6/20/25.png [32m200[0m 54.895 ms - 4570[0m
[0mGET /styles/basic-preview/6/21/24.png [32m200[0m 97.327 ms - 1833[0m
[0mGET /styles/basic-preview/6/20/24.png [32m200[0m 104.272 ms - 1833[0m
[0mGET /styles/basic-preview/6/21/25.png [32m200[0m 102.607 ms - 1833[0m
[0mGET /styles/basic-preview/6/21/23.png [32m200[0m 105.015 ms - 3213[0m
[0mGET /styles/basic-preview/6/20/23.png [32m200[0m 113.373 ms - 12622[0m
[0mGET /styles/basic-preview/5/12/9.png [32m200[0m 50.130 ms - 4837[0m
[0mGET /styles/basic-preview/5/12/10.png [32m200[0m 64.059 ms - 1833[0m
[0mGET /styles/basic-preview/5/12/11.png [32m200[0m 62.918 ms - 1833[0m
[0mGET /styles/basic-preview/6/20/21.png [32m200[0m 37.326 ms - 9195[0m
[0mGET /styles/basic-preview/6/21/22.png [32m200[0m 57.256 ms - 16641[0m
[0mGET /styles/basic-preview/6/21/21.png [32m200[0m 64.992 ms - 12394[0m
[0mGET /styles/basic-preview/6/20/22.png [32m200[0m 67.351 ms - 25104[0m
[0mGET /styles/basic-preview/5/5/9.png [32m200[0m 41.231 ms - 10371[0m
[0mGET /styles/basic-preview/5/5/10.png [32m200[0m 49.605 ms - 18496[0m
[0mGET /styles/basic-preview/5/13/10.png [32m200[0m 12.670 ms - 1833[0m
[0mGET /styles/basic-preview/5/13/9.png [32m200[0m 39.953 ms - 1833[0m
[0mGET /styles/basic-preview/5/13/11.png [32m200[0m 40.822 ms - 1833[0m
[0mGET /styles/basic-preview/6/21/26.png [32m200[0m 69.205 ms - 1833[0m
[0mGET /styles/basic-preview/6/20/26.png [32m200[0m 71.213 ms - 1833[0m
[0mGET /styles/basic-preview/7/34/52.png [32m200[0m 128.267 ms - 26512[0m
[0mGET /styles/basic-preview/7/36/51.png [32m200[0m 138.643 ms - 9066[0m
[0mGET /styles/basic-preview/7/35/52.png [32m200[0m 142.925 ms - 12782[0m
[0mGET /styles/basic-preview/7/35/53.png [32m200[0m 143.525 ms - 23111[0m
[0mGET /styles/basic-preview/7/35/51.png [32m200[0m 200.065 ms - 30290[0m
[0mGET /styles/basic-preview/7/34/51.png [32m200[0m 198.427 ms - 27331[0m
[0mGET /styles/basic-preview/7/36/52.png [32m200[0m 108.060 ms - 1833[0m
[0mGET /styles/basic-preview/7/36/53.png [32m200[0m 70.475 ms - 2745[0m
[0mGET /styles/basic-preview/7/36/50.png [32m200[0m 93.820 ms - 30047[0m
[0mGET /styles/basic-preview/7/34/53.png [32m200[0m 124.574 ms - 23013[0m
[0mGET /styles/basic-preview/7/35/50.png [32m200[0m 169.668 ms - 33137[0m
[0mGET /styles/basic-preview/7/34/50.png [32m200[0m 162.385 ms - 34817[0m
[0mGET /styles/basic-preview/7/37/51.png [32m200[0m 20.714 ms - 1833[0m
[0mGET /styles/basic-preview/7/33/52.png [32m200[0m 158.052 ms - 19098[0m
[0mGET /styles/basic-preview/7/37/52.png [32m200[0m 91.882 ms - 1833[0m
[0mGET /styles/basic-preview/7/33/53.png [32m200[0m 150.954 ms - 2793[0m
[0mGET /styles/basic-preview/7/33/51.png [32m200[0m 257.346 ms - 31437[0m
[0mGET /styles/basic-preview/7/35/54.png [32m200[0m 221.991 ms - 21943[0m
[0mGET /styles/basic-preview/7/37/50.png [32m200[0m 48.026 ms - 6788[0m
[0mGET /styles/basic-preview/7/33/50.png [32m200[0m 160.632 ms - 31799[0m
[0mGET /styles/basic-preview/7/37/53.png [32m200[0m 115.139 ms - 1833[0m
[0mGET /styles/basic-preview/7/32/53.png [32m200[0m 143.189 ms - 6042[0m
[0mGET /styles/basic-preview/7/37/54.png [32m200[0m 160.419 ms - 2993[0m
[0mGET /styles/basic-preview/7/38/51.png [32m200[0m 133.756 ms - 1833[0m
[0mGET /styles/basic-preview/7/32/52.png [32m200[0m 169.076 ms - 27329[0m
[0mGET /styles/basic-preview/7/32/51.png [32m200[0m 220.091 ms - 19941[0m
[0mGET /styles/basic-preview/7/32/50.png [32m200[0m 182.453 ms - 26381[0m
[0mGET /styles/basic-preview/7/38/52.png [32m200[0m 65.954 ms - 1833[0m
[0mGET /styles/basic-preview/7/38/50.png [32m200[0m 83.414 ms - 1833[0m
[0mGET /styles/basic-preview/7/32/54.png [32m200[0m 86.695 ms - 1833[0m
[0mGET /styles/basic-preview/7/33/54.png [32m200[0m 18.513 ms - 1833[0m
[0mGET /styles/basic-preview/7/36/54.png [32m200[0m 47.439 ms - 13227[0m
[0mGET /styles/basic-preview/7/34/54.png [32m200[0m 63.329 ms - 11639[0m
[0mGET /styles/basic-preview/7/37/55.png [32m200[0m 44.392 ms - 6387[0m
[0mGET /styles/basic-preview/8/70/107.png [32m200[0m 95.031 ms - 26799[0m
[0mGET /styles/basic-preview/8/71/106.png [32m200[0m 112.039 ms - 1833[0m
[0mGET /styles/basic-preview/8/70/106.png [32m200[0m 113.967 ms - 35740[0m
[0mGET /styles/basic-preview/8/71/107.png [32m200[0m 117.136 ms - 4103[0m
[0mGET /styles/basic-preview/8/69/106.png [32m200[0m 160.186 ms - 30609[0m
[0mGET /styles/basic-preview/8/70/108.png [32m200[0m 179.666 ms - 23269[0m
[0mGET /styles/basic-preview/8/70/104.png [32m200[0m 66.721 ms - 17126[0m
[0mGET /styles/basic-preview/8/69/108.png [32m200[0m 146.510 ms - 19590[0m
[0mGET /styles/basic-preview/8/71/104.png [32m200[0m 91.350 ms - 1833[0m
[0mGET /styles/basic-preview/8/70/105.png [32m200[0m 116.938 ms - 18205[0m
[0mGET /styles/basic-preview/8/71/105.png [32m200[0m 106.819 ms - 1833[0m
[0mGET /styles/basic-preview/8/69/107.png [32m200[0m 213.545 ms - 32424[0m
[0mGET /styles/basic-preview/8/71/108.png [32m200[0m 212.373 ms - 18448[0m
[0mGET /styles/basic-preview/8/72/107.png [32m200[0m 66.056 ms - 3586[0m
[0mGET /styles/basic-preview/8/72/106.png [32m200[0m 81.161 ms - 1833[0m
[0mGET /styles/basic-preview/8/69/104.png [32m200[0m 129.912 ms - 16299[0m
[0mGET /styles/basic-preview/8/69/105.png [32m200[0m 144.173 ms - 28733[0m
[0mGET /styles/basic-preview/9/141/213.png [32m200[0m 115.873 ms - 17409[0m
[0mGET /styles/basic-preview/8/72/108.png [32m200[0m 139.868 ms - 7745[0m
[0mGET /styles/basic-preview/9/141/214.png [32m200[0m 132.641 ms - 23407[0m
[0mGET /styles/basic-preview/9/140/213.png [32m200[0m 165.814 ms - 40178[0m
[0mGET /styles/basic-preview/9/140/214.png [32m200[0m 160.699 ms - 22695[0m
[0mGET /styles/basic-preview/9/141/215.png [32m200[0m 134.205 ms - 27693[0m
[0mGET /styles/basic-preview/9/141/212.png [32m200[0m 127.759 ms - 4334[0m
[0mGET /styles/basic-preview/9/142/213.png [32m200[0m 123.559 ms - 1833[0m
[0mGET /styles/basic-preview/9/142/214.png [32m200[0m 83.624 ms - 2148[0m
[0mGET /styles/basic-preview/9/142/212.png [32m200[0m 69.211 ms - 1833[0m
[0mGET /styles/basic-preview/9/142/215.png [32m200[0m 98.746 ms - 5042[0m
[0mGET /styles/basic-preview/9/140/215.png [32m200[0m 138.750 ms - 15421[0m
[0mGET /styles/basic-preview/9/140/212.png [32m200[0m 131.770 ms - 32683[0m
[0mGET /styles/basic-preview/9/143/213.png [32m200[0m 35.186 ms - 1833[0m
[0mGET /styles/basic-preview/9/143/214.png [32m200[0m 34.354 ms - 1833[0m
[0mGET /styles/basic-preview/9/139/213.png [32m200[0m 177.369 ms - 26605[0m
[0mGET /styles/basic-preview/9/139/215.png [32m200[0m 166.890 ms - 11856[0m
[0mGET /styles/basic-preview/9/143/215.png [32m200[0m 88.458 ms - 3491[0m
[0mGET /styles/basic-preview/9/143/212.png [32m200[0m 93.314 ms - 1833[0m
[0mGET /styles/basic-preview/9/139/214.png [32m200[0m 201.433 ms - 26524[0m
[0mGET /styles/basic-preview/9/139/212.png [32m200[0m 210.559 ms - 22178[0m
[0mGET /styles/basic-preview/9/138/212.png [32m200[0m 141.446 ms - 15975[0m
[0mGET /styles/basic-preview/9/138/215.png [32m200[0m 57.646 ms - 23980[0m
[0mGET /styles/basic-preview/9/138/214.png [32m200[0m 143.091 ms - 33780[0m
[0mGET /styles/basic-preview/9/138/213.png [32m200[0m 165.932 ms - 22119[0m
[0mGET /styles/basic-preview/10/282/426.png [32m200[0m 113.302 ms - 14696[0m
[0mGET /styles/basic-preview/10/282/427.png [32m200[0m 123.990 ms - 26471[0m
[0mGET /styles/basic-preview/10/281/428.png [32m200[0m 120.398 ms - 10538[0m
[0mGET /styles/basic-preview/10/282/428.png [32m200[0m 125.236 ms - 32438[0m
[0mGET /styles/basic-preview/10/282/425.png [32m200[0m 87.806 ms - 5355[0m
[0mGET /styles/basic-preview/10/283/426.png [32m200[0m 145.432 ms - 3586[0m
[0mGET /styles/basic-preview/10/283/428.png [32m200[0m 134.503 ms - 4441[0m
[0mGET /styles/basic-preview/10/283/427.png [32m200[0m 152.342 ms - 4583[0m
[0mGET /styles/basic-preview/10/281/426.png [32m200[0m 280.778 ms - 27989[0m
[0mGET /styles/basic-preview/10/281/427.png [32m200[0m 278.070 ms - 23460[0m
[0mGET /styles/basic-preview/10/283/425.png [32m200[0m 92.956 ms - 1833[0m
[0mGET /styles/basic-preview/10/284/426.png [32m200[0m 108.200 ms - 1833[0m
[0mGET /styles/basic-preview/10/280/428.png [32m200[0m 109.931 ms - 28285[0m
[0mGET /styles/basic-preview/10/281/425.png [32m200[0m 150.555 ms - 34734[0m
[0mGET /styles/basic-preview/10/284/427.png [32m200[0m 49.892 ms - 1833[0m
[0mGET /styles/basic-preview/10/284/428.png [32m200[0m 64.329 ms - 1833[0m
[0mGET /styles/basic-preview/10/284/425.png [32m200[0m 51.877 ms - 1833[0m
[0mGET /styles/basic-preview/10/280/425.png [32m200[0m 133.897 ms - 23154[0m
[0mGET /styles/basic-preview/11/565/853.png [32m200[0m 123.507 ms - 5694[0m
[0mGET /styles/basic-preview/11/564/853.png [32m200[0m 134.641 ms - 13885[0m
[0mGET /styles/basic-preview/11/564/854.png [32m200[0m 141.793 ms - 22325[0m
[0mGET /styles/basic-preview/10/280/426.png [32m200[0m 363.510 ms - 41245[0m
[0mGET /styles/basic-preview/10/280/427.png [32m200[0m 364.534 ms - 53840[0m
[0mGET /styles/basic-preview/11/564/852.png [32m200[0m 31.323 ms - 12914[0m
[0mGET /styles/basic-preview/11/564/855.png [32m200[0m 130.490 ms - 25699[0m
[0mGET /styles/basic-preview/11/563/853.png [32m200[0m 128.385 ms - 18726[0m
[0mGET /styles/basic-preview/11/565/854.png [32m200[0m 167.478 ms - 13985[0m
[0mGET /styles/basic-preview/11/564/856.png [32m200[0m 198.039 ms - 25176[0m
[0mGET /styles/basic-preview/11/563/854.png [32m200[0m 175.894 ms - 16452[0m
[0mGET /styles/basic-preview/11/565/855.png [32m200[0m 151.549 ms - 18313[0m
[0mGET /styles/basic-preview/11/565/852.png [32m200[0m 26.771 ms - 3906[0m
[0mGET /styles/basic-preview/11/563/852.png [32m200[0m 29.648 ms - 13933[0m
[0mGET /styles/basic-preview/11/566/853.png [32m200[0m 57.601 ms - 4255[0m
[0mGET /styles/basic-preview/11/563/856.png [32m200[0m 128.170 ms - 5295[0m
[0mGET /styles/basic-preview/11/563/855.png [32m200[0m 136.555 ms - 14070[0m
[0mGET /styles/basic-preview/11/565/856.png [32m200[0m 171.942 ms - 26228[0m
[0mGET /styles/basic-preview/11/566/854.png [32m200[0m 111.078 ms - 3864[0m
[0mGET /styles/basic-preview/11/566/855.png [32m200[0m 130.131 ms - 3551[0m
[0mGET /styles/basic-preview/11/562/855.png [32m200[0m 37.192 ms - 13264[0m
[0mGET /styles/basic-preview/11/566/856.png [32m200[0m 94.794 ms - 4026[0m
[0mGET /styles/basic-preview/11/562/856.png [32m200[0m 34.771 ms - 13216[0m
[0mGET /styles/basic-preview/11/566/852.png [32m200[0m 122.762 ms - 3406[0m
[0mGET /styles/basic-preview/11/562/853.png [32m200[0m 137.793 ms - 25347[0m
[0mGET /styles/basic-preview/11/562/854.png [32m200[0m 137.933 ms - 22617[0m
[0mGET /styles/basic-preview/11/567/852.png [32m200[0m 35.658 ms - 1833[0m
[0mGET /styles/basic-preview/11/567/853.png [32m200[0m 73.150 ms - 1833[0m
[0mGET /styles/basic-preview/11/567/854.png [32m200[0m 73.613 ms - 3557[0m
[0mGET /styles/basic-preview/11/562/852.png [32m200[0m 148.811 ms - 17423[0m
[0mGET /styles/basic-preview/11/567/855.png [32m200[0m 106.629 ms - 3446[0m
[0mGET /styles/basic-preview/11/567/856.png [32m200[0m 111.020 ms - 1833[0m
[0mGET /styles/basic-preview/11/564/857.png [32m200[0m 81.622 ms - 14434[0m
[0mGET /styles/basic-preview/11/565/857.png [32m200[0m 66.990 ms - 33390[0m
[0mGET /styles/basic-preview/10/280/429.png [32m200[0m 51.782 ms - 13950[0m
[0mGET /styles/basic-preview/11/566/857.png [32m200[0m 145.780 ms - 3956[0m
[0mGET /styles/basic-preview/11/562/857.png [32m200[0m 135.888 ms - 6022[0m
[0mGET /styles/basic-preview/11/567/857.png [32m200[0m 133.610 ms - 3688[0m
[0mGET /styles/basic-preview/11/563/857.png [32m200[0m 176.516 ms - 4988[0m
[0mGET /styles/basic-preview/10/282/429.png [32m200[0m 192.331 ms - 20381[0m
[0mGET /styles/basic-preview/11/564/858.png [32m200[0m 131.713 ms - 5021[0m
[0mGET /styles/basic-preview/11/565/858.png [32m200[0m 131.670 ms - 22547[0m
[0mGET /styles/basic-preview/11/563/858.png [32m200[0m 145.945 ms - 5381[0m
[0mGET /styles/basic-preview/10/283/429.png [32m200[0m 164.154 ms - 17521[0m
[0mGET /styles/basic-preview/10/281/429.png [32m200[0m 166.137 ms - 14112[0m
[0mGET /styles/basic-preview/10/284/429.png [32m200[0m 49.152 ms - 2464[0m
[0mGET /styles/basic-preview/11/566/858.png [32m200[0m 100.857 ms - 12205[0m
[0mGET /styles/basic-preview/11/562/858.png [32m200[0m 105.313 ms - 8250[0m
[0mGET /styles/basic-preview/11/567/858.png [32m200[0m 105.979 ms - 3979[0m
[0mGET /styles/basic-preview/11/565/859.png [32m200[0m 16.871 ms - 17201[0m
[0mGET /styles/basic-preview/11/564/859.png [32m200[0m 88.770 ms - 6553[0m
[0mGET /styles/basic-preview/11/563/859.png [32m200[0m 104.276 ms - 11062[0m
[0mGET /styles/basic-preview/11/567/859.png [32m200[0m 99.766 ms - 3811[0m
[0mGET /styles/basic-preview/11/566/859.png [32m200[0m 105.440 ms - 27262[0m
[0mGET /styles/basic-preview/11/562/859.png [32m200[0m 92.662 ms - 8262[0m
[0mGET /styles/basic-preview/12/1130/1707.png [32m200[0m 94.359 ms - 6177[0m
[0mGET /styles/basic-preview/12/1131/1709.png [32m200[0m 127.582 ms - 15830[0m
[0mGET /styles/basic-preview/12/1130/1708.png [32m200[0m 130.173 ms - 12390[0m
[0mGET /styles/basic-preview/12/1130/1709.png [32m200[0m 129.769 ms - 10620[0m
[0mGET /styles/basic-preview/12/1129/1708.png [32m200[0m 140.066 ms - 7270[0m
[0mGET /styles/basic-preview/12/1131/1708.png [32m200[0m 145.144 ms - 6026[0m
[0mGET /styles/basic-preview/12/1131/1707.png [32m200[0m 68.847 ms - 4001[0m
[0mGET /styles/basic-preview/12/1131/1710.png [32m200[0m 118.653 ms - 12246[0m
[0mGET /styles/basic-preview/12/1130/1710.png [32m200[0m 132.956 ms - 18702[0m
[0mGET /styles/basic-preview/12/1132/1708.png [32m200[0m 122.864 ms - 2501[0m
[0mGET /styles/basic-preview/12/1129/1709.png [32m200[0m 144.268 ms - 10211[0m
[0mGET /styles/basic-preview/12/1129/1707.png [32m200[0m 125.088 ms - 9599[0m
[0mGET /styles/basic-preview/12/1132/1709.png [32m200[0m 51.467 ms - 3826[0m
[0mGET /styles/basic-preview/12/1132/1707.png [32m200[0m 58.209 ms - 1833[0m
[0mGET /styles/basic-preview/12/1132/1710.png [32m200[0m 72.623 ms - 3413[0m
[0mGET /styles/basic-preview/12/1128/1709.png [32m200[0m 99.281 ms - 26616[0m
[0mGET /styles/basic-preview/12/1128/1708.png [32m200[0m 99.893 ms - 33572[0m
[0mGET /styles/basic-preview/12/1129/1710.png [32m200[0m 124.746 ms - 25426[0m
[0mGET /styles/basic-preview/13/2261/3417.png [32m200[0m 96.750 ms - 7043[0m
[0mGET /styles/basic-preview/13/2261/3418.png [32m200[0m 109.753 ms - 12193[0m
[0mGET /styles/basic-preview/13/2262/3417.png [32m200[0m 81.670 ms - 8140[0m
[0mGET /styles/basic-preview/13/2262/3418.png [32m200[0m 99.502 ms - 13320[0m
[0mGET /styles/basic-preview/13/2260/3417.png [32m200[0m 103.238 ms - 7329[0m
[0mGET /styles/basic-preview/13/2260/3418.png [32m200[0m 109.644 ms - 11394[0m
[0mGET /styles/basic-preview/13/2260/3419.png [32m200[0m 29.631 ms - 5557[0m
[0mGET /styles/basic-preview/13/2262/3416.png [32m200[0m 31.002 ms - 4493[0m
[0mGET /styles/basic-preview/13/2261/3419.png [32m200[0m 100.219 ms - 5245[0m
[0mGET /styles/basic-preview/13/2262/3419.png [32m200[0m 81.232 ms - 20193[0m
[0mGET /styles/basic-preview/13/2261/3416.png [32m200[0m 93.441 ms - 17703[0m
[0mGET /styles/basic-preview/13/2260/3416.png [32m200[0m 112.656 ms - 19137[0m
[0mGET /styles/basic-preview/13/2263/3419.png [32m200[0m 84.129 ms - 6846[0m
[0mGET /styles/basic-preview/13/2263/3418.png [32m200[0m 100.274 ms - 2249[0m
[0mGET /styles/basic-preview/13/2263/3417.png [32m200[0m 100.679 ms - 2633[0m
[0mGET /styles/basic-preview/13/2263/3416.png [32m200[0m 84.541 ms - 3722[0m
[0mGET /styles/basic-preview/13/2263/3420.png [32m200[0m 75.029 ms - 4806[0m
[0mGET /styles/basic-preview/13/2262/3420.png [32m200[0m 76.209 ms - 20752[0m
[0mGET /styles/basic-preview/13/2261/3420.png [32m200[0m 92.251 ms - 7914[0m
[0mGET /styles/basic-preview/13/2260/3420.png [32m200[0m 97.608 ms - 10106[0m
[0mGET /styles/basic-preview/13/2262/3421.png [32m200[0m 59.666 ms - 5162[0m
[0mGET /styles/basic-preview/13/2263/3421.png [32m200[0m 88.669 ms - 3402[0m
[0mGET /styles/basic-preview/13/2260/3421.png [32m200[0m 92.658 ms - 13630[0m
[0mGET /styles/basic-preview/13/2261/3421.png [32m200[0m 97.753 ms - 16639[0m
[0mGET /styles/basic-preview/13/2264/3420.png [32m200[0m 60.459 ms - 3773[0m
[0mGET /styles/basic-preview/13/2265/3420.png [32m200[0m 59.992 ms - 1833[0m
[0mGET /styles/basic-preview/13/2265/3421.png [32m200[0m 56.185 ms - 1833[0m
[0mGET /styles/basic-preview/13/2264/3421.png [32m200[0m 74.005 ms - 3084[0m
[0mGET /styles/basic-preview/13/2264/3419.png [32m200[0m 75.808 ms - 3650[0m
[0mGET /styles/basic-preview/13/2265/3419.png [32m200[0m 76.507 ms - 1833[0m
[0mGET /styles/basic-preview/13/2265/3418.png [32m200[0m 31.549 ms - 1833[0m
[0mGET /styles/basic-preview/13/2264/3418.png [32m200[0m 33.331 ms - 3881[0m
[0mGET /styles/basic-preview/14/4525/6840.png [32m200[0m 40.650 ms - 22918[0m
[0mGET /styles/basic-preview/14/4524/6839.png [32m200[0m 54.410 ms - 21754[0m
[0mGET /styles/basic-preview/14/4525/6839.png [32m200[0m 63.783 ms - 19292[0m
[0mGET /styles/basic-preview/14/4524/6840.png [32m200[0m 59.255 ms - 28056[0m
[0mGET /styles/basic-preview/14/4525/6841.png [32m200[0m 60.975 ms - 5597[0m
[0mGET /styles/basic-preview/14/4526/6839.png [32m200[0m 36.939 ms - 16552[0m
[0mGET /styles/basic-preview/14/4524/6841.png [32m200[0m 60.983 ms - 22330[0m
[0mGET /styles/basic-preview/14/4525/6838.png [32m200[0m 29.345 ms - 17102[0m
[0mGET /styles/basic-preview/14/4526/6840.png [32m200[0m 43.820 ms - 10206[0m
[0mGET /styles/basic-preview/14/4525/6837.png [32m200[0m 46.053 ms - 18898[0m
[0mGET /styles/basic-preview/14/4526/6841.png [32m200[0m 28.111 ms - 1833[0m
[0mGET /styles/basic-preview/14/4523/6839.png [32m200[0m 81.154 ms - 4129[0m
[0mGET /styles/basic-preview/14/4523/6840.png [32m200[0m 88.183 ms - 4552[0m
[0mGET /styles/basic-preview/14/4524/6837.png [32m200[0m 94.010 ms - 12309[0m
[0mGET /styles/basic-preview/14/4524/6838.png [32m200[0m 94.495 ms - 17839[0m
[0mGET /styles/basic-preview/14/4526/6837.png [32m200[0m 69.177 ms - 3707[0m
[0mGET /styles/basic-preview/14/4526/6838.png [32m200[0m 86.429 ms - 10417[0m
[0mGET /styles/basic-preview/14/4523/6841.png [32m200[0m 78.105 ms - 14800[0m
[0mGET /styles/basic-preview/14/4527/6839.png [32m200[0m 57.176 ms - 3205[0m
[0mGET /styles/basic-preview/14/4527/6840.png [32m200[0m 113.031 ms - 3496[0m
[0mGET /styles/basic-preview/14/4527/6837.png [32m200[0m 58.535 ms - 1833[0m
[0mGET /styles/basic-preview/14/4523/6837.png [32m200[0m 126.869 ms - 8670[0m
[0mGET /styles/basic-preview/14/4527/6838.png [32m200[0m 46.320 ms - 1833[0m
[0mGET /styles/basic-preview/14/4523/6838.png [32m200[0m 129.564 ms - 4184[0m
[0mGET /styles/basic-preview/14/4527/6841.png [32m200[0m 126.545 ms - 1833[0m
[0mGET /styles/basic-preview/14/4522/6839.png [32m200[0m 119.811 ms - 3266[0m
[0mGET /styles/basic-preview/14/4522/6840.png [32m200[0m 117.605 ms - 2800[0m
[0mGET /styles/basic-preview/14/4522/6841.png [32m200[0m 110.954 ms - 2126[0m
[0mGET /styles/basic-preview/14/4522/6837.png [32m200[0m 110.561 ms - 10137[0m
[0mGET /styles/basic-preview/14/4522/6838.png [32m200[0m 93.296 ms - 3556[0m
[0mGET /styles/basic-preview/14/4528/6839.png [32m200[0m 89.575 ms - 1833[0m
[0mGET /styles/basic-preview/14/4528/6840.png [32m200[0m 66.117 ms - 1833[0m
[0mGET /styles/basic-preview/14/4528/6841.png [32m200[0m 66.224 ms - 1838[0m
[0mGET /styles/basic-preview/14/4528/6837.png [32m200[0m 60.523 ms - 3002[0m
[0mGET /styles/basic-preview/14/4528/6838.png [32m200[0m 60.730 ms - 1833[0m
[0mGET /styles/basic-preview/14/4526/6836.png [32m200[0m 36.480 ms - 1833[0m
[0mGET /styles/basic-preview/14/4527/6836.png [32m200[0m 71.622 ms - 1833[0m
[0mGET /styles/basic-preview/14/4524/6836.png [32m200[0m 88.007 ms - 10694[0m
[0mGET /styles/basic-preview/14/4523/6836.png [32m200[0m 87.194 ms - 7076[0m
[0mGET /styles/basic-preview/14/4525/6836.png [32m200[0m 91.958 ms - 13864[0m
[0mGET /styles/basic-preview/14/4528/6836.png [32m200[0m 31.127 ms - 3783[0m
[0mGET /styles/basic-preview/14/4522/6836.png [32m200[0m 86.985 ms - 14284[0m
[0mGET /styles/basic-preview/13/2264/3417.png [32m200[0m 13.721 ms - 2998[0m
[0mGET /styles/basic-preview/14/4526/6835.png [32m200[0m 23.517 ms - 1833[0m
[0mGET /styles/basic-preview/14/4527/6835.png [32m200[0m 58.919 ms - 1833[0m
[0mGET /styles/basic-preview/14/4525/6835.png [32m200[0m 75.277 ms - 10038[0m
[0mGET /styles/basic-preview/14/4524/6835.png [32m200[0m 69.467 ms - 12136[0m
[0mGET /styles/basic-preview/14/4523/6835.png [32m200[0m 69.173 ms - 7465[0m
[0mGET /styles/basic-preview/14/4522/6835.png [32m200[0m 96.685 ms - 4468[0m
[0mGET /styles/basic-preview/14/4528/6835.png [32m200[0m 57.077 ms - 3765[0m
[0mGET /styles/basic-preview/14/4526/6834.png [32m200[0m 24.763 ms - 1833[0m
[0mGET /styles/basic-preview/14/4523/6834.png [32m200[0m 28.238 ms - 10374[0m
[0mGET /styles/basic-preview/14/4527/6834.png [32m200[0m 75.711 ms - 3267[0m
[0mGET /styles/basic-preview/14/4525/6834.png [32m200[0m 85.089 ms - 6576[0m
[0mGET /styles/basic-preview/14/4524/6834.png [32m200[0m 86.163 ms - 11191[0m
[0mGET /styles/basic-preview/14/4522/6834.png [32m200[0m 88.202 ms - 6178[0m
[0mGET /styles/basic-preview/14/4528/6834.png [32m200[0m 82.186 ms - 2410[0m
[0mGET /styles/basic-preview/14/4526/6833.png [32m200[0m 37.854 ms - 1833[0m
[0mGET /styles/basic-preview/14/4525/6833.png [32m200[0m 60.117 ms - 2438[0m
[0mGET /styles/basic-preview/14/4524/6833.png [32m200[0m 74.853 ms - 12355[0m
[0mGET /styles/basic-preview/14/4523/6833.png [32m200[0m 71.376 ms - 14945[0m
[0mGET /styles/basic-preview/14/4527/6833.png [32m200[0m 78.834 ms - 3721[0m
[0mGET /styles/basic-preview/14/4522/6833.png [32m200[0m 73.604 ms - 8962[0m
[0mGET /styles/basic-preview/14/4522/6832.png [32m200[0m 33.427 ms - 10620[0m
[0mGET /styles/basic-preview/14/4525/6832.png [32m200[0m 58.300 ms - 1833[0m
[0mGET /styles/basic-preview/14/4524/6832.png [32m200[0m 61.628 ms - 8166[0m
[0mGET /styles/basic-preview/14/4526/6832.png [32m200[0m 61.284 ms - 1833[0m
[0mGET /styles/basic-preview/14/4523/6832.png [32m200[0m 69.156 ms - 14635[0m
[0mGET /styles/basic-preview/14/4527/6832.png [32m200[0m 42.558 ms - 3792[0m
[0mGET /styles/basic-preview/14/4521/6834.png [32m200[0m 49.233 ms - 11837[0m
[0mGET /styles/basic-preview/14/4521/6835.png [32m200[0m 61.871 ms - 10405[0m
[0mGET /styles/basic-preview/14/4521/6833.png [32m200[0m 64.900 ms - 26482[0m
[0mGET /styles/basic-preview/14/4521/6832.png [32m200[0m 69.488 ms - 10822[0m
[0mGET /styles/basic-preview/13/2262/3414.png [32m200[0m 45.964 ms - 3961[0m
[0mGET /styles/basic-preview/13/2262/3415.png [32m200[0m 75.606 ms - 2382[0m
[0mGET /styles/basic-preview/13/2263/3414.png [32m200[0m 68.773 ms - 1833[0m
[0mGET /styles/basic-preview/13/2263/3415.png [32m200[0m 78.318 ms - 3660[0m
[0mGET /styles/basic-preview/13/2261/3414.png [32m200[0m 85.356 ms - 3166[0m
[0mGET /styles/basic-preview/13/2261/3415.png [32m200[0m 85.024 ms - 6458[0m
[0mGET /styles/basic-preview/14/4524/6831.png [32m200[0m 60.478 ms - 1833[0m
[0mGET /styles/basic-preview/13/2260/3414.png [32m200[0m 83.541 ms - 8248[0m
[0mGET /styles/basic-preview/13/2260/3415.png [32m200[0m 117.466 ms - 7878[0m
[0mGET /styles/basic-preview/14/4525/6831.png [32m200[0m 115.350 ms - 1833[0m
[0mGET /styles/basic-preview/14/4522/6831.png [32m200[0m 117.555 ms - 10283[0m
[0mGET /styles/basic-preview/14/4523/6831.png [32m200[0m 118.382 ms - 9005[0m
[0mGET /styles/basic-preview/14/4526/6831.png [32m200[0m 71.891 ms - 3575[0m
[0mGET /styles/basic-preview/14/4527/6831.png [32m200[0m 35.676 ms - 2442[0m
[0mGET /styles/basic-preview/14/4521/6831.png [32m200[0m 49.527 ms - 8144[0m
[0mGET /styles/basic-preview/14/4522/6830.png [32m200[0m 17.310 ms - 8229[0m
[0mGET /styles/basic-preview/14/4522/6829.png [32m200[0m 57.284 ms - 6831[0m
[0mGET /styles/basic-preview/14/4523/6829.png [32m200[0m 58.944 ms - 1833[0m
[0mGET /styles/basic-preview/14/4524/6829.png [32m200[0m 87.549 ms - 1833[0m
[0mGET /styles/basic-preview/14/4524/6830.png [32m200[0m 103.790 ms - 1833[0m
[0mGET /styles/basic-preview/14/4523/6830.png [32m200[0m 109.077 ms - 2553[0m
[0mGET /styles/basic-preview/14/4521/6830.png [32m200[0m 24.730 ms - 5308[0m
[0mGET /styles/basic-preview/14/4525/6830.png [32m200[0m 41.730 ms - 2804[0m
[0mGET /styles/basic-preview/14/4521/6829.png [32m200[0m 117.029 ms - 6038[0m
[0mGET /styles/basic-preview/14/4525/6829.png [32m200[0m 68.250 ms - 4045[0m
[0mGET /styles/basic-preview/14/4520/6830.png [32m200[0m 18.097 ms - 7365[0m
[0mGET /styles/basic-preview/14/4520/6831.png [32m200[0m 93.956 ms - 5981[0m
[0mGET /styles/basic-preview/14/4520/6832.png [32m200[0m 110.973 ms - 16055[0m
[0mGET /styles/basic-preview/14/4520/6833.png [32m200[0m 100.747 ms - 10496[0m
[0mGET /styles/basic-preview/14/4520/6829.png [32m200[0m 74.715 ms - 7349[0m
[0mGET /styles/basic-preview/12/1130/1706.png [32m200[0m 45.282 ms - 4662[0m
[0mGET /styles/basic-preview/12/1131/1706.png [32m200[0m 56.050 ms - 2153[0m
[0mGET /styles/basic-preview/13/2262/3413.png [32m200[0m 79.795 ms - 2451[0m
[0mGET /styles/basic-preview/14/4522/6828.png [32m200[0m 84.964 ms - 1833[0m
[0mGET /styles/basic-preview/13/2260/3413.png [32m200[0m 113.154 ms - 4203[0m
[0mGET /styles/basic-preview/13/2261/3413.png [32m200[0m 113.518 ms - 3538[0m
[0mGET /styles/basic-preview/14/4523/6828.png [32m200[0m 89.897 ms - 1833[0m
[0mGET /styles/basic-preview/12/1129/1706.png [32m200[0m 122.758 ms - 13253[0m
[0mGET /styles/basic-preview/14/4524/6828.png [32m200[0m 59.339 ms - 3917[0m
[0mGET /styles/basic-preview/14/4521/6828.png [32m200[0m 68.611 ms - 9547[0m
[0mGET /styles/basic-preview/14/4520/6828.png [32m200[0m 75.135 ms - 1833[0m
[0mGET /styles/basic-preview/14/4525/6828.png [32m200[0m 75.155 ms - 1956[0m
[0mGET /styles/basic-preview/14/4519/6828.png [32m200[0m 85.773 ms - 3277[0m
[0mGET /styles/basic-preview/14/4519/6829.png [32m200[0m 93.762 ms - 3139[0m
[0mGET /styles/basic-preview/13/2259/3416.png [32m200[0m 68.832 ms - 10374[0m
[0mGET /styles/basic-preview/13/2259/3414.png [32m200[0m 91.130 ms - 5481[0m
[0mGET /styles/basic-preview/13/2259/3417.png [32m200[0m 99.370 ms - 5581[0m
[0mGET /styles/basic-preview/13/2259/3415.png [32m200[0m 118.127 ms - 11431[0m
[0mGET /styles/basic-preview/14/4519/6832.png [32m200[0m 100.199 ms - 9397[0m
[0mGET /styles/basic-preview/14/4519/6831.png [32m200[0m 110.602 ms - 13553[0m
[0mGET /styles/basic-preview/14/4519/6833.png [32m200[0m 48.967 ms - 4514[0m
[0mGET /styles/basic-preview/14/4519/6830.png [32m200[0m 66.908 ms - 10353[0m
[0mGET /styles/basic-preview/13/2259/3413.png [32m200[0m 56.411 ms - 8732[0m
[0mGET /styles/basic-preview/13/2263/3413.png [32m200[0m 16.430 ms - 1833[0m
[0mGET /styles/basic-preview/13/2262/3412.png [32m200[0m 62.560 ms - 1833[0m
[0mGET /styles/basic-preview/13/2261/3412.png [32m200[0m 101.089 ms - 3472[0m
[0mGET /styles/basic-preview/13/2260/3412.png [32m200[0m 101.588 ms - 2585[0m
[0mGET /styles/basic-preview/13/2263/3412.png [32m200[0m 130.246 ms - 1833[0m
[0mGET /styles/basic-preview/13/2259/3412.png [32m200[0m 131.801 ms - 6269[0m
[0mGET /styles/basic-preview/13/2258/3415.png [32m200[0m 29.736 ms - 6171[0m
[0mGET /styles/basic-preview/13/2258/3413.png [32m200[0m 144.367 ms - 8837[0m
[0mGET /styles/basic-preview/13/2258/3414.png [32m200[0m 95.395 ms - 4168[0m
[0mGET /styles/basic-preview/13/2258/3417.png [32m200[0m 60.506 ms - 2224[0m
[0mGET /styles/basic-preview/13/2258/3416.png [32m200[0m 77.640 ms - 3331[0m
[0mGET /styles/basic-preview/13/2258/3412.png [32m200[0m 96.308 ms - 11310[0m
[0mGET /styles/basic-preview/13/2264/3413.png [32m200[0m 64.265 ms - 1833[0m
[0mGET /styles/basic-preview/12/1132/1706.png [32m200[0m 84.993 ms - 2804[0m
[0mGET /styles/basic-preview/13/2264/3414.png [32m200[0m 86.009 ms - 1833[0m
[0mGET /styles/basic-preview/13/2264/3416.png [32m200[0m 73.960 ms - 1833[0m
[0mGET /styles/basic-preview/13/2264/3415.png [32m200[0m 75.813 ms - 1833[0m
[0mGET /styles/basic-preview/13/2264/3412.png [32m200[0m 53.544 ms - 1833[0m
[0mGET /styles/basic-preview/12/1128/1707.png [32m200[0m 17.871 ms - 24842[0m
[0mGET /styles/basic-preview/12/1128/1706.png [32m200[0m 42.548 ms - 6343[0m
[0mGET /styles/basic-preview/12/1132/1705.png [32m200[0m 34.118 ms - 4430[0m
[0mGET /styles/basic-preview/12/1130/1705.png [32m200[0m 62.488 ms - 3579[0m
[0mGET /styles/basic-preview/12/1131/1705.png [32m200[0m 67.994 ms - 1833[0m
[0mGET /styles/basic-preview/12/1128/1705.png [32m200[0m 68.011 ms - 11106[0m
[0mGET /styles/basic-preview/12/1129/1705.png [32m200[0m 69.378 ms - 7154[0m
[0mGET /styles/basic-preview/12/1133/1705.png [32m200[0m 25.067 ms - 1833[0m
[0mGET /styles/basic-preview/12/1133/1707.png [32m200[0m 45.133 ms - 4196[0m
[0mGET /styles/basic-preview/12/1133/1706.png [32m200[0m 62.831 ms - 3494[0m
[0mGET /styles/basic-preview/12/1133/1708.png [32m200[0m 63.225 ms - 3296[0m
[0mGET /styles/basic-preview/12/1127/1706.png [32m200[0m 60.891 ms - 11143[0m
[0mGET /styles/basic-preview/12/1127/1708.png [32m200[0m 90.850 ms - 11618[0m
[0mGET /styles/basic-preview/12/1127/1705.png [32m200[0m 94.436 ms - 12218[0m
[0mGET /styles/basic-preview/12/1127/1707.png [32m200[0m 99.701 ms - 13360[0m
[0mGET /styles/basic-preview/12/1126/1705.png [32m200[0m 83.214 ms - 9832[0m
[0mGET /styles/basic-preview/12/1126/1708.png [32m200[0m 101.685 ms - 16952[0m
[0mGET /styles/basic-preview/12/1126/1707.png [32m200[0m 105.632 ms - 17803[0m
[0mGET /styles/basic-preview/12/1126/1706.png [32m200[0m 107.621 ms - 10448[0m
[0mGET /styles/basic-preview/12/1126/1709.png [32m200[0m 71.138 ms - 5967[0m
[0mGET /styles/basic-preview/12/1127/1709.png [32m200[0m 90.366 ms - 13825[0m
[0mGET /styles/basic-preview/13/2258/3418.png [32m200[0m 46.108 ms - 7742[0m
[0mGET /styles/basic-preview/13/2259/3418.png [32m200[0m 61.297 ms - 8629[0m
[0mGET /styles/basic-preview/13/2257/3418.png [32m200[0m 94.808 ms - 28109[0m
[0mGET /styles/basic-preview/13/2257/3414.png [32m200[0m 108.667 ms - 5597[0m
[0mGET /styles/basic-preview/13/2257/3415.png [32m200[0m 106.142 ms - 12855[0m
[0mGET /styles/basic-preview/13/2257/3416.png [32m200[0m 146.225 ms - 17055[0m
[0mGET /styles/basic-preview/13/2257/3417.png [32m200[0m 149.746 ms - 22700[0m
[0mGET /styles/basic-preview/14/4518/6833.png [32m200[0m 26.383 ms - 7428[0m
[0mGET /styles/basic-preview/14/4517/6834.png [32m200[0m 76.289 ms - 1833[0m
[0mGET /styles/basic-preview/14/4517/6833.png [32m200[0m 77.155 ms - 1833[0m
[0mGET /styles/basic-preview/14/4518/6834.png [32m200[0m 78.758 ms - 6766[0m
[0mGET /styles/basic-preview/14/4518/6835.png [32m200[0m 93.991 ms - 4269[0m
[0mGET /styles/basic-preview/14/4518/6832.png [32m200[0m 85.827 ms - 4029[0m
[0mGET /styles/basic-preview/14/4517/6835.png [32m200[0m 112.619 ms - 2082[0m
[0mGET /styles/basic-preview/14/4519/6835.png [32m200[0m 44.265 ms - 2546[0m
[0mGET /styles/basic-preview/14/4516/6833.png [32m200[0m 92.520 ms - 1833[0m
[0mGET /styles/basic-preview/14/4517/6832.png [32m200[0m 94.146 ms - 3762[0m
[0mGET /styles/basic-preview/14/4519/6834.png [32m200[0m 94.016 ms - 4805[0m
[0mGET /styles/basic-preview/14/4516/6834.png [32m200[0m 97.730 ms - 1833[0m
[0mGET /styles/basic-preview/14/4516/6835.png [32m200[0m 111.392 ms - 2341[0m
[0mGET /styles/basic-preview/13/2256/3417.png [32m200[0m 38.564 ms - 30485[0m
[0mGET /styles/basic-preview/13/2256/3418.png [32m200[0m 89.996 ms - 19282[0m
[0mGET /styles/basic-preview/13/2256/3414.png [32m200[0m 107.331 ms - 15137[0m
[0mGET /styles/basic-preview/13/2256/3416.png [32m200[0m 147.815 ms - 25968[0m
[0mGET /styles/basic-preview/11/565/851.png [32m200[0m 72.661 ms - 3693[0m
[0mGET /styles/basic-preview/11/564/851.png [32m200[0m 73.507 ms - 5164[0m
[0mGET /styles/basic-preview/11/563/851.png [32m200[0m 67.208 ms - 36299[0m
[0mGET /styles/basic-preview/11/566/851.png [32m200[0m 18.834 ms - 1833[0m
[0mGET /styles/basic-preview/11/562/851.png [32m200[0m 106.471 ms - 11572[0m
[0mGET /styles/basic-preview/11/567/851.png [32m200[0m 67.184 ms - 1833[0m
[0mGET /styles/basic-preview/11/561/853.png [32m200[0m 144.091 ms - 36302[0m
[0mGET /styles/basic-preview/11/561/852.png [32m200[0m 173.843 ms - 31328[0m
[0mGET /styles/basic-preview/11/561/856.png [32m200[0m 151.572 ms - 22648[0m
[0mGET /styles/basic-preview/11/561/857.png [32m200[0m 133.701 ms - 11334[0m
[0mGET /styles/basic-preview/11/561/854.png [32m200[0m 256.549 ms - 47375[0m
[0mGET /styles/basic-preview/11/561/855.png [32m200[0m 218.772 ms - 37592[0m
[0mGET /styles/basic-preview/11/560/853.png [32m200[0m 44.378 ms - 43784[0m
[0mGET /styles/basic-preview/11/560/857.png [32m200[0m 23.922 ms - 17560[0m
[0mGET /styles/basic-preview/11/560/856.png [32m200[0m 139.095 ms - 27336[0m
[0mGET /styles/basic-preview/11/560/852.png [32m200[0m 140.796 ms - 12862[0m
[0mGET /styles/basic-preview/11/560/855.png [32m200[0m 313.929 ms - 45742[0m
[0mGET /styles/basic-preview/11/560/854.png [32m200[0m 329.718 ms - 54110[0m
[0mGET /styles/basic-preview/10/279/426.png [32m200[0m 157.004 ms - 29935[0m
[0mGET /styles/basic-preview/10/279/427.png [32m200[0m 190.727 ms - 32607[0m
[0mGET /styles/basic-preview/10/279/429.png [32m200[0m 179.507 ms - 22218[0m
[0mGET /styles/basic-preview/10/279/428.png [32m200[0m 207.019 ms - 33714[0m
[0mGET /styles/basic-preview/10/279/425.png [32m200[0m 179.820 ms - 22913[0m
[0mGET /styles/basic-preview/10/278/425.png [32m200[0m 189.263 ms - 21344[0m
[0mGET /styles/basic-preview/10/278/427.png [32m200[0m 193.370 ms - 15745[0m
[0mGET /styles/basic-preview/10/278/428.png [32m200[0m 209.139 ms - 23235[0m
[0mGET /styles/basic-preview/10/278/426.png [32m200[0m 214.072 ms - 24087[0m
[0mGET /styles/basic-preview/10/278/429.png [32m200[0m 216.932 ms - 18370[0m
[0mGET /styles/basic-preview/10/284/430.png [32m200[0m 58.904 ms - 4050[0m
[0mGET /styles/basic-preview/10/278/430.png [32m200[0m 76.931 ms - 8557[0m
[0mGET /styles/basic-preview/10/283/430.png [32m200[0m 93.151 ms - 26734[0m
[0mGET /styles/basic-preview/10/280/430.png [32m200[0m 105.216 ms - 16013[0m
[0mGET /styles/basic-preview/10/281/430.png [32m200[0m 112.169 ms - 9756[0m
[0mGET /styles/basic-preview/10/282/430.png [32m200[0m 111.055 ms - 11121[0m
[0mGET /styles/basic-preview/10/279/430.png [32m200[0m 73.082 ms - 13338[0m
[0mGET /styles/basic-preview/10/279/431.png [32m200[0m 74.809 ms - 9532[0m
[0mGET /styles/basic-preview/10/284/431.png [32m200[0m 68.145 ms - 6808[0m
[0mGET /styles/basic-preview/9/142/216.png [32m200[0m 85.251 ms - 20987[0m
[0mGET /styles/basic-preview/9/139/216.png [32m200[0m 131.405 ms - 27767[0m
[0mGET /styles/basic-preview/9/140/216.png [32m200[0m 126.817 ms - 11073[0m
[0mGET /styles/basic-preview/9/141/216.png [32m200[0m 128.537 ms - 19134[0m
[0mGET /styles/basic-preview/10/281/431.png [32m200[0m 100.788 ms - 15291[0m
[0mGET /styles/basic-preview/10/285/427.png [32m200[0m 104.899 ms - 1833[0m
[0mGET /styles/basic-preview/10/285/428.png [32m200[0m 121.860 ms - 1833[0m
[0mGET /styles/basic-preview/10/280/431.png [32m200[0m 133.784 ms - 10180[0m
[0mGET /styles/basic-preview/10/282/431.png [32m200[0m 196.025 ms - 13455[0m
[0mGET /styles/basic-preview/10/283/431.png [32m200[0m 178.174 ms - 33781[0m
[0mGET /styles/basic-preview/10/285/429.png [32m200[0m 57.761 ms - 1833[0m
[0mGET /styles/basic-preview/10/285/430.png [32m200[0m 50.046 ms - 1833[0m
[0mGET /styles/basic-preview/10/285/431.png [32m200[0m 49.567 ms - 1833[0m
[0mGET /styles/basic-preview/10/283/433.png [32m200[0m 106.487 ms - 19109[0m
[0mGET /styles/basic-preview/10/282/432.png [32m200[0m 139.118 ms - 10821[0m
[0mGET /styles/basic-preview/10/283/432.png [32m200[0m 141.488 ms - 18947[0m
[0mGET /styles/basic-preview/10/282/433.png [32m200[0m 139.292 ms - 9422[0m
[0mGET /styles/basic-preview/10/284/432.png [32m200[0m 147.117 ms - 25995[0m
[0mGET /styles/basic-preview/10/284/433.png [32m200[0m 147.722 ms - 30216[0m
[0mGET /styles/basic-preview/10/280/433.png [32m200[0m 109.911 ms - 7175[0m
[0mGET /styles/basic-preview/10/281/433.png [32m200[0m 148.580 ms - 5924[0m
[0mGET /styles/basic-preview/10/281/432.png [32m200[0m 183.227 ms - 16343[0m
[0mGET /styles/basic-preview/10/280/432.png [32m200[0m 144.569 ms - 10957[0m
[0mGET /styles/basic-preview/10/285/432.png [32m200[0m 145.145 ms - 1833[0m
[0mGET /styles/basic-preview/10/285/433.png [32m200[0m 145.761 ms - 1833[0m
[0mGET /styles/basic-preview/10/286/429.png [32m200[0m 40.683 ms - 1833[0m
[0mGET /styles/basic-preview/10/286/430.png [32m200[0m 46.398 ms - 1833[0m
[0mGET /styles/basic-preview/9/142/217.png [32m200[0m 116.370 ms - 19043[0m
[0mGET /styles/basic-preview/9/141/217.png [32m200[0m 126.846 ms - 26102[0m
[0mGET /styles/basic-preview/9/140/217.png [32m200[0m 133.680 ms - 11722[0m
[0mGET /styles/basic-preview/8/71/109.png [32m200[0m 292.688 ms - 6099[0m
[0mGET /styles/basic-preview/8/70/109.png [32m200[0m 340.040 ms - 19330[0m
[0mGET /styles/basic-preview/10/283/434.png [32m200[0m 269.373 ms - 30134[0m
[0mGET /styles/basic-preview/10/281/434.png [32m200[0m 177.727 ms - 7826[0m
[0mGET /styles/basic-preview/10/284/434.png [32m200[0m 252.158 ms - 30026[0m
[0mGET /styles/basic-preview/10/282/434.png [32m200[0m 273.220 ms - 6522[0m
[0mGET /styles/basic-preview/10/286/431.png [32m200[0m 113.367 ms - 3218[0m
[0mGET /styles/basic-preview/10/286/432.png [32m200[0m 115.900 ms - 3763[0m
[0mGET /styles/basic-preview/10/286/433.png [32m200[0m 83.764 ms - 3604[0m
[0mGET /styles/basic-preview/10/286/434.png [32m200[0m 102.129 ms - 3575[0m
[0mGET /styles/basic-preview/10/285/434.png [32m200[0m 219.276 ms - 1833[0m
[0mGET /styles/basic-preview/9/143/217.png [32m200[0m 51.621 ms - 3427[0m
[0mGET /styles/basic-preview/9/143/216.png [32m200[0m 102.062 ms - 5336[0m
[0mGET /styles/basic-preview/10/280/434.png [32m200[0m 145.553 ms - 17372[0m
[0mGET /styles/basic-preview/10/285/435.png [32m200[0m 119.172 ms - 2736[0m
[0mGET /styles/basic-preview/10/281/435.png [32m200[0m 126.522 ms - 4942[0m
[0mGET /styles/basic-preview/10/286/435.png [32m200[0m 126.003 ms - 3361[0m
[0mGET /styles/basic-preview/10/284/435.png [32m200[0m 154.939 ms - 17949[0m
[0mGET /styles/basic-preview/10/283/435.png [32m200[0m 172.667 ms - 48191[0m
[0mGET /styles/basic-preview/10/282/435.png [32m200[0m 173.524 ms - 2363[0m
[0mGET /styles/basic-preview/9/142/218.png [32m200[0m 57.332 ms - 7848[0m
[0mGET /styles/basic-preview/9/143/218.png [32m200[0m 68.873 ms - 4562[0m
[0mGET /styles/basic-preview/10/284/436.png [32m200[0m 63.013 ms - 9742[0m
[0mGET /styles/basic-preview/10/285/436.png [32m200[0m 149.873 ms - 3753[0m
[0mGET /styles/basic-preview/10/282/436.png [32m200[0m 161.667 ms - 5147[0m
[0mGET /styles/basic-preview/10/283/436.png [32m200[0m 217.301 ms - 33677[0m
[0mGET /styles/basic-preview/9/141/218.png [32m200[0m 274.253 ms - 21426[0m
[0mGET /styles/basic-preview/9/140/218.png [32m200[0m 305.562 ms - 16839[0m
[0mGET /styles/basic-preview/10/286/436.png [32m200[0m 81.596 ms - 5219[0m
[0mGET /styles/basic-preview/10/281/436.png [32m200[0m 228.067 ms - 11109[0m
[0mGET /styles/basic-preview/10/286/437.png [32m200[0m 16.261 ms - 3649[0m
[0mGET /styles/basic-preview/10/284/437.png [32m200[0m 28.937 ms - 4597[0m
[0mGET /styles/basic-preview/10/282/437.png [32m200[0m 28.847 ms - 9040[0m
[0mGET /styles/basic-preview/10/285/437.png [32m200[0m 55.487 ms - 2499[0m
[0mGET /styles/basic-preview/10/283/437.png [32m200[0m 93.060 ms - 19045[0m
[0mGET /styles/basic-preview/10/281/437.png [32m200[0m 141.470 ms - 24265[0m
[0mGET /styles/basic-preview/11/568/870.png [32m200[0m 119.991 ms - 23405[0m
[0mGET /styles/basic-preview/11/568/871.png [32m200[0m 134.631 ms - 19898[0m
[0mGET /styles/basic-preview/11/567/869.png [32m200[0m 139.612 ms - 44847[0m
[0mGET /styles/basic-preview/11/567/870.png [32m200[0m 200.582 ms - 48799[0m
[0mGET /styles/basic-preview/11/566/870.png [32m200[0m 225.366 ms - 32169[0m
[0mGET /styles/basic-preview/11/567/871.png [32m200[0m 259.837 ms - 47543[0m
[0mGET /styles/basic-preview/11/568/869.png [32m200[0m 156.000 ms - 31334[0m
[0mGET /styles/basic-preview/11/566/869.png [32m200[0m 159.917 ms - 10665[0m
[0mGET /styles/basic-preview/11/568/872.png [32m200[0m 107.371 ms - 12128[0m
[0mGET /styles/basic-preview/11/566/871.png [32m200[0m 220.254 ms - 25166[0m
[0mGET /styles/basic-preview/11/567/868.png [32m200[0m 208.524 ms - 33688[0m
[0mGET /styles/basic-preview/11/569/870.png [32m200[0m 251.700 ms - 3986[0m
[0mGET /styles/basic-preview/11/569/871.png [32m200[0m 213.255 ms - 3721[0m
[0mGET /styles/basic-preview/11/566/872.png [32m200[0m 320.696 ms - 28083[0m
[0mGET /styles/basic-preview/11/567/872.png [32m200[0m 355.182 ms - 38175[0m
[0mGET /styles/basic-preview/11/569/869.png [32m200[0m 239.324 ms - 3922[0m
[0mGET /styles/basic-preview/11/570/870.png [32m200[0m 123.300 ms - 1833[0m
[0mGET /styles/basic-preview/11/565/870.png [32m200[0m 165.888 ms - 2115[0m
[0mGET /styles/basic-preview/11/565/871.png [32m200[0m 149.223 ms - 2207[0m
[0mGET /styles/basic-preview/11/569/872.png [32m200[0m 150.006 ms - 3833[0m
[0mGET /styles/basic-preview/11/565/869.png [32m200[0m 145.376 ms - 3734[0m
[0mGET /styles/basic-preview/11/565/872.png [32m200[0m 145.288 ms - 2379[0m
[0mGET /styles/basic-preview/9/139/217.png [32m200[0m 34.220 ms - 19647[0m
[0mGET /styles/basic-preview/11/570/871.png [32m200[0m 68.648 ms - 1833[0m
[0mGET /styles/basic-preview/11/570/869.png [32m200[0m 81.270 ms - 1833[0m
[0mGET /styles/basic-preview/9/142/219.png [32m200[0m 85.609 ms - 3935[0m
[0mGET /styles/basic-preview/9/139/218.png [32m200[0m 169.008 ms - 3718[0m
[0mGET /styles/basic-preview/8/69/109.png [32m200[0m 181.251 ms - 6903[0m
[0mGET /styles/basic-preview/8/70/110.png [32m200[0m 208.880 ms - 5720[0m
[0mGET /styles/basic-preview/9/143/219.png [32m200[0m 90.230 ms - 2531[0m
[0mGET /styles/basic-preview/8/71/110.png [32m200[0m 210.895 ms - 3531[0m
[0mGET /styles/basic-preview/9/138/218.png [32m200[0m 82.814 ms - 1833[0m
[0mGET /styles/basic-preview/9/140/219.png [32m200[0m 393.558 ms - 11945[0m
[0mGET /styles/basic-preview/9/141/219.png [32m200[0m 404.285 ms - 11700[0m
[0mGET /styles/basic-preview/9/138/216.png [32m200[0m 244.192 ms - 10072[0m
[0mGET /styles/basic-preview/8/69/110.png [32m200[0m 118.857 ms - 5404[0m
[0mGET /styles/basic-preview/9/138/217.png [32m200[0m 218.072 ms - 2837[0m
[0mGET /styles/basic-preview/8/72/109.png [32m200[0m 204.488 ms - 11063[0m
[0mGET /styles/basic-preview/7/35/55.png [32m200[0m 161.384 ms - 21038[0m
[0mGET /styles/basic-preview/8/72/110.png [32m200[0m 172.880 ms - 9471[0m
[0mGET /styles/basic-preview/7/34/55.png [32m200[0m 149.717 ms - 18657[0m
[0mGET /styles/basic-preview/7/36/55.png [32m200[0m 141.782 ms - 9299[0m
[0mGET /styles/basic-preview/8/68/110.png [32m200[0m 14.689 ms - 2380[0m
[0mGET /styles/basic-preview/8/68/108.png [32m200[0m 68.019 ms - 1833[0m
[0mGET /styles/basic-preview/8/68/109.png [32m200[0m 95.287 ms - 3022[0m
[0mGET /styles/basic-preview/8/68/107.png [32m200[0m 117.997 ms - 3954[0m
[0mGET /styles/basic-preview/8/69/111.png [32m200[0m 75.067 ms - 26494[0m
[0mGET /styles/basic-preview/8/68/111.png [32m200[0m 104.888 ms - 24666[0m
[0mGET /styles/basic-preview/8/72/111.png [32m200[0m 124.221 ms - 17530[0m
[0mGET /styles/basic-preview/8/71/111.png [32m200[0m 126.736 ms - 30051[0m
[0mGET /styles/basic-preview/8/70/111.png [32m200[0m 116.811 ms - 38853[0m
[0mGET /styles/basic-preview/9/140/220.png [32m200[0m 79.776 ms - 3642[0m
[0mGET /styles/basic-preview/9/141/220.png [32m200[0m 115.400 ms - 3621[0m
[0mGET /styles/basic-preview/9/139/219.png [32m200[0m 111.124 ms - 8659[0m
[0mGET /styles/basic-preview/9/143/220.png [32m200[0m 106.165 ms - 1833[0m
[0mGET /styles/basic-preview/9/139/220.png [32m200[0m 107.862 ms - 5088[0m
[0mGET /styles/basic-preview/9/142/220.png [32m200[0m 119.958 ms - 3086[0m
[0mGET /styles/basic-preview/9/138/219.png [32m200[0m 23.059 ms - 5688[0m
[0mGET /styles/basic-preview/10/283/438.png [32m200[0m 78.604 ms - 9361[0m
[0mGET /styles/basic-preview/10/282/438.png [32m200[0m 93.058 ms - 12300[0m
[0mGET /styles/basic-preview/10/282/439.png [32m200[0m 88.209 ms - 6060[0m
[0mGET /styles/basic-preview/10/284/438.png [32m200[0m 101.867 ms - 3403[0m
[0mGET /styles/basic-preview/10/283/439.png [32m200[0m 118.859 ms - 3245[0m
[0mGET /styles/basic-preview/10/284/439.png [32m200[0m 70.464 ms - 1833[0m
[0mGET /styles/basic-preview/10/281/438.png [32m200[0m 137.269 ms - 7534[0m
[0mGET /styles/basic-preview/11/566/876.png [32m200[0m 105.570 ms - 16456[0m
[0mGET /styles/basic-preview/11/566/875.png [32m200[0m 115.904 ms - 18212[0m
[0mGET /styles/basic-preview/11/565/875.png [32m200[0m 119.732 ms - 11817[0m
[0mGET /styles/basic-preview/11/567/876.png [32m200[0m 83.472 ms - 2886[0m
[0mGET /styles/basic-preview/11/566/877.png [32m200[0m 113.598 ms - 3182[0m
[0mGET /styles/basic-preview/11/565/876.png [32m200[0m 131.478 ms - 11588[0m
[0mGET /styles/basic-preview/11/567/875.png [32m200[0m 106.556 ms - 10604[0m
[0mGET /styles/basic-preview/11/565/877.png [32m200[0m 107.642 ms - 13838[0m
[0mGET /styles/basic-preview/11/566/874.png [32m200[0m 27.734 ms - 16998[0m
[0mGET /styles/basic-preview/11/567/877.png [32m200[0m 64.877 ms - 3939[0m
[0mGET /styles/basic-preview/11/567/874.png [32m200[0m 41.799 ms - 11610[0m
[0mGET /styles/basic-preview/11/565/873.png [32m200[0m 112.313 ms - 2176[0m
[0mGET /styles/basic-preview/11/565/874.png [32m200[0m 116.181 ms - 4522[0m
[0mGET /styles/basic-preview/11/564/875.png [32m200[0m 80.160 ms - 7875[0m
[0mGET /styles/basic-preview/11/566/873.png [32m200[0m 219.323 ms - 22092[0m
[0mGET /styles/basic-preview/11/568/875.png [32m200[0m 89.064 ms - 4124[0m
[0mGET /styles/basic-preview/11/564/876.png [32m200[0m 106.399 ms - 18060[0m
[0mGET /styles/basic-preview/11/564/877.png [32m200[0m 103.550 ms - 7638[0m
[0mGET /styles/basic-preview/11/567/873.png [32m200[0m 242.065 ms - 11229[0m
[0mGET /styles/basic-preview/11/564/874.png [32m200[0m 34.892 ms - 2041[0m
[0mGET /styles/basic-preview/11/568/876.png [32m200[0m 107.624 ms - 4416[0m
[0mGET /styles/basic-preview/11/564/873.png [32m200[0m 104.343 ms - 1833[0m
[0mGET /styles/basic-preview/11/568/877.png [32m200[0m 93.015 ms - 2365[0m
[0mGET /styles/basic-preview/11/568/873.png [32m200[0m 102.382 ms - 5287[0m
[0mGET /styles/basic-preview/11/568/874.png [32m200[0m 75.719 ms - 4311[0m
[0mGET /styles/basic-preview/12/1132/1751.png [32m200[0m 63.356 ms - 15545[0m
[0mGET /styles/basic-preview/12/1132/1752.png [32m200[0m 117.665 ms - 13172[0m
[0mGET /styles/basic-preview/12/1132/1750.png [32m200[0m 122.994 ms - 7500[0m
[0mGET /styles/basic-preview/12/1133/1752.png [32m200[0m 127.351 ms - 12282[0m
[0mGET /styles/basic-preview/12/1133/1750.png [32m200[0m 123.857 ms - 11298[0m
[0mGET /styles/basic-preview/12/1133/1751.png [32m200[0m 128.896 ms - 14259[0m
[0mGET /styles/basic-preview/12/1132/1753.png [32m200[0m 46.526 ms - 14526[0m
[0mGET /styles/basic-preview/12/1133/1753.png [32m200[0m 86.772 ms - 4214[0m
[0mGET /styles/basic-preview/12/1131/1751.png [32m200[0m 118.351 ms - 14123[0m
[0mGET /styles/basic-preview/12/1131/1752.png [32m200[0m 114.919 ms - 5052[0m
[0mGET /styles/basic-preview/12/1134/1752.png [32m200[0m 119.899 ms - 3792[0m
[0mGET /styles/basic-preview/12/1134/1751.png [32m200[0m 127.349 ms - 4044[0m
[0mGET /styles/basic-preview/12/1134/1750.png [32m200[0m 127.821 ms - 15628[0m
[0mGET /styles/basic-preview/12/1134/1753.png [32m200[0m 90.390 ms - 1833[0m
[0mGET /styles/basic-preview/12/1131/1750.png [32m200[0m 114.417 ms - 2197[0m
[0mGET /styles/basic-preview/12/1135/1751.png [32m200[0m 107.098 ms - 3325[0m
[0mGET /styles/basic-preview/12/1131/1753.png [32m200[0m 111.700 ms - 10547[0m
[0mGET /styles/basic-preview/12/1135/1752.png [32m200[0m 107.991 ms - 1833[0m
[0mGET /styles/basic-preview/12/1135/1750.png [32m200[0m 22.251 ms - 4641[0m
[0mGET /styles/basic-preview/12/1135/1753.png [32m200[0m 20.882 ms - 1833[0m
[0mGET /styles/basic-preview/12/1130/1751.png [32m200[0m 72.299 ms - 9615[0m
[0mGET /styles/basic-preview/12/1130/1752.png [32m200[0m 66.968 ms - 9607[0m
[0mGET /styles/basic-preview/12/1130/1750.png [32m200[0m 91.736 ms - 1833[0m
[0mGET /styles/basic-preview/12/1130/1753.png [32m200[0m 99.364 ms - 5267[0m
[0mGET /styles/basic-preview/12/1131/1749.png [32m200[0m 50.219 ms - 2725[0m
[0mGET /styles/basic-preview/12/1134/1749.png [32m200[0m 121.397 ms - 15652[0m
[0mGET /styles/basic-preview/12/1135/1749.png [32m200[0m 109.434 ms - 5641[0m
[0mGET /styles/basic-preview/12/1133/1749.png [32m200[0m 140.525 ms - 4458[0m
[0mGET /styles/basic-preview/12/1132/1749.png [32m200[0m 120.800 ms - 7415[0m
[0mGET /styles/basic-preview/12/1134/1748.png [32m200[0m 100.287 ms - 5936[0m
[0mGET /styles/basic-preview/12/1133/1748.png [32m200[0m 128.574 ms - 10337[0m
[0mGET /styles/basic-preview/12/1134/1747.png [32m200[0m 124.064 ms - 4213[0m
[0mGET /styles/basic-preview/12/1132/1748.png [32m200[0m 166.815 ms - 27510[0m
[0mGET /styles/basic-preview/12/1132/1747.png [32m200[0m 178.812 ms - 23468[0m
[0mGET /styles/basic-preview/12/1133/1747.png [32m200[0m 187.642 ms - 27815[0m
[0mGET /styles/basic-preview/12/1131/1747.png [32m200[0m 100.434 ms - 6695[0m
[0mGET /styles/basic-preview/12/1136/1750.png [32m200[0m 117.540 ms - 2442[0m
[0mGET /styles/basic-preview/12/1135/1748.png [32m200[0m 135.477 ms - 6045[0m
[0mGET /styles/basic-preview/12/1136/1749.png [32m200[0m 118.444 ms - 3839[0m
[0mGET /styles/basic-preview/12/1131/1748.png [32m200[0m 125.035 ms - 5972[0m
[0mGET /styles/basic-preview/12/1135/1747.png [32m200[0m 186.993 ms - 7527[0m
[0mGET /styles/basic-preview/12/1136/1751.png [32m200[0m 42.724 ms - 1833[0m
[0mGET /styles/basic-preview/12/1136/1748.png [32m200[0m 61.287 ms - 3906[0m
[0mGET /styles/basic-preview/12/1136/1747.png [32m200[0m 73.373 ms - 4011[0m
[0mGET /styles/basic-preview/12/1135/1746.png [32m200[0m 14.865 ms - 4546[0m
[0mGET /styles/basic-preview/12/1131/1746.png [32m200[0m 42.253 ms - 2904[0m
[0mGET /styles/basic-preview/12/1130/1747.png [32m200[0m 39.684 ms - 1833[0m
[0mGET /styles/basic-preview/12/1134/1746.png [32m200[0m 80.430 ms - 20311[0m
[0mGET /styles/basic-preview/12/1132/1746.png [32m200[0m 140.404 ms - 17746[0m
[0mGET /styles/basic-preview/12/1133/1746.png [32m200[0m 142.290 ms - 36884[0m
[0mGET /styles/basic-preview/12/1130/1748.png [32m200[0m 107.921 ms - 3304[0m
[0mGET /styles/basic-preview/12/1130/1749.png [32m200[0m 98.742 ms - 5298[0m
[0mGET /styles/basic-preview/12/1130/1746.png [32m200[0m 97.115 ms - 1833[0m
[0mGET /styles/basic-preview/12/1135/1754.png [32m200[0m 37.453 ms - 3125[0m
[0mGET /styles/basic-preview/12/1134/1754.png [32m200[0m 79.156 ms - 1833[0m
[0mGET /styles/basic-preview/12/1132/1754.png [32m200[0m 89.212 ms - 4312[0m
[0mGET /styles/basic-preview/12/1133/1754.png [32m200[0m 91.351 ms - 1840[0m
[0mGET /styles/basic-preview/12/1131/1754.png [32m200[0m 86.154 ms - 17337[0m
[0mGET /styles/basic-preview/12/1130/1754.png [32m200[0m 26.596 ms - 10330[0m
[0mGET /styles/basic-preview/11/566/878.png [32m200[0m 55.870 ms - 3831[0m
[0mGET /styles/basic-preview/11/567/878.png [32m200[0m 60.899 ms - 2665[0m
[0mGET /styles/basic-preview/11/565/878.png [32m200[0m 62.814 ms - 3774[0m
[0mGET /styles/basic-preview/12/1133/1755.png [32m200[0m 45.247 ms - 1833[0m
[0mGET /styles/basic-preview/12/1130/1755.png [32m200[0m 19.467 ms - 13266[0m
[0mGET /styles/basic-preview/12/1132/1755.png [32m200[0m 83.179 ms - 1833[0m
[0mGET /styles/basic-preview/12/1131/1755.png [32m200[0m 99.512 ms - 3618[0m
[0mGET /styles/basic-preview/12/1134/1755.png [32m200[0m 61.222 ms - 2386[0m
[0mGET /styles/basic-preview/11/564/878.png [32m200[0m 13.370 ms - 6505[0m
[0mGET /styles/basic-preview/12/1129/1753.png [32m200[0m 46.318 ms - 6238[0m
[0mGET /styles/basic-preview/12/1129/1752.png [32m200[0m 69.369 ms - 11212[0m
[0mGET /styles/basic-preview/12/1129/1754.png [32m200[0m 73.142 ms - 2758[0m
[0mGET /styles/basic-preview/12/1129/1755.png [32m200[0m 62.282 ms - 18266[0m
[0mGET /styles/basic-preview/12/1133/1756.png [32m200[0m 40.360 ms - 3518[0m
[0mGET /styles/basic-preview/12/1131/1756.png [32m200[0m 72.849 ms - 1833[0m
[0mGET /styles/basic-preview/12/1130/1756.png [32m200[0m 72.650 ms - 3038[0m
[0mGET /styles/basic-preview/12/1132/1756.png [32m200[0m 88.771 ms - 3613[0m
[0mGET /styles/basic-preview/12/1129/1756.png [32m200[0m 85.617 ms - 6445[0m
[0mGET /styles/basic-preview/12/1128/1755.png [32m200[0m 24.514 ms - 2358[0m
[0mGET /styles/basic-preview/12/1128/1756.png [32m200[0m 80.445 ms - 8819[0m
[0mGET /styles/basic-preview/12/1128/1754.png [32m200[0m 85.452 ms - 2731[0m
[0mGET /styles/basic-preview/12/1128/1753.png [32m200[0m 88.363 ms - 7191[0m
[0mGET /styles/basic-preview/13/2261/3511.png [32m200[0m 56.359 ms - 3769[0m
[0mGET /styles/basic-preview/13/2261/3510.png [32m200[0m 57.863 ms - 9395[0m
[0mGET /styles/basic-preview/13/2262/3511.png [32m200[0m 96.439 ms - 2459[0m
[0mGET /styles/basic-preview/13/2262/3510.png [32m200[0m 97.379 ms - 3519[0m
[0mGET /styles/basic-preview/13/2262/3509.png [32m200[0m 105.902 ms - 17079[0m
[0mGET /styles/basic-preview/13/2261/3509.png [32m200[0m 109.161 ms - 17438[0m
[0mGET /styles/basic-preview/13/2261/3512.png [32m200[0m 70.708 ms - 2394[0m
[0mGET /styles/basic-preview/13/2262/3512.png [32m200[0m 100.541 ms - 1833[0m
[0mGET /styles/basic-preview/13/2260/3511.png [32m200[0m 149.335 ms - 6819[0m
[0mGET /styles/basic-preview/13/2260/3510.png [32m200[0m 149.903 ms - 16141[0m
[0mGET /styles/basic-preview/13/2260/3509.png [32m200[0m 114.061 ms - 3595[0m
[0mGET /styles/basic-preview/13/2261/3508.png [32m200[0m 112.977 ms - 6920[0m
[0mGET /styles/basic-preview/13/2263/3510.png [32m200[0m 64.964 ms - 3316[0m
[0mGET /styles/basic-preview/13/2260/3512.png [32m200[0m 68.339 ms - 3710[0m
[0mGET /styles/basic-preview/13/2263/3511.png [32m200[0m 83.299 ms - 1833[0m
[0mGET /styles/basic-preview/13/2262/3508.png [32m200[0m 118.397 ms - 8768[0m
[0mGET /styles/basic-preview/13/2263/3509.png [32m200[0m 119.444 ms - 2969[0m
[0mGET /styles/basic-preview/13/2260/3508.png [32m200[0m 110.701 ms - 7614[0m
[0mGET /styles/basic-preview/13/2263/3512.png [32m200[0m 42.496 ms - 1833[0m
[0mGET /styles/basic-preview/13/2259/3509.png [32m200[0m 120.560 ms - 2130[0m
[0mGET /styles/basic-preview/13/2259/3512.png [32m200[0m 124.719 ms - 2912[0m
[0mGET /styles/basic-preview/13/2259/3510.png [32m200[0m 174.347 ms - 9034[0m
[0mGET /styles/basic-preview/13/2259/3511.png [32m200[0m 140.848 ms - 17321[0m
[0mGET /styles/basic-preview/13/2263/3508.png [32m200[0m 139.021 ms - 19135[0m
[0mGET /styles/basic-preview/13/2264/3510.png [32m200[0m 41.255 ms - 1833[0m
[0mGET /styles/basic-preview/13/2264/3511.png [32m200[0m 78.345 ms - 1833[0m
[0mGET /styles/basic-preview/13/2264/3509.png [32m200[0m 85.859 ms - 3486[0m
[0mGET /styles/basic-preview/13/2259/3508.png [32m200[0m 116.155 ms - 4008[0m
[0mGET /styles/basic-preview/13/2258/3509.png [32m200[0m 89.493 ms - 2139[0m
[0mGET /styles/basic-preview/13/2258/3510.png [32m200[0m 80.088 ms - 5862[0m
[0mGET /styles/basic-preview/11/566/879.png [32m200[0m 100.458 ms - 1833[0m
[0mGET /styles/basic-preview/11/565/879.png [32m200[0m 107.533 ms - 3054[0m
[0mGET /styles/basic-preview/11/564/879.png [32m200[0m 133.781 ms - 3811[0m
[0mGET /styles/basic-preview/10/281/439.png [32m200[0m 133.024 ms - 9560[0m
[0mGET /styles/basic-preview/11/563/877.png [32m200[0m 133.417 ms - 4528[0m
[0mGET /styles/basic-preview/11/567/879.png [32m200[0m 30.498 ms - 1833[0m
[0mGET /styles/basic-preview/11/563/878.png [32m200[0m 139.018 ms - 14265[0m
[0mGET /styles/basic-preview/11/563/876.png [32m200[0m 84.602 ms - 7649[0m
[0mGET /styles/basic-preview/11/563/879.png [32m200[0m 94.582 ms - 3598[0m
[0mGET /styles/basic-preview/11/562/876.png [32m200[0m 12.197 ms - 6969[0m
[0mGET /styles/basic-preview/11/562/877.png [32m200[0m 47.105 ms - 3930[0m
[0mGET /styles/basic-preview/11/562/878.png [32m200[0m 73.722 ms - 16189[0m
[0mGET /styles/basic-preview/11/562/879.png [32m200[0m 77.340 ms - 4259[0m
[0mGET /styles/basic-preview/12/1127/1757.png [32m200[0m 93.823 ms - 4683[0m
[0mGET /styles/basic-preview/12/1127/1756.png [32m200[0m 112.314 ms - 11024[0m
[0mGET /styles/basic-preview/12/1127/1755.png [32m200[0m 107.215 ms - 3671[0m
[0mGET /styles/basic-preview/12/1128/1757.png [32m200[0m 107.024 ms - 3447[0m
[0mGET /styles/basic-preview/12/1126/1756.png [32m200[0m 106.968 ms - 4035[0m
[0mGET /styles/basic-preview/12/1126/1757.png [32m200[0m 120.010 ms - 21391[0m
[0mGET /styles/basic-preview/12/1129/1757.png [32m200[0m 25.231 ms - 1906[0m
[0mGET /styles/basic-preview/12/1126/1755.png [32m200[0m 39.803 ms - 3953[0m
[0mGET /styles/basic-preview/12/1127/1758.png [32m200[0m 86.150 ms - 1833[0m
[0mGET /styles/basic-preview/12/1127/1754.png [32m200[0m 86.135 ms - 1833[0m
[0mGET /styles/basic-preview/12/1128/1758.png [32m200[0m 86.642 ms - 2064[0m
[0mGET /styles/basic-preview/12/1126/1758.png [32m200[0m 90.566 ms - 3456[0m
[0mGET /styles/basic-preview/12/1125/1755.png [32m200[0m 79.925 ms - 1833[0m
[0mGET /styles/basic-preview/12/1125/1756.png [32m200[0m 146.053 ms - 3417[0m
[0mGET /styles/basic-preview/13/2255/3513.png [32m200[0m 100.688 ms - 8101[0m
[0mGET /styles/basic-preview/13/2255/3514.png [32m200[0m 100.601 ms - 2952[0m
[0mGET /styles/basic-preview/12/1125/1757.png [32m200[0m 122.344 ms - 23060[0m
[0mGET /styles/basic-preview/13/2255/3512.png [32m200[0m 99.820 ms - 2682[0m
[0mGET /styles/basic-preview/13/2254/3512.png [32m200[0m 345.589 ms - 3130[0m
[0mGET /styles/basic-preview/13/2254/3514.png [32m200[0m 345.041 ms - 5509[0m
[0mGET /styles/basic-preview/13/2254/3513.png [32m200[0m 356.692 ms - 14907[0m
[0mGET /styles/basic-preview/13/2256/3513.png [32m200[0m 346.241 ms - 3420[0m
[0mGET /styles/basic-preview/13/2256/3514.png [32m200[0m 376.013 ms - 3570[0m
[0mGET /styles/basic-preview/13/2256/3512.png [32m200[0m 399.002 ms - 8669[0m
[0mGET /styles/basic-preview/14/4510/7025.png [32m200[0m 105.204 ms - 2654[0m
[0mGET /styles/basic-preview/14/4510/7027.png [32m200[0m 120.726 ms - 5785[0m
[0mGET /styles/basic-preview/13/2253/3512.png [32m200[0m 131.852 ms - 3933[0m
[0mGET /styles/basic-preview/14/4510/7026.png [32m200[0m 131.320 ms - 8193[0m
[0mGET /styles/basic-preview/14/4510/7028.png [32m200[0m 112.159 ms - 1833[0m
[0mGET /styles/basic-preview/13/2253/3513.png [32m200[0m 141.462 ms - 3170[0m
[0mGET /styles/basic-preview/14/4511/7026.png [32m200[0m 31.813 ms - 5401[0m
[0mGET /styles/basic-preview/14/4509/7025.png [32m200[0m 83.369 ms - 2638[0m
[0mGET /styles/basic-preview/14/4511/7025.png [32m200[0m 102.902 ms - 1833[0m
[0mGET /styles/basic-preview/14/4509/7027.png [32m200[0m 104.157 ms - 19507[0m
[0mGET /styles/basic-preview/14/4509/7026.png [32m200[0m 126.971 ms - 4529[0m
[0mGET /styles/basic-preview/14/4511/7027.png [32m200[0m 132.408 ms - 1833[0m
[0mGET /styles/basic-preview/14/4509/7024.png [32m200[0m 33.225 ms - 1833[0m
[0mGET /styles/basic-preview/14/4511/7024.png [32m200[0m 45.063 ms - 2728[0m
[0mGET /styles/basic-preview/14/4509/7028.png [32m200[0m 165.165 ms - 4349[0m
[0mGET /styles/basic-preview/14/4510/7024.png [32m200[0m 123.920 ms - 1957[0m
[0mGET /styles/basic-preview/14/4511/7028.png [32m200[0m 99.022 ms - 1833[0m
[0mGET /styles/basic-preview/14/4510/7029.png [32m200[0m 90.608 ms - 1833[0m
[0mGET /styles/basic-preview/14/4508/7025.png [32m200[0m 96.412 ms - 1911[0m
[0mGET /styles/basic-preview/14/4508/7026.png [32m200[0m 152.121 ms - 2515[0m
[0mGET /styles/basic-preview/14/4508/7027.png [32m200[0m 124.137 ms - 13345[0m
[0mGET /styles/basic-preview/14/4512/7025.png [32m200[0m 112.676 ms - 4176[0m
[0mGET /styles/basic-preview/14/4512/7026.png [32m200[0m 116.034 ms - 6311[0m
[0mGET /styles/basic-preview/14/4508/7024.png [32m200[0m 42.766 ms - 3450[0m
[0mGET /styles/basic-preview/14/4512/7027.png [32m200[0m 151.738 ms - 1833[0m
[0mGET /styles/basic-preview/14/4508/7028.png [32m200[0m 118.551 ms - 7581[0m
[0mGET /styles/basic-preview/14/4507/7025.png [32m200[0m 73.715 ms - 2964[0m
[0mGET /styles/basic-preview/14/4512/7028.png [32m200[0m 113.881 ms - 3025[0m
[0mGET /styles/basic-preview/14/4512/7024.png [32m200[0m 99.396 ms - 2445[0m
[0mGET /styles/basic-preview/14/4507/7026.png [32m200[0m 123.427 ms - 2625[0m
[0mGET /styles/basic-preview/14/4507/7027.png [32m200[0m 123.237 ms - 4011[0m
[0mGET /styles/basic-preview/14/4507/7028.png [32m200[0m 164.283 ms - 21679[0m
[0mGET /styles/basic-preview/14/4513/7028.png [32m200[0m 82.143 ms - 3535[0m
[0mGET /styles/basic-preview/14/4513/7026.png [32m200[0m 152.654 ms - 1833[0m
[0mGET /styles/basic-preview/14/4513/7027.png [32m200[0m 114.942 ms - 1833[0m
[0mGET /styles/basic-preview/14/4513/7025.png [32m200[0m 158.536 ms - 15687[0m
[0mGET /styles/basic-preview/14/4513/7024.png [32m200[0m 45.032 ms - 1856[0m
[0mGET /styles/basic-preview/14/4507/7024.png [32m200[0m 111.843 ms - 3432[0m
[0mGET /styles/basic-preview/13/2253/3514.png [32m200[0m 77.867 ms - 20284[0m
[0mGET /styles/basic-preview/14/4508/7029.png [32m200[0m 44.560 ms - 1833[0m
[0mGET /styles/basic-preview/14/4511/7029.png [32m200[0m 67.688 ms - 3776[0m
[0mGET /styles/basic-preview/14/4512/7029.png [32m200[0m 98.963 ms - 2538[0m
[0mGET /styles/basic-preview/14/4513/7029.png [32m200[0m 97.916 ms - 1833[0m
[0mGET /styles/basic-preview/14/4509/7029.png [32m200[0m 106.744 ms - 1833[0m
[0mGET /styles/basic-preview/14/4507/7029.png [32m200[0m 103.737 ms - 1833[0m
[0mGET /styles/basic-preview/13/2257/3512.png [32m200[0m 40.299 ms - 12706[0m
[0mGET /styles/basic-preview/13/2255/3511.png [32m200[0m 101.923 ms - 3518[0m
[0mGET /styles/basic-preview/13/2254/3511.png [32m200[0m 112.409 ms - 4143[0m
[0mGET /styles/basic-preview/13/2256/3511.png [32m200[0m 117.462 ms - 2398[0m
[0mGET /styles/basic-preview/13/2253/3511.png [32m200[0m 113.049 ms - 3974[0m
[0mGET /styles/basic-preview/13/2257/3513.png [32m200[0m 114.185 ms - 1990[0m
[0mGET /styles/basic-preview/13/2254/3515.png [32m200[0m 66.461 ms - 3611[0m
[0mGET /styles/basic-preview/13/2257/3514.png [32m200[0m 145.172 ms - 3293[0m
[0mGET /styles/basic-preview/13/2257/3511.png [32m200[0m 124.147 ms - 2634[0m
[0mGET /styles/basic-preview/13/2255/3515.png [32m200[0m 135.089 ms - 3041[0m
[0mGET /styles/basic-preview/13/2256/3515.png [32m200[0m 147.637 ms - 1833[0m
[0mGET /styles/basic-preview/12/1126/1754.png [32m200[0m 67.584 ms - 3535[0m
[0mGET /styles/basic-preview/13/2253/3515.png [32m200[0m 159.788 ms - 2726[0m
[0mGET /styles/basic-preview/12/1129/1758.png [32m200[0m 97.757 ms - 3772[0m
[0mGET /styles/basic-preview/10/282/440.png [32m200[0m 93.269 ms - 1833[0m
[0mGET /styles/basic-preview/10/281/440.png [32m200[0m 97.451 ms - 3484[0m
[0mGET /styles/basic-preview/10/280/438.png [32m200[0m 106.680 ms - 6771[0m
[0mGET /styles/basic-preview/10/280/439.png [32m200[0m 98.649 ms - 12884[0m
[0mGET /styles/basic-preview/11/563/880.png [32m200[0m 144.356 ms - 3593[0m
[0mGET /styles/basic-preview/10/280/440.png [32m200[0m 121.294 ms - 4081[0m
[0mGET /styles/basic-preview/11/565/880.png [32m200[0m 67.121 ms - 1833[0m
[0mGET /styles/basic-preview/11/564/880.png [32m200[0m 87.652 ms - 1833[0m
[0mGET /styles/basic-preview/11/562/880.png [32m200[0m 96.904 ms - 3460[0m
[0mGET /styles/basic-preview/11/561/879.png [32m200[0m 91.741 ms - 12602[0m
[0mGET /styles/basic-preview/11/561/878.png [32m200[0m 143.849 ms - 16106[0m
[0mGET /styles/basic-preview/11/561/877.png [32m200[0m 103.126 ms - 4526[0m
[0mGET /styles/basic-preview/10/283/440.png [32m200[0m 67.849 ms - 2192[0m
[0mGET /styles/basic-preview/11/561/880.png [32m200[0m 154.333 ms - 3498[0m
[0mGET /styles/basic-preview/11/561/876.png [32m200[0m 115.385 ms - 5565[0m
[0mGET /styles/basic-preview/11/560/879.png [32m200[0m 64.993 ms - 20538[0m
[0mGET /styles/basic-preview/11/560/877.png [32m200[0m 63.060 ms - 4664[0m
[0mGET /styles/basic-preview/11/560/878.png [32m200[0m 130.251 ms - 23644[0m
[0mGET /styles/basic-preview/10/280/437.png [32m200[0m 236.590 ms - 6226[0m
[0mGET /styles/basic-preview/11/560/880.png [32m200[0m 29.169 ms - 2714[0m
[0mGET /styles/basic-preview/11/563/881.png [32m200[0m 41.616 ms - 1833[0m
[0mGET /styles/basic-preview/11/562/881.png [32m200[0m 103.949 ms - 1833[0m
[0mGET /styles/basic-preview/11/564/881.png [32m200[0m 125.739 ms - 1833[0m
[0mGET /styles/basic-preview/11/565/881.png [32m200[0m 100.131 ms - 1833[0m
[0mGET /styles/basic-preview/10/279/438.png [32m200[0m 124.278 ms - 4219[0m
[0mGET /styles/basic-preview/11/561/881.png [32m200[0m 184.097 ms - 2646[0m
[0mGET /styles/basic-preview/11/560/881.png [32m200[0m 181.908 ms - 3591[0m
[0mGET /styles/basic-preview/10/279/440.png [32m200[0m 68.704 ms - 5243[0m
[0mGET /styles/basic-preview/10/279/439.png [32m200[0m 143.824 ms - 13453[0m
[0mGET /styles/basic-preview/11/559/880.png [32m200[0m 109.021 ms - 3457[0m
[0mGET /styles/basic-preview/11/559/881.png [32m200[0m 125.295 ms - 3420[0m
[0mGET /styles/basic-preview/11/559/879.png [32m200[0m 181.508 ms - 29232[0m
[0mGET /styles/basic-preview/11/559/878.png [32m200[0m 171.175 ms - 8704[0m
[0mGET /styles/basic-preview/11/558/881.png [32m200[0m 35.182 ms - 3509[0m
[0mGET /styles/basic-preview/11/559/877.png [32m200[0m 192.869 ms - 5236[0m
[0mGET /styles/basic-preview/11/558/880.png [32m200[0m 133.671 ms - 4751[0m
[0mGET /styles/basic-preview/11/558/879.png [32m200[0m 183.253 ms - 19132[0m
[0mGET /styles/basic-preview/11/558/877.png [32m200[0m 115.999 ms - 3257[0m
[0mGET /styles/basic-preview/11/558/878.png [32m200[0m 157.166 ms - 5125[0m
[0mGET /styles/basic-preview/10/281/441.png [32m200[0m 20.751 ms - 1833[0m
[0mGET /styles/basic-preview/10/282/441.png [32m200[0m 50.174 ms - 3895[0m
[0mGET /styles/basic-preview/10/280/441.png [32m200[0m 75.273 ms - 1833[0m
[0mGET /styles/basic-preview/10/278/440.png [32m200[0m 75.987 ms - 5352[0m
[0mGET /styles/basic-preview/10/279/441.png [32m200[0m 90.606 ms - 1833[0m
[0mGET /styles/basic-preview/10/278/439.png [32m200[0m 114.903 ms - 7427[0m
[0mGET /styles/basic-preview/10/283/441.png [32m200[0m 82.331 ms - 3299[0m
[0mGET /styles/basic-preview/10/278/441.png [32m200[0m 79.635 ms - 1833[0m
[0mGET /styles/basic-preview/10/278/437.png [32m200[0m 66.173 ms - 1833[0m
[0mGET /styles/basic-preview/10/279/437.png [32m200[0m 124.842 ms - 1833[0m
[0mGET /styles/basic-preview/10/278/438.png [32m200[0m 90.699 ms - 1833[0m
[0mGET /styles/basic-preview/9/138/220.png [32m200[0m 29.777 ms - 3205[0m
[0mGET /styles/basic-preview/9/141/221.png [32m200[0m 56.370 ms - 5439[0m
[0mGET /styles/basic-preview/9/141/222.png [32m200[0m 72.478 ms - 33910[0m
[0mGET /styles/basic-preview/9/139/221.png [32m200[0m 89.552 ms - 3788[0m
[0mGET /styles/basic-preview/9/140/221.png [32m200[0m 104.081 ms - 3576[0m
[0mGET /styles/basic-preview/9/140/222.png [32m200[0m 104.042 ms - 32874[0m
[0mGET /styles/basic-preview/9/139/222.png [32m200[0m 125.151 ms - 31611[0m
[0mGET /styles/basic-preview/9/138/221.png [32m200[0m 95.490 ms - 3252[0m
[0mGET /styles/basic-preview/9/138/222.png [32m200[0m 73.244 ms - 30011[0m
[0mGET /styles/basic-preview/10/277/439.png [32m200[0m 46.462 ms - 5267[0m
[0mGET /styles/basic-preview/10/277/438.png [32m200[0m 52.103 ms - 1833[0m
[0mGET /styles/basic-preview/10/277/440.png [32m200[0m 53.664 ms - 3151[0m
[0mGET /styles/basic-preview/10/277/441.png [32m200[0m 52.815 ms - 1833[0m
[0mGET /styles/basic-preview/11/557/878.png [32m200[0m 96.676 ms - 4979[0m
[0mGET /styles/basic-preview/11/557/879.png [32m200[0m 135.769 ms - 8664[0m
[0mGET /styles/basic-preview/11/557/881.png [32m200[0m 135.432 ms - 3989[0m
[0mGET /styles/basic-preview/11/557/880.png [32m200[0m 136.100 ms - 5780[0m
[0mGET /styles/basic-preview/11/556/880.png [32m200[0m 123.368 ms - 3112[0m
[0mGET /styles/basic-preview/11/556/879.png [32m200[0m 125.422 ms - 8659[0m
[0mGET /styles/basic-preview/11/556/881.png [32m200[0m 61.100 ms - 3425[0m
[0mGET /styles/basic-preview/11/556/878.png [32m200[0m 74.211 ms - 4964[0m
[0mGET /styles/basic-preview/12/1117/1760.png [32m200[0m 107.867 ms - 4183[0m
[0mGET /styles/basic-preview/12/1116/1760.png [32m200[0m 124.461 ms - 1833[0m
[0mGET /styles/basic-preview/12/1116/1758.png [32m200[0m 125.419 ms - 3472[0m
[0mGET /styles/basic-preview/12/1117/1759.png [32m200[0m 137.738 ms - 27910[0m
[0mGET /styles/basic-preview/12/1117/1758.png [32m200[0m 169.475 ms - 5758[0m
[0mGET /styles/basic-preview/12/1116/1759.png [32m200[0m 171.697 ms - 9755[0m
[0mGET /styles/basic-preview/12/1117/1761.png [32m200[0m 164.602 ms - 3385[0m
[0mGET /styles/basic-preview/12/1116/1761.png [32m200[0m 142.550 ms - 3272[0m
[0mGET /styles/basic-preview/12/1118/1760.png [32m200[0m 127.783 ms - 1833[0m
[0mGET /styles/basic-preview/12/1117/1757.png [32m200[0m 123.795 ms - 3559[0m
[0mGET /styles/basic-preview/12/1118/1758.png [32m200[0m 193.744 ms - 21436[0m
[0mGET /styles/basic-preview/12/1118/1759.png [32m200[0m 194.570 ms - 23339[0m
[0mGET /styles/basic-preview/12/1116/1757.png [32m200[0m 114.764 ms - 2309[0m
[0mGET /styles/basic-preview/12/1115/1759.png [32m200[0m 82.066 ms - 11388[0m
[0mGET /styles/basic-preview/12/1115/1758.png [32m200[0m 82.743 ms - 3551[0m
[0mGET /styles/basic-preview/12/1118/1761.png [32m200[0m 116.841 ms - 3304[0m
[0mGET /styles/basic-preview/12/1115/1760.png [32m200[0m 110.922 ms - 5406[0m
[0mGET /styles/basic-preview/12/1115/1761.png [32m200[0m 115.488 ms - 3794[0m
[0mGET /styles/basic-preview/12/1119/1761.png [32m200[0m 22.900 ms - 2080[0m
[0mGET /styles/basic-preview/12/1118/1757.png [32m200[0m 101.492 ms - 6156[0m
[0mGET /styles/basic-preview/12/1115/1757.png [32m200[0m 84.403 ms - 3376[0m
[0mGET /styles/basic-preview/12/1119/1760.png [32m200[0m 78.473 ms - 3520[0m
[0mGET /styles/basic-preview/12/1119/1757.png [32m200[0m 32.514 ms - 12724[0m
[0mGET /styles/basic-preview/12/1114/1759.png [32m200[0m 81.350 ms - 4148[0m
[0mGET /styles/basic-preview/12/1114/1758.png [32m200[0m 113.573 ms - 3708[0m
[0mGET /styles/basic-preview/12/1119/1759.png [32m200[0m 172.380 ms - 12166[0m
[0mGET /styles/basic-preview/12/1119/1758.png [32m200[0m 182.282 ms - 26969[0m
[0mGET /styles/basic-preview/12/1114/1760.png [32m200[0m 99.380 ms - 4037[0m
[0mGET /styles/basic-preview/12/1114/1757.png [32m200[0m 48.539 ms - 3464[0m
[0mGET /styles/basic-preview/12/1114/1761.png [32m200[0m 75.247 ms - 1833[0m
[0mGET /styles/basic-preview/13/2233/3520.png [32m200[0m 77.094 ms - 1833[0m
[0mGET /styles/basic-preview/13/2233/3519.png [32m200[0m 114.732 ms - 4041[0m
[0mGET /styles/basic-preview/13/2234/3517.png [32m200[0m 112.943 ms - 1833[0m
[0mGET /styles/basic-preview/13/2234/3520.png [32m200[0m 115.740 ms - 3394[0m
[0mGET /styles/basic-preview/13/2234/3518.png [32m200[0m 119.396 ms - 10860[0m
[0mGET /styles/basic-preview/13/2234/3519.png [32m200[0m 126.222 ms - 18485[0m
[0mGET /styles/basic-preview/13/2233/3517.png [32m200[0m 71.519 ms - 1894[0m
[0mGET /styles/basic-preview/13/2235/3520.png [32m200[0m 30.450 ms - 2810[0m
[0mGET /styles/basic-preview/13/2234/3521.png [32m200[0m 115.142 ms - 3809[0m
[0mGET /styles/basic-preview/13/2233/3518.png [32m200[0m 118.014 ms - 2787[0m
[0mGET /styles/basic-preview/13/2235/3518.png [32m200[0m 53.882 ms - 21692[0m
[0mGET /styles/basic-preview/13/2233/3521.png [32m200[0m 130.723 ms - 1833[0m
[0mGET /styles/basic-preview/13/2235/3519.png [32m200[0m 166.176 ms - 22535[0m
[0mGET /styles/basic-preview/13/2235/3517.png [32m200[0m 152.455 ms - 7243[0m
[0mGET /styles/basic-preview/13/2232/3518.png [32m200[0m 68.395 ms - 2240[0m
[0mGET /styles/basic-preview/13/2232/3520.png [32m200[0m 105.431 ms - 1833[0m
[0mGET /styles/basic-preview/13/2232/3519.png [32m200[0m 129.648 ms - 8511[0m
[0mGET /styles/basic-preview/13/2232/3517.png [32m200[0m 121.137 ms - 2733[0m
[0mGET /styles/basic-preview/14/4468/7036.png [32m200[0m 89.857 ms - 1997[0m
[0mGET /styles/basic-preview/14/4468/7037.png [32m200[0m 100.399 ms - 5273[0m
[0mGET /styles/basic-preview/14/4467/7038.png [32m200[0m 95.132 ms - 2241[0m
[0mGET /styles/basic-preview/14/4467/7039.png [32m200[0m 119.529 ms - 1833[0m
[0mGET /styles/basic-preview/14/4468/7038.png [32m200[0m 212.861 ms - 22088[0m
[0mGET /styles/basic-preview/14/4468/7039.png [32m200[0m 186.069 ms - 5975[0m
[0mGET /styles/basic-preview/14/4468/7040.png [32m200[0m 61.916 ms - 2706[0m
[0mGET /styles/basic-preview/14/4467/7036.png [32m200[0m 75.778 ms - 1833[0m
[0mGET /styles/basic-preview/14/4467/7037.png [32m200[0m 74.268 ms - 2698[0m
[0mGET /styles/basic-preview/14/4469/7036.png [32m200[0m 96.038 ms - 6819[0m
[0mGET /styles/basic-preview/14/4469/7039.png [32m200[0m 131.324 ms - 6303[0m
[0mGET /styles/basic-preview/14/4469/7038.png [32m200[0m 170.091 ms - 47316[0m
[0mGET /styles/basic-preview/14/4469/7040.png [32m200[0m 27.107 ms - 1851[0m
[0mGET /styles/basic-preview/14/4469/7037.png [32m200[0m 117.134 ms - 16267[0m
[0mGET /styles/basic-preview/14/4467/7040.png [32m200[0m 81.379 ms - 1833[0m
[0mGET /styles/basic-preview/14/4466/7038.png [32m200[0m 85.101 ms - 4024[0m
[0mGET /styles/basic-preview/14/4470/7039.png [32m200[0m 151.678 ms - 2119[0m
[0mGET /styles/basic-preview/14/4470/7036.png [32m200[0m 204.595 ms - 1833[0m
[0mGET /styles/basic-preview/14/4470/7038.png [32m200[0m 213.052 ms - 43647[0m
[0mGET /styles/basic-preview/14/4471/7039.png [32m200[0m 152.464 ms - 2154[0m
[0mGET /styles/basic-preview/14/4471/7038.png [32m200[0m 180.507 ms - 30242[0m
[0mGET /styles/basic-preview/14/4470/7037.png [32m200[0m 182.688 ms - 31914[0m
[0mGET /styles/basic-preview/14/4472/7038.png [32m200[0m 120.552 ms - 14058[0m
[0mGET /styles/basic-preview/14/4472/7039.png [32m200[0m 157.657 ms - 2434[0m
[0mGET /styles/basic-preview/14/4472/7037.png [32m200[0m 133.981 ms - 24110[0m
[0mGET /styles/basic-preview/14/4471/7036.png [32m200[0m 190.713 ms - 4210[0m
[0mGET /styles/basic-preview/14/4472/7036.png [32m200[0m 150.951 ms - 6165[0m
[0mGET /styles/basic-preview/14/4471/7037.png [32m200[0m 190.508 ms - 40291[0m
[0mGET /styles/basic-preview/14/4473/7038.png [32m200[0m 46.512 ms - 11228[0m
[0mGET /styles/basic-preview/14/4471/7040.png [32m200[0m 84.329 ms - 1833[0m
[0mGET /styles/basic-preview/14/4472/7040.png [32m200[0m 82.224 ms - 1833[0m
[0mGET /styles/basic-preview/14/4471/7035.png [32m200[0m 90.577 ms - 1833[0m
[0mGET /styles/basic-preview/14/4473/7039.png [32m200[0m 129.823 ms - 2461[0m
[0mGET /styles/basic-preview/14/4473/7036.png [32m200[0m 128.716 ms - 14561[0m
[0mGET /styles/basic-preview/14/4473/7040.png [32m200[0m 48.759 ms - 1833[0m
[0mGET /styles/basic-preview/14/4473/7037.png [32m200[0m 136.106 ms - 17646[0m
[0mGET /styles/basic-preview/14/4473/7035.png [32m200[0m 144.061 ms - 7170[0m
[0mGET /styles/basic-preview/14/4472/7035.png [32m200[0m 167.051 ms - 4554[0m
[0mGET /styles/basic-preview/14/4474/7036.png [32m200[0m 143.452 ms - 16001[0m
[0mGET /styles/basic-preview/14/4474/7037.png [32m200[0m 166.846 ms - 29639[0m
[0mGET /styles/basic-preview/14/4474/7038.png [32m200[0m 161.941 ms - 6552[0m
[0mGET /styles/basic-preview/14/4474/7039.png [32m200[0m 157.841 ms - 2489[0m
[0mGET /styles/basic-preview/14/4474/7040.png [32m200[0m 124.753 ms - 1833[0m
[0mGET /styles/basic-preview/14/4470/7035.png [32m200[0m 153.221 ms - 1833[0m
[0mGET /styles/basic-preview/14/4474/7035.png [32m200[0m 154.135 ms - 3609[0m
[0mGET /styles/basic-preview/14/4475/7036.png [32m200[0m 82.616 ms - 20325[0m
[0mGET /styles/basic-preview/14/4470/7040.png [32m200[0m 119.407 ms - 1833[0m
[0mGET /styles/basic-preview/14/4475/7037.png [32m200[0m 66.723 ms - 18016[0m
[0mGET /styles/basic-preview/14/4475/7038.png [32m200[0m 43.109 ms - 2410[0m
[0mGET /styles/basic-preview/14/4475/7039.png [32m200[0m 47.459 ms - 2082[0m
[0mGET /styles/basic-preview/14/4475/7040.png [32m200[0m 81.369 ms - 1833[0m
[0mGET /styles/basic-preview/14/4469/7035.png [32m200[0m 67.502 ms - 1833[0m
[0mGET /styles/basic-preview/14/4475/7035.png [32m200[0m 112.013 ms - 8578[0m
[0mGET /styles/basic-preview/13/2236/3517.png [32m200[0m 100.097 ms - 17856[0m
[0mGET /styles/basic-preview/13/2236/3519.png [32m200[0m 153.916 ms - 8872[0m
[0mGET /styles/basic-preview/13/2236/3518.png [32m200[0m 158.463 ms - 23390[0m
[0mGET /styles/basic-preview/13/2236/3520.png [32m200[0m 120.415 ms - 1833[0m
[0mGET /styles/basic-preview/13/2237/3517.png [32m200[0m 144.522 ms - 6371[0m
[0mGET /styles/basic-preview/13/2237/3518.png [32m200[0m 147.588 ms - 34079[0m
[0mGET /styles/basic-preview/13/2237/3519.png [32m200[0m 116.584 ms - 4744[0m
[0mGET /styles/basic-preview/13/2237/3520.png [32m200[0m 81.133 ms - 1833[0m
[0mGET /styles/basic-preview/10/277/437.png [32m200[0m 19.552 ms - 1833[0m
[0mGET /styles/basic-preview/10/276/438.png [32m200[0m 46.274 ms - 2400[0m
[0mGET /styles/basic-preview/10/276/437.png [32m200[0m 58.985 ms - 1833[0m
[0mGET /styles/basic-preview/10/276/441.png [32m200[0m 55.411 ms - 1833[0m
[0mGET /styles/basic-preview/10/276/439.png [32m200[0m 62.497 ms - 7554[0m
[0mGET /styles/basic-preview/10/276/440.png [32m200[0m 62.088 ms - 3679[0m
[0mGET /styles/basic-preview/7/33/55.png [32m200[0m 65.058 ms - 3062[0m
[0mGET /styles/basic-preview/7/36/56.png [32m200[0m 46.946 ms - 22161[0m
[0mGET /styles/basic-preview/7/32/55.png [32m200[0m 72.153 ms - 2949[0m
[0mGET /styles/basic-preview/7/37/56.png [32m200[0m 80.341 ms - 13190[0m
[0mGET /styles/basic-preview/7/35/56.png [32m200[0m 87.835 ms - 14462[0m
[0mGET /styles/basic-preview/7/38/53.png [32m200[0m 41.180 ms - 1833[0m
[0mGET /styles/basic-preview/7/38/54.png [32m200[0m 43.897 ms - 1833[0m
[0mGET /styles/basic-preview/8/73/110.png [32m200[0m 93.201 ms - 3200[0m
[0mGET /styles/basic-preview/8/73/109.png [32m200[0m 100.502 ms - 12529[0m
[0mGET /styles/basic-preview/9/144/218.png [32m200[0m 133.092 ms - 2865[0m
[0mGET /styles/basic-preview/8/73/111.png [32m200[0m 231.100 ms - 2554[0m
[0mGET /styles/basic-preview/9/144/219.png [32m200[0m 195.772 ms - 9797[0m
[0mGET /styles/basic-preview/9/144/217.png [32m200[0m 186.473 ms - 1833[0m
[0mGET /styles/basic-preview/8/73/108.png [32m200[0m 244.390 ms - 7283[0m
[0mGET /styles/basic-preview/9/145/218.png [32m200[0m 188.528 ms - 3959[0m
[0mGET /styles/basic-preview/9/146/218.png [32m200[0m 94.456 ms - 3666[0m
[0mGET /styles/basic-preview/9/146/219.png [32m200[0m 112.113 ms - 4468[0m
[0mGET /styles/basic-preview/9/145/219.png [32m200[0m 196.628 ms - 12939[0m
[0mGET /styles/basic-preview/9/145/217.png [32m200[0m 155.508 ms - 3409[0m
[0mGET /styles/basic-preview/9/144/220.png [32m200[0m 174.806 ms - 4555[0m
[0mGET /styles/basic-preview/9/145/220.png [32m200[0m 166.659 ms - 18821[0m
[0mGET /styles/basic-preview/9/147/218.png [32m200[0m 33.704 ms - 10848[0m
[0mGET /styles/basic-preview/9/147/219.png [32m200[0m 37.560 ms - 11385[0m
[0mGET /styles/basic-preview/9/146/220.png [32m200[0m 82.614 ms - 2270[0m
[0mGET /styles/basic-preview/9/147/217.png [32m200[0m 81.117 ms - 3996[0m
[0mGET /styles/basic-preview/9/147/220.png [32m200[0m 88.923 ms - 3554[0m
[0mGET /styles/basic-preview/9/146/217.png [32m200[0m 156.911 ms - 9366[0m
[0mGET /styles/basic-preview/10/290/437.png [32m200[0m 89.694 ms - 3801[0m
[0mGET /styles/basic-preview/10/289/437.png [32m200[0m 128.482 ms - 4411[0m
[0mGET /styles/basic-preview/10/291/437.png [32m200[0m 115.240 ms - 1833[0m
[0mGET /styles/basic-preview/10/289/438.png [32m200[0m 139.334 ms - 5572[0m
[0mGET /styles/basic-preview/10/290/439.png [32m200[0m 146.223 ms - 12647[0m
[0mGET /styles/basic-preview/10/290/438.png [32m200[0m 151.205 ms - 7904[0m
[0mGET /styles/basic-preview/10/291/436.png [32m200[0m 21.646 ms - 1833[0m
[0mGET /styles/basic-preview/10/291/438.png [32m200[0m 95.519 ms - 12173[0m
[0mGET /styles/basic-preview/10/289/436.png [32m200[0m 115.473 ms - 1833[0m
[0mGET /styles/basic-preview/10/290/436.png [32m200[0m 116.703 ms - 7291[0m
[0mGET /styles/basic-preview/10/291/439.png [32m200[0m 137.272 ms - 1841[0m
[0mGET /styles/basic-preview/10/289/439.png [32m200[0m 145.569 ms - 15338[0m
[0mGET /styles/basic-preview/10/292/437.png [32m200[0m 129.415 ms - 1833[0m
[0mGET /styles/basic-preview/10/288/437.png [32m200[0m 86.501 ms - 1833[0m
[0mGET /styles/basic-preview/10/292/439.png [32m200[0m 141.544 ms - 1833[0m
[0mGET /styles/basic-preview/10/292/438.png [32m200[0m 144.785 ms - 6634[0m
[0mGET /styles/basic-preview/10/288/436.png [32m200[0m 110.141 ms - 1833[0m
[0mGET /styles/basic-preview/10/292/436.png [32m200[0m 137.308 ms - 1833[0m
[0mGET /styles/basic-preview/10/288/438.png [32m200[0m 141.474 ms - 1833[0m
[0mGET /styles/basic-preview/11/582/878.png [32m200[0m 106.262 ms - 1833[0m
[0mGET /styles/basic-preview/11/582/875.png [32m200[0m 115.377 ms - 1833[0m
[0mGET /styles/basic-preview/11/582/877.png [32m200[0m 142.894 ms - 2465[0m
[0mGET /styles/basic-preview/11/582/876.png [32m200[0m 143.926 ms - 4610[0m
[0mGET /styles/basic-preview/11/583/876.png [32m200[0m 143.489 ms - 25078[0m
[0mGET /styles/basic-preview/11/583/877.png [32m200[0m 159.218 ms - 6572[0m
[0mGET /styles/basic-preview/11/583/875.png [32m200[0m 44.835 ms - 1833[0m
[0mGET /styles/basic-preview/11/583/878.png [32m200[0m 45.526 ms - 1833[0m
[0mGET /styles/basic-preview/11/581/876.png [32m200[0m 123.733 ms - 1833[0m
[0mGET /styles/basic-preview/11/584/876.png [32m200[0m 116.075 ms - 15050[0m
[0mGET /styles/basic-preview/11/581/877.png [32m200[0m 159.033 ms - 1833[0m
[0mGET /styles/basic-preview/11/584/877.png [32m200[0m 141.104 ms - 1841[0m
[0mGET /styles/basic-preview/11/581/875.png [32m200[0m 126.617 ms - 1833[0m
[0mGET /styles/basic-preview/11/581/878.png [32m200[0m 159.181 ms - 9410[0m
[0mGET /styles/basic-preview/11/584/878.png [32m200[0m 114.829 ms - 1833[0m
[0mGET /styles/basic-preview/11/584/875.png [32m200[0m 180.818 ms - 1833[0m
[0mGET /styles/basic-preview/12/1166/1752.png [32m200[0m 182.643 ms - 1833[0m
[0mGET /styles/basic-preview/12/1166/1754.png [32m200[0m 156.626 ms - 10279[0m
[0mGET /styles/basic-preview/12/1166/1753.png [32m200[0m 158.212 ms - 24980[0m
[0mGET /styles/basic-preview/12/1167/1752.png [32m200[0m 208.961 ms - 2550[0m
[0mGET /styles/basic-preview/12/1165/1752.png [32m200[0m 115.104 ms - 1833[0m
[0mGET /styles/basic-preview/12/1167/1754.png [32m200[0m 127.410 ms - 7334[0m
[0mGET /styles/basic-preview/12/1167/1753.png [32m200[0m 170.697 ms - 34903[0m
[0mGET /styles/basic-preview/12/1165/1753.png [32m200[0m 122.205 ms - 8459[0m
[0mGET /styles/basic-preview/12/1165/1754.png [32m200[0m 122.764 ms - 3160[0m
[0mGET /styles/basic-preview/12/1166/1751.png [32m200[0m 126.483 ms - 1833[0m
[0mGET /styles/basic-preview/12/1167/1751.png [32m200[0m 78.138 ms - 1833[0m
[0mGET /styles/basic-preview/12/1166/1755.png [32m200[0m 147.949 ms - 1833[0m
[0mGET /styles/basic-preview/12/1168/1752.png [32m200[0m 159.216 ms - 3868[0m
[0mGET /styles/basic-preview/12/1167/1755.png [32m200[0m 152.094 ms - 1833[0m
[0mGET /styles/basic-preview/12/1168/1753.png [32m200[0m 155.461 ms - 35626[0m
[0mGET /styles/basic-preview/12/1168/1754.png [32m200[0m 85.467 ms - 1880[0m
[0mGET /styles/basic-preview/12/1165/1751.png [32m200[0m 85.611 ms - 1833[0m
[0mGET /styles/basic-preview/12/1165/1755.png [32m200[0m 83.891 ms - 1833[0m
[0mGET /styles/basic-preview/13/2334/3508.png [32m200[0m 150.277 ms - 12095[0m
[0mGET /styles/basic-preview/13/2334/3505.png [32m200[0m 118.864 ms - 2376[0m
[0mGET /styles/basic-preview/13/2333/3506.png [32m200[0m 205.134 ms - 15988[0m
[0mGET /styles/basic-preview/13/2333/3507.png [32m200[0m 231.283 ms - 17206[0m
[0mGET /styles/basic-preview/13/2334/3506.png [32m200[0m 304.447 ms - 21897[0m
[0mGET /styles/basic-preview/13/2334/3507.png [32m200[0m 302.951 ms - 17719[0m
[0mGET /styles/basic-preview/13/2333/3508.png [32m200[0m 162.096 ms - 14991[0m
[0mGET /styles/basic-preview/13/2333/3505.png [32m200[0m 144.803 ms - 1833[0m
[0mGET /styles/basic-preview/13/2335/3505.png [32m200[0m 86.628 ms - 2924[0m
[0mGET /styles/basic-preview/13/2335/3508.png [32m200[0m 153.028 ms - 6169[0m
[0mGET /styles/basic-preview/13/2334/3509.png [32m200[0m 129.959 ms - 1833[0m
[0mGET /styles/basic-preview/13/2333/3509.png [32m200[0m 36.526 ms - 1880[0m
[0mGET /styles/basic-preview/13/2334/3504.png [32m200[0m 154.572 ms - 1833[0m
[0mGET /styles/basic-preview/13/2333/3504.png [32m200[0m 50.497 ms - 1833[0m
[0mGET /styles/basic-preview/13/2335/3506.png [32m200[0m 293.375 ms - 26699[0m
[0mGET /styles/basic-preview/13/2335/3507.png [32m200[0m 272.723 ms - 25996[0m
[0mGET /styles/basic-preview/13/2332/3506.png [32m200[0m 80.623 ms - 8894[0m
[0mGET /styles/basic-preview/13/2335/3509.png [32m200[0m 146.210 ms - 1833[0m
[0mGET /styles/basic-preview/13/2335/3504.png [32m200[0m 131.527 ms - 1833[0m
[0mGET /styles/basic-preview/13/2332/3505.png [32m200[0m 35.675 ms - 1833[0m
[0mGET /styles/basic-preview/13/2332/3508.png [32m200[0m 111.745 ms - 7465[0m
[0mGET /styles/basic-preview/13/2332/3507.png [32m200[0m 172.801 ms - 18755[0m
[0mGET /styles/basic-preview/13/2336/3508.png [32m200[0m 104.843 ms - 1963[0m
[0mGET /styles/basic-preview/13/2336/3505.png [32m200[0m 110.609 ms - 2919[0m
[0mGET /styles/basic-preview/13/2332/3504.png [32m200[0m 54.862 ms - 1833[0m
[0mGET /styles/basic-preview/13/2332/3509.png [32m200[0m 116.331 ms - 1833[0m
[0mGET /styles/basic-preview/13/2336/3509.png [32m200[0m 99.515 ms - 1833[0m
[0mGET /styles/basic-preview/13/2336/3506.png [32m200[0m 286.940 ms - 35884[0m
[0mGET /styles/basic-preview/13/2336/3504.png [32m200[0m 156.550 ms - 1833[0m
[0mGET /styles/basic-preview/13/2337/3505.png [32m200[0m 156.156 ms - 3691[0m
[0mGET /styles/basic-preview/13/2336/3507.png [32m200[0m 299.825 ms - 25167[0m
[0mGET /styles/basic-preview/13/2337/3509.png [32m200[0m 44.558 ms - 1833[0m
[0mGET /styles/basic-preview/13/2337/3504.png [32m200[0m 106.609 ms - 1833[0m
[0mGET /styles/basic-preview/13/2337/3508.png [32m200[0m 112.945 ms - 1833[0m
[0mGET /styles/basic-preview/12/1168/1755.png [32m200[0m 135.318 ms - 1833[0m
[0mGET /styles/basic-preview/13/2334/3510.png [32m200[0m 91.616 ms - 1833[0m
[0mGET /styles/basic-preview/13/2337/3506.png [32m200[0m 284.271 ms - 12275[0m
[0mGET /styles/basic-preview/13/2337/3507.png [32m200[0m 229.797 ms - 21522[0m
[0mGET /styles/basic-preview/13/2335/3510.png [32m200[0m 106.160 ms - 1833[0m
[0mGET /styles/basic-preview/12/1169/1753.png [32m200[0m 18.648 ms - 2320[0m
[0mGET /styles/basic-preview/12/1169/1752.png [32m200[0m 60.577 ms - 3930[0m
[0mGET /styles/basic-preview/12/1169/1754.png [32m200[0m 16.816 ms - 1833[0m
[0mGET /styles/basic-preview/12/1164/1754.png [32m200[0m 20.636 ms - 2248[0m
[0mGET /styles/basic-preview/12/1164/1752.png [32m200[0m 56.832 ms - 1833[0m
[0mGET /styles/basic-preview/12/1164/1753.png [32m200[0m 58.946 ms - 1833[0m
[0mGET /styles/basic-preview/12/1169/1755.png [32m200[0m 69.901 ms - 3625[0m
[0mGET /styles/basic-preview/11/585/875.png [32m200[0m 67.022 ms - 1874[0m
[0mGET /styles/basic-preview/11/585/877.png [32m200[0m 74.510 ms - 1833[0m
[0mGET /styles/basic-preview/11/585/876.png [32m200[0m 78.786 ms - 3896[0m
[0mGET /styles/basic-preview/11/580/875.png [32m200[0m 38.183 ms - 2352[0m
[0mGET /styles/basic-preview/11/585/878.png [32m200[0m 79.925 ms - 1833[0m
[0mGET /styles/basic-preview/10/293/437.png [32m200[0m 52.391 ms - 4724[0m
[0mGET /styles/basic-preview/10/293/438.png [32m200[0m 53.054 ms - 1889[0m
[0mGET /styles/basic-preview/11/580/876.png [32m200[0m 136.605 ms - 7593[0m
[0mGET /styles/basic-preview/11/580/877.png [32m200[0m 136.569 ms - 9984[0m
[0mGET /styles/basic-preview/11/580/878.png [32m200[0m 131.422 ms - 9262[0m
[0mGET /styles/basic-preview/10/293/439.png [32m200[0m 115.268 ms - 4136[0m
[0mGET /styles/basic-preview/9/146/216.png [32m200[0m 68.135 ms - 11306[0m
[0mGET /styles/basic-preview/9/147/216.png [32m200[0m 71.140 ms - 1853[0m
[0mGET /styles/basic-preview/8/73/107.png [32m200[0m 22.793 ms - 1886[0m
[0mGET /styles/basic-preview/7/35/48.png [32m200[0m 257.819 ms - 26188[0m
[0mGET /styles/basic-preview/7/35/49.png [32m200[0m 293.443 ms - 23709[0m
[0mGET /styles/basic-preview/7/34/49.png [32m200[0m 289.593 ms - 23547[0m
[0mGET /styles/basic-preview/7/34/48.png [32m200[0m 306.782 ms - 21993[0m
[0mGET /styles/basic-preview/7/36/49.png [32m200[0m 403.350 ms - 30622[0m
[0mGET /styles/basic-preview/7/36/48.png [32m200[0m 464.895 ms - 38541[0m
[0mGET /styles/basic-preview/7/33/48.png [32m200[0m 250.604 ms - 24027[0m
[0mGET /styles/basic-preview/7/33/49.png [32m200[0m 244.239 ms - 27691[0m
[0mGET /styles/basic-preview/7/37/48.png [32m200[0m 301.426 ms - 41843[0m
[0mGET /styles/basic-preview/7/37/49.png [32m200[0m 369.699 ms - 12128[0m
[0mGET /styles/basic-preview/7/38/49.png [32m200[0m 116.203 ms - 1833[0m
[0mGET /styles/basic-preview/7/38/48.png [32m200[0m 130.401 ms - 5879[0m
[0mGET /styles/basic-preview/7/39/50.png [32m200[0m 103.731 ms - 1833[0m
[0mGET /styles/basic-preview/7/39/51.png [32m200[0m 94.729 ms - 1833[0m
[0mGET /styles/basic-preview/7/39/48.png [32m200[0m 152.894 ms - 1833[0m
[0mGET /styles/basic-preview/7/39/49.png [32m200[0m 160.723 ms - 1833[0m
[0mGET /styles/basic-preview/7/32/48.png [32m200[0m 287.306 ms - 20813[0m
[0mGET /styles/basic-preview/7/32/49.png [32m200[0m 268.175 ms - 26648[0m
[0mGET /styles/basic-preview/8/72/103.png [32m200[0m 157.831 ms - 1833[0m
[0mGET /styles/basic-preview/8/72/102.png [32m200[0m 170.783 ms - 15009[0m
[0mGET /styles/basic-preview/8/71/103.png [32m200[0m 169.364 ms - 13243[0m
[0mGET /styles/basic-preview/8/71/102.png [32m200[0m 204.648 ms - 27405[0m
[0mGET /styles/basic-preview/8/72/101.png [32m200[0m 222.339 ms - 25655[0m
[0mGET /styles/basic-preview/8/71/101.png [32m200[0m 223.980 ms - 26407[0m
[0mGET /styles/basic-preview/8/73/102.png [32m200[0m 22.793 ms - 1893[0m
[0mGET /styles/basic-preview/8/70/103.png [32m200[0m 44.267 ms - 26020[0m
[0mGET /styles/basic-preview/8/70/102.png [32m200[0m 164.179 ms - 24704[0m
[0mGET /styles/basic-preview/8/73/103.png [32m200[0m 150.169 ms - 1833[0m
[0mGET /styles/basic-preview/8/73/101.png [32m200[0m 215.563 ms - 21492[0m
[0mGET /styles/basic-preview/8/70/101.png [32m200[0m 274.024 ms - 29231[0m
[0mGET /styles/basic-preview/8/71/100.png [32m200[0m 205.269 ms - 30568[0m
[0mGET /styles/basic-preview/8/72/100.png [32m200[0m 202.090 ms - 24723[0m
[0mGET /styles/basic-preview/8/72/104.png [32m200[0m 108.425 ms - 1833[0m
[0mGET /styles/basic-preview/8/73/104.png [32m200[0m 52.392 ms - 1833[0m
[0mGET /styles/basic-preview/8/73/100.png [32m200[0m 207.115 ms - 24657[0m
[0mGET /styles/basic-preview/8/74/101.png [32m200[0m 194.833 ms - 5062[0m
[0mGET /styles/basic-preview/8/74/102.png [32m200[0m 204.177 ms - 1833[0m
[0mGET /styles/basic-preview/8/70/100.png [32m200[0m 318.791 ms - 33895[0m
[0mGET /styles/basic-preview/8/69/102.png [32m200[0m 260.429 ms - 24200[0m
[0mGET /styles/basic-preview/8/69/101.png [32m200[0m 281.889 ms - 38121[0m
[0mGET /styles/basic-preview/8/74/100.png [32m200[0m 47.824 ms - 11411[0m
[0mGET /styles/basic-preview/8/74/103.png [32m200[0m 65.873 ms - 1833[0m
[0mGET /styles/basic-preview/8/68/102.png [32m200[0m 31.241 ms - 39141[0m
[0mGET /styles/basic-preview/8/74/104.png [32m200[0m 58.142 ms - 1833[0m
[0mGET /styles/basic-preview/8/75/101.png [32m200[0m 63.849 ms - 1833[0m
[0mGET /styles/basic-preview/8/69/103.png [32m200[0m 251.365 ms - 17826[0m
[0mGET /styles/basic-preview/8/75/102.png [32m200[0m 161.497 ms - 1833[0m
[0mGET /styles/basic-preview/8/75/103.png [32m200[0m 161.180 ms - 1833[0m
[0mGET /styles/basic-preview/8/69/100.png [32m200[0m 350.075 ms - 34892[0m
[0mGET /styles/basic-preview/8/68/103.png [32m200[0m 281.931 ms - 24929[0m
[0mGET /styles/basic-preview/8/68/101.png [32m200[0m 349.087 ms - 34790[0m
[0mGET /styles/basic-preview/8/68/100.png [32m200[0m 247.484 ms - 36289[0m
[0mGET /styles/basic-preview/3/5/0.png [36m304[0m 4.185 ms - -[0m
[0mGET /styles/basic-preview/3/5/1.png [36m304[0m 4.313 ms - -[0m
[0mGET /styles/basic-preview/3/5/2.png [36m304[0m 4.416 ms - -[0m
[0mGET /styles/basic-preview/3/5/3.png [36m304[0m 1.635 ms - -[0m
[0mGET /styles/basic-preview/4/12/3.png [32m200[0m 47.719 ms - 2965[0m
[0mGET /styles/basic-preview/4/12/4.png [32m200[0m 117.998 ms - 6218[0m
[0mGET /styles/basic-preview/4/12/5.png [32m200[0m 105.070 ms - 11485[0m
[0mGET /styles/basic-preview/3/0/6.png [36m304[0m 0.801 ms - -[0m
[0mGET /styles/basic-preview/3/0/7.png [36m304[0m 0.783 ms - -[0m
[0mGET /styles/basic-preview/2/2/2.png [36m304[0m 0.987 ms - -[0m
[0mGET /styles/basic-preview/2/2/3.png [36m304[0m 0.999 ms - -[0m
[0mGET /styles/basic-preview/3/1/6.png [36m304[0m 0.887 ms - -[0m
[0mGET /styles/basic-preview/3/1/7.png [36m304[0m 0.860 ms - -[0m
[0mGET /styles/basic-preview/3/4/5.png [36m304[0m 0.746 ms - -[0m
[0mGET /styles/basic-preview/3/2/6.png [36m304[0m 0.804 ms - -[0m
[0mGET /styles/basic-preview/3/2/7.png [36m304[0m 1.022 ms - -[0m
[0mGET /styles/basic-preview/3/3/6.png [36m304[0m 0.603 ms - -[0m
[0mGET /styles/basic-preview/3/3/7.png [36m304[0m 0.686 ms - -[0m
[0mGET /styles/basic-preview/3/4/4.png [36m304[0m 0.590 ms - -[0m
[0mGET /styles/basic-preview/1/0/1.png [32m200[0m 20.800 ms - 9897[0m
[0mGET /styles/basic-preview/1/0/0.png [32m200[0m 24.700 ms - 21632[0m
[0mGET /styles/basic-preview/1/1/0.png [32m200[0m 31.432 ms - 23431[0m
[0mGET /styles/basic-preview/1/1/1.png [32m200[0m 35.300 ms - 13754[0m
[0mGET /styles/basic-preview/2/1/2.png [32m200[0m 85.249 ms - 14860[0m
[0mGET /styles/basic-preview/2/1/3.png [32m200[0m 91.637 ms - 7103[0m
[0mGET /styles/basic-preview/2/1/0.png [32m200[0m 103.724 ms - 12371[0m
[0mGET /styles/basic-preview/2/1/1.png [32m200[0m 103.228 ms - 25216[0m
[0mGET /styles/basic-preview/3/2/3.png [32m200[0m 97.537 ms - 19462[0m
[0mGET /styles/basic-preview/3/2/2.png [32m200[0m 103.438 ms - 16601[0m
[0mGET /styles/basic-preview/4/4/9.png [32m200[0m 109.465 ms - 12386[0m
[0mGET /styles/basic-preview/4/4/8.png [32m200[0m 132.224 ms - 17192[0m
[0mGET /styles/basic-preview/4/4/6.png [32m200[0m 148.418 ms - 21821[0m
[0mGET /styles/basic-preview/4/4/7.png [32m200[0m 133.430 ms - 24752[0m
[0mGET /styles/basic-preview/3/2/5.png [32m200[0m 139.689 ms - 8785[0m
[0mGET /styles/basic-preview/3/2/4.png [32m200[0m 144.736 ms - 19619[0m
[0mGET /styles/basic-preview/4/5/8.png [32m200[0m 27.786 ms - 22743[0m
[0mGET /styles/basic-preview/4/5/9.png [32m200[0m 27.380 ms - 24484[0m
[0mGET /styles/basic-preview/5/9/14.png [32m200[0m 100.722 ms - 21175[0m
[0mGET /styles/basic-preview/4/5/6.png [32m200[0m 136.196 ms - 3342[0m
[0mGET /styles/basic-preview/5/9/15.png [32m200[0m 131.944 ms - 24976[0m
[0mGET /styles/basic-preview/4/5/7.png [32m200[0m 158.170 ms - 15911[0m
[0mGET /styles/basic-preview/6/19/31.png [32m200[0m 183.164 ms - 13736[0m
[0mGET /styles/basic-preview/6/18/31.png [32m200[0m 187.370 ms - 33736[0m
[0mGET /styles/basic-preview/6/18/29.png [32m200[0m 155.369 ms - 4848[0m
[0mGET /styles/basic-preview/6/19/29.png [32m200[0m 106.504 ms - 11390[0m
[0mGET /styles/basic-preview/6/17/31.png [32m200[0m 111.459 ms - 5826[0m
[0mGET /styles/basic-preview/6/18/32.png [32m200[0m 114.316 ms - 17869[0m
[0mGET /styles/basic-preview/6/19/30.png [32m200[0m 118.431 ms - 29412[0m
[0mGET /styles/basic-preview/6/18/30.png [32m200[0m 183.963 ms - 28935[0m
[0mGET /styles/basic-preview/6/20/29.png [32m200[0m 81.207 ms - 6163[0m
[0mGET /styles/basic-preview/6/19/32.png [32m200[0m 138.793 ms - 12456[0m
[0mGET /styles/basic-preview/6/17/29.png [32m200[0m 133.819 ms - 15514[0m
[0mGET /styles/basic-preview/6/17/30.png [32m200[0m 125.550 ms - 21533[0m
[0mGET /styles/basic-preview/6/20/31.png [32m200[0m 132.778 ms - 10890[0m
[0mGET /styles/basic-preview/6/20/30.png [32m200[0m 134.243 ms - 28319[0m
[0mGET /styles/basic-preview/7/38/62.png [32m200[0m 66.223 ms - 9661[0m
[0mGET /styles/basic-preview/7/37/61.png [32m200[0m 109.790 ms - 22935[0m
[0mGET /styles/basic-preview/7/38/61.png [32m200[0m 100.799 ms - 20628[0m
[0mGET /styles/basic-preview/7/37/63.png [32m200[0m 94.684 ms - 12149[0m
[0mGET /styles/basic-preview/7/37/62.png [32m200[0m 112.245 ms - 30402[0m
[0mGET /styles/basic-preview/7/37/60.png [32m200[0m 98.292 ms - 30913[0m
[0mGET /styles/basic-preview/7/36/63.png [32m200[0m 14.018 ms - 23860[0m
[0mGET /styles/basic-preview/7/38/63.png [32m200[0m 68.540 ms - 11177[0m
[0mGET /styles/basic-preview/7/36/61.png [32m200[0m 115.366 ms - 17101[0m
[0mGET /styles/basic-preview/7/38/60.png [32m200[0m 103.942 ms - 19387[0m
[0mGET /styles/basic-preview/7/36/60.png [32m200[0m 102.633 ms - 10240[0m
[0mGET /styles/basic-preview/7/39/61.png [32m200[0m 86.142 ms - 14553[0m
[0mGET /styles/basic-preview/7/36/62.png [32m200[0m 112.037 ms - 18965[0m
[0mGET /styles/basic-preview/7/39/63.png [32m200[0m 29.515 ms - 12215[0m
[0mGET /styles/basic-preview/7/39/62.png [32m200[0m 44.295 ms - 12267[0m
[0mGET /styles/basic-preview/7/37/59.png [32m200[0m 76.489 ms - 6679[0m
[0mGET /styles/basic-preview/7/36/59.png [32m200[0m 85.080 ms - 1833[0m
[0mGET /styles/basic-preview/7/39/60.png [32m200[0m 91.822 ms - 20342[0m
[0mGET /styles/basic-preview/7/38/59.png [32m200[0m 92.569 ms - 11326[0m
[0mGET /styles/basic-preview/7/39/59.png [32m200[0m 77.605 ms - 16152[0m
[0mGET /styles/basic-preview/5/10/15.png [32m200[0m 104.514 ms - 25442[0m
[0mGET /styles/basic-preview/5/10/14.png [32m200[0m 138.250 ms - 18732[0m
[0mGET /styles/basic-preview/5/8/15.png [32m200[0m 144.927 ms - 11349[0m
[0mGET /styles/basic-preview/5/8/14.png [32m200[0m 179.019 ms - 26280[0m
[0mGET /styles/basic-preview/6/20/32.png [32m200[0m 127.625 ms - 7697[0m
[0mGET /styles/basic-preview/6/17/32.png [32m200[0m 133.996 ms - 24450[0m
[0mGET /styles/basic-preview/5/8/16.png [32m200[0m 97.404 ms - 10605[0m
[0mGET /styles/basic-preview/5/8/17.png [32m200[0m 109.393 ms - 2864[0m
[0mGET /styles/basic-preview/5/10/16.png [32m200[0m 109.097 ms - 19485[0m
[0mGET /styles/basic-preview/5/10/17.png [32m200[0m 109.127 ms - 16794[0m
[0mGET /styles/basic-preview/5/9/16.png [32m200[0m 107.919 ms - 20910[0m
[0mGET /styles/basic-preview/6/16/30.png [32m200[0m 41.525 ms - 7048[0m
[0mGET /styles/basic-preview/6/16/31.png [32m200[0m 46.058 ms - 2424[0m
[0mGET /styles/basic-preview/6/19/28.png [32m200[0m 50.535 ms - 30732[0m
[0mGET /styles/basic-preview/6/18/28.png [32m200[0m 75.387 ms - 25686[0m
[0mGET /styles/basic-preview/6/21/31.png [32m200[0m 55.359 ms - 15540[0m
[0mGET /styles/basic-preview/6/16/29.png [32m200[0m 58.670 ms - 37648[0m
[0mGET /styles/basic-preview/6/21/29.png [32m200[0m 31.806 ms - 15594[0m
[0mGET /styles/basic-preview/6/21/30.png [32m200[0m 22.709 ms - 22540[0m
[0mGET /styles/basic-preview/5/9/17.png [32m200[0m 31.924 ms - 15754[0m
[0mGET /styles/basic-preview/5/10/13.png [32m200[0m 28.706 ms - 1833[0m
[0mGET /styles/basic-preview/5/7/14.png [32m200[0m 59.215 ms - 22797[0m
[0mGET /styles/basic-preview/5/8/13.png [32m200[0m 127.236 ms - 23888[0m
[0mGET /styles/basic-preview/5/9/13.png [32m200[0m 130.758 ms - 6686[0m
[0mGET /styles/basic-preview/4/3/6.png [32m200[0m 24.932 ms - 24893[0m
[0mGET /styles/basic-preview/4/3/9.png [32m200[0m 99.571 ms - 1843[0m
[0mGET /styles/basic-preview/4/3/8.png [32m200[0m 103.630 ms - 2096[0m
[0mGET /styles/basic-preview/4/3/7.png [32m200[0m 106.001 ms - 9447[0m
[0mGET /styles/basic-preview/4/6/8.png [32m200[0m 148.208 ms - 12534[0m
[0mGET /styles/basic-preview/4/6/7.png [32m200[0m 152.402 ms - 2899[0m
[0mGET /styles/basic-preview/4/6/6.png [32m200[0m 155.672 ms - 2023[0m
[0mGET /styles/basic-preview/2/0/2.png [32m200[0m 13.782 ms - 1833[0m
[0mGET /styles/basic-preview/2/0/3.png [32m200[0m 94.798 ms - 6022[0m
[0mGET /styles/basic-preview/4/6/9.png [32m200[0m 167.502 ms - 4075[0m
[0mGET /styles/basic-preview/4/7/5.png [32m200[0m 162.808 ms - 11179[0m
[0mGET /styles/basic-preview/4/6/5.png [32m200[0m 199.267 ms - 1833[0m
[0mGET /styles/basic-preview/4/7/6.png [32m200[0m 159.973 ms - 14740[0m
[0mGET /styles/basic-preview/4/4/5.png [32m200[0m 140.396 ms - 23068[0m
[0mGET /styles/basic-preview/4/5/10.png [32m200[0m 94.131 ms - 5977[0m
[0mGET /styles/basic-preview/3/1/2.png [32m200[0m 112.930 ms - 17159[0m
[0mGET /styles/basic-preview/4/4/10.png [32m200[0m 128.915 ms - 17003[0m
[0mGET /styles/basic-preview/4/3/5.png [32m200[0m 120.809 ms - 21280[0m
[0mGET /styles/basic-preview/2/3/2.png [32m200[0m 118.081 ms - 10198[0m
[0mGET /styles/basic-preview/4/5/5.png [32m200[0m 171.679 ms - 13567[0m
[0mGET /styles/basic-preview/3/1/3.png [32m200[0m 92.058 ms - 16410[0m
[0mGET /styles/basic-preview/3/1/4.png [32m200[0m 90.623 ms - 1936[0m
[0mGET /styles/basic-preview/3/1/5.png [32m200[0m 90.916 ms - 1833[0m
[0mGET /styles/basic-preview/2/3/0.png [32m200[0m 100.572 ms - 4414[0m
[0mGET /styles/basic-preview/2/3/3.png [32m200[0m 106.987 ms - 4562[0m
[0mGET /styles/basic-preview/2/3/1.png [32m200[0m 100.840 ms - 17820[0m
[0mGET /styles/basic-preview/3/3/3.png [32m200[0m 30.400 ms - 15681[0m
[0mGET /styles/basic-preview/3/3/5.png [32m200[0m 26.767 ms - 2074[0m
[0mGET /styles/basic-preview/2/0/0.png [32m200[0m 91.974 ms - 7900[0m
[0mGET /styles/basic-preview/2/0/1.png [32m200[0m 105.487 ms - 16305[0m
[0mGET /styles/basic-preview/3/3/4.png [32m200[0m 113.021 ms - 5507[0m
[0mGET /styles/basic-preview/3/3/2.png [32m200[0m 121.762 ms - 10726[0m
[0mGET /styles/basic-preview/2/2/3.png [32m200[0m 66.380 ms - 3797[0m
[0mGET /styles/basic-preview/2/2/2.png [32m200[0m 80.463 ms - 11054[0m
[0mGET /styles/basic-preview/2/2/0.png [32m200[0m 80.510 ms - 6272[0m
[0mGET /styles/basic-preview/2/2/1.png [32m200[0m 84.596 ms - 38032[0m
[0mGET /styles/basic-preview/1/1/0.png [32m200[0m 34.328 ms - 23431[0m
[0mGET /styles/basic-preview/1/1/1.png [32m200[0m 49.755 ms - 13754[0m
[0mGET /styles/basic-preview/1/0/1.png [32m200[0m 62.133 ms - 9897[0m
[0mGET /styles/basic-preview/1/0/0.png [32m200[0m 64.540 ms - 21632[0m
[0mGET /styles/basic-preview/2/1/3.png [32m200[0m 116.099 ms - 7103[0m
[0mGET /styles/basic-preview/2/1/1.png [32m200[0m 116.943 ms - 25216[0m
[0mGET /styles/basic-preview/2/1/0.png [32m200[0m 132.941 ms - 12371[0m
[0mGET /styles/basic-preview/2/1/2.png [32m200[0m 132.524 ms - 14860[0m
[0mGET /styles/basic-preview/4/4/6.png [32m200[0m 128.238 ms - 21821[0m
[0mGET /styles/basic-preview/4/4/7.png [32m200[0m 128.312 ms - 24752[0m
[0mGET /styles/basic-preview/5/9/15.png [32m200[0m 8.224 ms - 24976[0m
[0mGET /styles/basic-preview/4/5/6.png [32m200[0m 166.593 ms - 3342[0m
[0mGET /styles/basic-preview/3/2/3.png [32m200[0m 251.229 ms - 19462[0m
[0mGET /styles/basic-preview/3/2/2.png [32m200[0m 300.377 ms - 16601[0m
[0mGET /styles/basic-preview/5/9/14.png [32m200[0m 292.675 ms - 21174[0m
[0mGET /styles/basic-preview/4/5/7.png [32m200[0m 309.731 ms - 15911[0m
[0mGET /styles/basic-preview/5/8/14.png [32m200[0m 302.772 ms - 26280[0m
[0mGET /styles/basic-preview/6/17/31.png [32m200[0m 150.512 ms - 5826[0m
[0mGET /styles/basic-preview/5/10/14.png [32m200[0m 233.055 ms - 18732[0m
[0mGET /styles/basic-preview/7/37/61.png [32m200[0m 200.261 ms - 22935[0m
[0mGET /styles/basic-preview/6/17/29.png [32m200[0m 212.129 ms - 15514[0m
[0mGET /styles/basic-preview/5/10/15.png [32m200[0m 225.324 ms - 25442[0m
[0mGET /styles/basic-preview/5/8/15.png [32m200[0m 292.146 ms - 11349[0m
[0mGET /styles/basic-preview/7/37/60.png [32m200[0m 36.481 ms - 30915[0m
[0mGET /styles/basic-preview/7/36/61.png [32m200[0m 39.056 ms - 17101[0m
[0mGET /styles/basic-preview/7/37/63.png [32m200[0m 46.347 ms - 12149[0m
[0mGET /styles/basic-preview/7/38/62.png [32m200[0m 110.485 ms - 9661[0m
[0mGET /styles/basic-preview/7/37/62.png [32m200[0m 134.343 ms - 30402[0m
[0mGET /styles/basic-preview/7/38/61.png [32m200[0m 133.372 ms - 20628[0m
[0mGET /styles/basic-preview/7/38/63.png [32m200[0m 113.354 ms - 11177[0m
[0mGET /styles/basic-preview/7/39/61.png [32m200[0m 50.714 ms - 14553[0m
[0mGET /styles/basic-preview/7/36/62.png [32m200[0m 166.166 ms - 18963[0m
[0mGET /styles/basic-preview/7/38/60.png [32m200[0m 171.246 ms - 19387[0m
[0mGET /styles/basic-preview/7/36/60.png [32m200[0m 125.782 ms - 10240[0m
[0mGET /styles/basic-preview/7/39/60.png [32m200[0m 45.349 ms - 20342[0m
[0mGET /styles/basic-preview/7/39/63.png [32m200[0m 27.748 ms - 12215[0m
[0mGET /styles/basic-preview/7/36/63.png [32m200[0m 129.985 ms - 23860[0m
[0mGET /styles/basic-preview/7/39/62.png [32m200[0m 91.696 ms - 12267[0m
[0mGET /styles/basic-preview/6/20/31.png [32m200[0m 22.499 ms - 10890[0m
[0mGET /styles/basic-preview/7/37/59.png [32m200[0m 92.310 ms - 6679[0m
[0mGET /styles/basic-preview/7/36/59.png [32m200[0m 110.143 ms - 1833[0m
[0mGET /styles/basic-preview/7/38/59.png [32m200[0m 122.523 ms - 11326[0m
[0mGET /styles/basic-preview/6/20/29.png [32m200[0m 99.549 ms - 6163[0m
[0mGET /styles/basic-preview/7/39/59.png [32m200[0m 128.462 ms - 16152[0m
[0mGET /styles/basic-preview/6/20/30.png [32m200[0m 107.846 ms - 28319[0m
[0mGET /styles/basic-preview/6/17/30.png [32m200[0m 70.152 ms - 21533[0m
[0mGET /styles/basic-preview/6/19/29.png [32m200[0m 52.096 ms - 11390[0m
[0mGET /styles/basic-preview/6/19/31.png [32m200[0m 93.576 ms - 13736[0m
[0mGET /styles/basic-preview/6/18/31.png [32m200[0m 94.128 ms - 33736[0m
[0mGET /styles/basic-preview/5/10/17.png [32m200[0m 32.793 ms - 16794[0m
[0mGET /styles/basic-preview/5/10/13.png [32m200[0m 130.839 ms - 1833[0m
[0mGET /styles/basic-preview/5/8/17.png [32m200[0m 158.015 ms - 2864[0m
[0mGET /styles/basic-preview/5/10/16.png [32m200[0m 160.043 ms - 19485[0m
[0mGET /styles/basic-preview/5/11/14.png [32m200[0m 148.166 ms - 1833[0m
[0mGET /styles/basic-preview/5/8/16.png [32m200[0m 183.094 ms - 10605[0m
[0mGET /styles/basic-preview/5/8/13.png [32m200[0m 190.896 ms - 23885[0m
[0mGET /styles/basic-preview/5/11/15.png [32m200[0m 37.313 ms - 11429[0m
[0mGET /styles/basic-preview/5/9/16.png [32m200[0m 74.414 ms - 20907[0m
[0mGET /styles/basic-preview/4/4/8.png [32m200[0m 90.294 ms - 17192[0m
[0mGET /styles/basic-preview/5/9/17.png [32m200[0m 89.861 ms - 15754[0m
[0mGET /styles/basic-preview/5/11/16.png [32m200[0m 81.266 ms - 18790[0m
[0mGET /styles/basic-preview/5/11/13.png [32m200[0m 83.844 ms - 1833[0m
[0mGET /styles/basic-preview/4/6/6.png [32m200[0m 22.797 ms - 2023[0m
[0mGET /styles/basic-preview/4/3/7.png [32m200[0m 19.586 ms - 9447[0m
[0mGET /styles/basic-preview/5/9/13.png [32m200[0m 116.504 ms - 6686[0m
[0mGET /styles/basic-preview/4/3/6.png [32m200[0m 70.972 ms - 24893[0m
[0mGET /styles/basic-preview/4/4/9.png [32m200[0m 71.733 ms - 12386[0m
[0mGET /styles/basic-preview/5/11/17.png [32m200[0m 87.978 ms - 27117[0m
[0mGET /styles/basic-preview/4/5/8.png [32m200[0m 58.792 ms - 22743[0m
[0mGET /styles/basic-preview/4/4/5.png [32m200[0m 31.068 ms - 23068[0m
[0mGET /styles/basic-preview/3/1/2.png [32m200[0m 21.840 ms - 17159[0m
[0mGET /styles/basic-preview/4/4/10.png [32m200[0m 81.343 ms - 17003[0m
[0mGET /styles/basic-preview/3/1/4.png [32m200[0m 60.601 ms - 1936[0m
[0mGET /styles/basic-preview/4/5/9.png [32m200[0m 114.143 ms - 24484[0m
[0mGET /styles/basic-preview/3/1/3.png [32m200[0m 82.284 ms - 16410[0m
[0mGET /styles/basic-preview/3/1/5.png [32m200[0m 99.253 ms - 1833[0m
[0mGET /styles/basic-preview/4/5/5.png [32m200[0m 137.522 ms - 13567[0m
[0mGET /styles/basic-preview/3/3/2.png [32m200[0m 41.215 ms - 10726[0m
[0mGET /styles/basic-preview/4/5/10.png [32m200[0m 77.002 ms - 5977[0m
[0mGET /styles/basic-preview/3/3/5.png [32m200[0m 117.080 ms - 2074[0m
[0mGET /styles/basic-preview/3/1/0.png [32m200[0m 116.826 ms - 3870[0m
[0mGET /styles/basic-preview/3/3/4.png [32m200[0m 153.892 ms - 5507[0m
[0mGET /styles/basic-preview/3/3/3.png [32m200[0m 154.590 ms - 15681[0m
[0mGET /styles/basic-preview/3/1/1.png [32m200[0m 112.208 ms - 14718[0m
[0mGET /styles/basic-preview/3/3/0.png [32m200[0m 102.514 ms - 9533[0m
[0mGET /styles/basic-preview/3/2/5.png [32m200[0m 10.453 ms - 8785[0m
[0mGET /styles/basic-preview/3/0/4.png [32m200[0m 41.003 ms - 1883[0m
[0mGET /styles/basic-preview/3/0/5.png [32m200[0m 108.795 ms - 1848[0m
[0mGET /styles/basic-preview/3/3/1.png [32m200[0m 135.225 ms - 10639[0m
[0mGET /styles/basic-preview/3/2/1.png [32m200[0m 125.296 ms - 16844[0m
[0mGET /styles/basic-preview/3/2/0.png [32m200[0m 126.448 ms - 13185[0m
[0mGET /styles/basic-preview/3/2/4.png [32m200[0m 131.735 ms - 19619[0m
[0mGET /styles/basic-preview/3/3/6.png [32m200[0m 157.427 ms - 6504[0m
[0mGET /styles/basic-preview/2/3/1.png [32m200[0m 77.308 ms - 17820[0m
[0mGET /styles/basic-preview/2/3/0.png [32m200[0m 79.014 ms - 4414[0m
[0mGET /styles/basic-preview/3/0/2.png [32m200[0m 76.561 ms - 8841[0m
[0mGET /styles/basic-preview/3/2/6.png [32m200[0m 41.201 ms - 11799[0m
[0mGET /styles/basic-preview/3/3/7.png [32m200[0m 145.104 ms - 4234[0m
[0mGET /styles/basic-preview/3/0/3.png [32m200[0m 141.760 ms - 2067[0m
[0mGET /styles/basic-preview/3/1/6.png [32m200[0m 96.294 ms - 7229[0m
[0mGET /styles/basic-preview/3/1/7.png [32m200[0m 107.593 ms - 2552[0m
[0mGET /styles/basic-preview/3/2/7.png [32m200[0m 111.534 ms - 6795[0m
[0mGET /styles/basic-preview/3/4/7.png [32m200[0m 76.558 ms - 2476[0m
[0mGET /styles/basic-preview/3/4/6.png [32m200[0m 112.379 ms - 5592[0m
[0mGET /styles/basic-preview/3/4/4.png [32m200[0m 165.118 ms - 21937[0m
[0mGET /styles/basic-preview/3/4/5.png [32m200[0m 181.181 ms - 1841[0m
[0mGET /styles/basic-preview/3/4/2.png [32m200[0m 177.005 ms - 34057[0m
[0mGET /styles/basic-preview/3/4/3.png [32m200[0m 140.081 ms - 29543[0m
[0mGET /styles/basic-preview/3/0/0.png [32m200[0m 108.056 ms - 1833[0m
[0mGET /styles/basic-preview/3/4/1.png [32m200[0m 175.316 ms - 8994[0m
[0mGET /styles/basic-preview/3/4/0.png [32m200[0m 194.097 ms - 4797[0m
[0mGET /styles/basic-preview/3/5/0.png [32m200[0m 175.510 ms - 5708[0m
[0mGET /styles/basic-preview/3/5/1.png [32m200[0m 174.736 ms - 9046[0m
[0mGET /styles/basic-preview/3/5/2.png [32m200[0m 174.936 ms - 10881[0m
[0mGET /styles/basic-preview/2/0/3.png [0m-[0m - ms - -[0m
[0mGET /styles/basic-preview/2/0/2.png [0m-[0m - ms - -[0m
[0mGET /styles/basic-preview/3/0/1.png [0m-[0m - ms - -[0m
[0mGET /styles/basic-preview/2/2/2.png [0m-[0m - ms - -[0m
[0mGET /styles/basic-preview/1/1/1.png [32m200[0m 39.290 ms - 13754[0m
[0mGET /styles/basic-preview/1/0/1.png [32m200[0m 61.956 ms - 9897[0m
[0mGET /styles/basic-preview/1/1/0.png [32m200[0m 50.191 ms - 23431[0m
[0mGET /styles/basic-preview/1/0/0.png [32m200[0m 66.794 ms - 21632[0m
[0mGET /styles/basic-preview/2/1/2.png [32m200[0m 21.621 ms - 14860[0m
[0mGET /styles/basic-preview/3/2/2.png [32m200[0m 36.736 ms - 16601[0m
[0mGET /styles/basic-preview/2/1/1.png [32m200[0m 115.661 ms - 25216[0m
[0mGET /styles/basic-preview/2/1/0.png [32m200[0m 122.419 ms - 12371[0m
[0mGET /styles/basic-preview/2/1/3.png [32m200[0m 122.195 ms - 7103[0m
[0mGET /styles/basic-preview/4/4/7.png [32m200[0m 70.617 ms - 24752[0m
[0mGET /styles/basic-preview/4/4/6.png [32m200[0m 121.222 ms - 21821[0m
[0mGET /styles/basic-preview/3/2/3.png [32m200[0m 132.155 ms - 19462[0m
[0mGET /styles/basic-preview/4/4/8.png [32m200[0m 39.652 ms - 17192[0m
[0mGET /styles/basic-preview/3/2/4.png [32m200[0m 58.212 ms - 19619[0m
[0mGET /styles/basic-preview/4/5/7.png [32m200[0m 44.488 ms - 15911[0m
[0mGET /styles/basic-preview/4/5/8.png [32m200[0m 30.047 ms - 22743[0m
[0mGET /styles/basic-preview/5/9/14.png [32m200[0m 31.925 ms - 21175[0m
[0mGET /styles/basic-preview/4/4/9.png [32m200[0m 133.677 ms - 12386[0m
[0mGET /styles/basic-preview/4/5/9.png [32m200[0m 134.892 ms - 24484[0m
[0mGET /styles/basic-preview/4/5/6.png [32m200[0m 182.120 ms - 3342[0m
[0mGET /styles/basic-preview/3/2/5.png [32m200[0m 206.447 ms - 8785[0m
[0mGET /styles/basic-preview/5/9/15.png [32m200[0m 146.889 ms - 24976[0m
[0mGET /styles/basic-preview/6/19/31.png [32m200[0m 102.206 ms - 13736[0m
[0mGET /styles/basic-preview/6/18/31.png [32m200[0m 130.428 ms - 33736[0m
[0mGET /styles/basic-preview/6/19/30.png [32m200[0m 21.089 ms - 29412[0m
[0mGET /styles/basic-preview/6/19/29.png [32m200[0m 89.175 ms - 11390[0m
[0mGET /styles/basic-preview/6/18/29.png [32m200[0m 145.574 ms - 4848[0m
[0mGET /styles/basic-preview/6/18/32.png [32m200[0m 112.748 ms - 17869[0m
[0mGET /styles/basic-preview/6/19/32.png [32m200[0m 98.228 ms - 12456[0m
[0mGET /styles/basic-preview/6/17/31.png [32m200[0m 108.730 ms - 5826[0m
[0mGET /styles/basic-preview/6/18/30.png [32m200[0m 132.462 ms - 28935[0m
[0mGET /styles/basic-preview/6/20/29.png [32m200[0m 92.361 ms - 6163[0m
[0mGET /styles/basic-preview/6/17/32.png [0m-[0m - ms - -[0m
[0mGET /styles/basic-preview/6/17/30.png [32m200[0m 124.622 ms - 21533[0m
[0mGET /styles/basic-preview/6/20/32.png [0m-[0m - ms - -[0m
[0mGET /styles/basic-preview/6/20/31.png [0m-[0m - ms - -[0m
[0mGET /styles/basic-preview/6/20/30.png [0m-[0m - ms - -[0m
[0mGET /styles/basic-preview/6/17/29.png [0m-[0m - ms - -[0m
[0mGET /styles/basic-preview/1/0/0.png [32m200[0m 23.135 ms - 21632[0m
[0mGET /styles/basic-preview/1/1/1.png [32m200[0m 9.072 ms - 13754[0m
[0mGET /styles/basic-preview/1/0/1.png [32m200[0m 35.792 ms - 9897[0m
[0mGET /styles/basic-preview/1/1/0.png [32m200[0m 28.742 ms - 23431[0m
[0mGET /styles/basic-preview/2/1/2.png [32m200[0m 48.045 ms - 14860[0m
[0mGET /styles/basic-preview/2/1/1.png [32m200[0m 49.974 ms - 25216[0m
[0mGET /styles/basic-preview/2/1/3.png [32m200[0m 108.764 ms - 7103[0m
[0mGET /styles/basic-preview/2/1/0.png [32m200[0m 150.131 ms - 12371[0m
[0mGET /styles/basic-preview/3/2/3.png [32m200[0m 112.855 ms - 19462[0m
[0mGET /styles/basic-preview/4/4/7.png [32m200[0m 125.538 ms - 24752[0m
[0mGET /styles/basic-preview/4/4/6.png [32m200[0m 137.056 ms - 21821[0m
[0mGET /styles/basic-preview/3/2/2.png [32m200[0m 126.259 ms - 16601[0m
[0mGET /styles/basic-preview/4/4/8.png [32m200[0m 103.320 ms - 17192[0m
[0mGET /styles/basic-preview/4/4/9.png [32m200[0m 84.620 ms - 12386[0m
[0mGET /styles/basic-preview/4/5/7.png [32m200[0m 53.665 ms - 15911[0m
[0mGET /styles/basic-preview/3/2/5.png [32m200[0m 60.464 ms - 8785[0m
[0mGET /styles/basic-preview/4/5/6.png [32m200[0m 58.736 ms - 3342[0m
[0mGET /styles/basic-preview/5/9/14.png [32m200[0m 26.592 ms - 21175[0m
[0mGET /styles/basic-preview/5/9/16.png [32m200[0m 26.625 ms - 20907[0m
[0mGET /styles/basic-preview/3/2/4.png [32m200[0m 163.290 ms - 19619[0m
[0mGET /styles/basic-preview/6/18/31.png [32m200[0m 125.200 ms - 33736[0m
[0mGET /styles/basic-preview/5/9/17.png [32m200[0m 169.996 ms - 15754[0m
[0mGET /styles/basic-preview/6/18/29.png [32m200[0m 146.829 ms - 4848[0m
[0mGET /styles/basic-preview/6/19/31.png [32m200[0m 150.937 ms - 13736[0m
[0mGET /styles/basic-preview/5/9/15.png [32m200[0m 177.435 ms - 24976[0m
[0mGET /styles/basic-preview/6/19/30.png [32m200[0m 20.562 ms - 29412[0m
[0mGET /styles/basic-preview/6/17/31.png [32m200[0m 85.745 ms - 5826[0m
[0mGET /styles/basic-preview/6/18/32.png [32m200[0m 146.733 ms - 17869[0m
[0mGET /styles/basic-preview/6/19/29.png [32m200[0m 152.123 ms - 11390[0m
[0mGET /styles/basic-preview/7/37/61.png [32m200[0m 151.014 ms - 22935[0m
[0mGET /styles/basic-preview/6/18/30.png [32m200[0m 238.658 ms - 28935[0m
[0mGET /styles/basic-preview/7/37/62.png [32m200[0m 157.837 ms - 30402[0m
[0mGET /styles/basic-preview/7/38/62.png [32m200[0m 90.540 ms - 9661[0m
[0mGET /styles/basic-preview/7/38/61.png [32m200[0m 134.596 ms - 20628[0m
[0mGET /styles/basic-preview/7/36/61.png [32m200[0m 99.744 ms - 17101[0m
[0mGET /styles/basic-preview/7/37/63.png [32m200[0m 117.161 ms - 12149[0m
[0mGET /styles/basic-preview/7/37/60.png [32m200[0m 133.207 ms - 30915[0m
[0mGET /styles/basic-preview/7/36/62.png [32m200[0m 121.329 ms - 18963[0m
[0mGET /styles/basic-preview/7/38/63.png [32m200[0m 65.961 ms - 11177[0m
[0mGET /styles/basic-preview/7/38/60.png [32m200[0m 120.218 ms - 19387[0m
[0mGET /styles/basic-preview/7/36/60.png [32m200[0m 125.541 ms - 10240[0m
[0mGET /styles/basic-preview/7/39/62.png [32m200[0m 113.889 ms - 12267[0m
[0mGET /styles/basic-preview/7/39/61.png [32m200[0m 118.207 ms - 14553[0m
[0mGET /styles/basic-preview/7/36/63.png [32m200[0m 132.406 ms - 23860[0m
[0mGET /styles/basic-preview/7/39/63.png [32m200[0m 24.699 ms - 12215[0m
[0mGET /styles/basic-preview/6/17/29.png [32m200[0m 10.903 ms - 15514[0m
[0mGET /styles/basic-preview/7/37/59.png [32m200[0m 96.114 ms - 6679[0m
[0mGET /styles/basic-preview/7/36/59.png [32m200[0m 137.422 ms - 1833[0m
[0mGET /styles/basic-preview/7/38/59.png [32m200[0m 137.205 ms - 11326[0m
[0mGET /styles/basic-preview/6/17/30.png [0m-[0m - ms - -[0m
[0mGET /styles/basic-preview/7/39/60.png [0m-[0m - ms - -[0m
[0mGET /styles/basic-preview/7/39/59.png [0m-[0m - ms - -[0m
[0mGET /styles/basic-preview/6/20/31.png [0m-[0m - ms - -[0m
